Date,daily_vol_gk,sigma_roll_ann,sigma_ewma_ann,IDV_ZScore
2010-01-04,0.0060,,,
2010-01-05,0.0038,,,
2010-01-06,0.0032,,,
2010-01-07,0.0063,,,
2010-01-08,0.0051,,,
2010-01-11,0.0047,,,
2010-01-12,0.0062,,,
2010-01-13,0.0083,,,
2010-01-14,0.0038,,,
2010-01-15,0.0079,8.7789,9.2718,
2010-01-19,0.0048,8.6707,9.1708,
2010-01-20,0.0103,9.3091,9.6004,
2010-01-21,0.0115,9.9914,10.1152,
2010-01-22,0.0092,10.3217,10.3852,
2010-01-25,0.0063,10.3044,10.3658,
2010-01-26,0.0087,10.5210,10.5701,
2010-01-27,0.0101,10.8497,10.9023,
2010-01-28,0.0122,11.3256,11.4131,
2010-01-29,0.0142,11.9127,12.0772,
2010-02-01,0.0050,11.7158,11.8311,
2010-02-02,0.0078,11.7456,11.8616,
2010-02-03,0.0053,11.6930,11.6545,
2010-02-04,0.0111,12.2456,12.0135,
2010-02-05,0.0151,13.1485,12.7317,
2010-02-08,0.0083,13.3025,12.7587,
2010-02-09,0.0111,13.7564,13.0546,
2010-02-10,0.0095,14.1137,13.1722,
2010-02-11,0.0110,14.4764,13.4328,
2010-02-12,0.0098,14.5928,13.5603,
2010-02-16,0.0059,14.7519,13.3076,
2010-02-17,0.0036,14.4240,12.8509,
2010-02-18,0.0054,14.4674,12.5899,
2010-02-19,0.0071,14.2288,12.5138,
2010-02-22,0.0043,13.6854,12.1690,
2010-02-23,0.0076,13.5657,12.1650,
2010-02-24,0.0046,13.4355,11.8748,
2010-02-25,0.0112,13.6302,12.2338,
2010-02-26,0.0062,13.3288,12.0864,
2010-03-01,0.0036,12.6797,11.7084,
2010-03-02,0.0043,11.9363,11.4181,
2010-03-03,0.0057,11.9879,11.2765,
2010-03-04,0.0039,11.6965,10.9732,
2010-03-05,0.0049,11.6641,10.7785,
2010-03-08,0.0027,11.0250,10.3849,
2010-03-09,0.0063,10.3591,10.3618,
2010-03-10,0.0041,10.0422,10.1316,
2010-03-11,0.0061,9.6579,10.1009,
2010-03-12,0.0038,9.2338,9.8615,
2010-03-15,0.0058,8.8368,9.8204,
2010-03-16,0.0039,8.3924,9.6047,
2010-03-17,0.0050,8.3243,9.5035,
2010-03-18,0.0040,8.3562,9.3153,
2010-03-19,0.0076,8.5276,9.4823,
2010-03-22,0.0079,8.5832,9.6628,
2010-03-23,0.0052,8.6512,9.5747,
2010-03-24,0.0033,8.3264,9.3171,
2010-03-25,0.0091,8.6671,9.6270,
2010-03-26,0.0075,8.3852,9.7657,
2010-03-29,0.0032,8.1588,9.4813,
2010-03-30,0.0054,8.2888,9.4232,
2010-03-31,0.0052,8.3522,9.3500,
2010-04-01,0.0053,8.3244,9.2973,
2010-04-05,0.0028,8.2422,9.0093,
2010-04-06,0.0051,8.2574,8.9516,
2010-04-07,0.0067,8.5651,9.0553,
2010-04-08,0.0076,8.6672,9.2406,
2010-04-09,0.0026,8.5552,8.9366,
2010-04-12,0.0025,8.2883,8.6413,
2010-04-13,0.0060,8.4518,8.6954,
2010-04-14,0.0033,8.2678,8.4925,
2010-04-15,0.0031,8.2081,8.2811,
2010-04-16,0.0102,8.5999,8.7532,
2010-04-19,0.0079,8.8964,8.9836,
2010-04-20,0.0037,8.6007,8.7979,
2010-04-21,0.0071,8.5424,8.9460,
2010-04-22,0.0114,9.0138,9.4948,
2010-04-23,0.0052,9.1572,9.4228,
2010-04-26,0.0044,8.7988,9.2747,
2010-04-27,0.0111,9.0723,9.7792,
2010-04-28,0.0070,9.3650,9.8627,
2010-04-29,0.0064,9.4413,9.8779,
2010-04-30,0.0074,9.6117,9.9921,
2010-05-03,0.0067,9.7155,10.0316,
2010-05-04,0.0123,10.4318,10.6022,
2010-05-05,0.0106,10.8525,10.9790,
2010-05-06,0.0614,14.9880,16.1718,
2010-05-07,0.0244,16.2543,17.5256,
2010-05-10,0.0157,17.2395,17.9659,
2010-05-11,0.0139,18.0981,18.2107,
2010-05-12,0.0061,18.1033,17.6971,
2010-05-13,0.0082,18.4674,17.4129,
2010-05-14,0.0153,19.3869,17.8248,
2010-05-17,0.0169,19.8930,18.3620,
2010-05-18,0.0170,20.5756,18.8760,
2010-05-19,0.0148,21.4136,19.1527,
2010-05-20,0.0111,21.7147,19.0588,
2010-05-21,0.0193,22.3090,19.7497,
2010-05-24,0.0093,22.6157,19.4488,
2010-05-25,0.0224,23.9766,20.4139,
2010-05-26,0.0159,24.3372,20.7043,
2010-05-27,0.0095,24.5249,20.3689,
2010-05-28,0.0088,24.7053,19.9811,
2010-06-01,0.0131,25.1384,20.0346,
2010-06-02,0.0094,25.3397,19.7253,
2010-06-03,0.0086,25.0614,19.3636,
2010-06-04,0.0157,25.4425,19.6949,
2010-06-07,0.0111,21.6401,19.5737,
2010-06-08,0.0125,20.7376,19.5862,
2010-06-09,0.0164,20.7941,19.9741,
2010-06-10,0.0101,20.5099,19.7403,
2010-06-11,0.0084,20.6878,19.3591,
2010-06-14,0.0104,20.8596,19.1917,
2010-06-15,0.0078,20.2939,18.7840,
2010-06-16,0.0074,19.5758,18.3589,
2010-06-17,0.0075,18.8632,17.9752,
2010-06-18,0.0044,18.0786,17.3173,
2010-06-21,0.0135,18.2619,17.5645,
2010-06-22,0.0115,17.6753,17.6059,
2010-06-23,0.0091,17.6581,17.4121,
2010-06-24,0.0079,16.5602,17.1160,
2010-06-25,0.0103,16.1329,17.0659,
2010-06-28,0.0071,15.9516,16.7203,
2010-06-29,0.0165,16.5384,17.2907,
2010-06-30,0.0121,16.4578,17.4042,
2010-07-01,0.0155,16.9224,17.8381,
2010-07-02,0.0113,17.1273,17.8478,
2010-07-06,0.0166,17.1951,18.3555,
2010-07-07,0.0111,17.1914,18.3101,
2010-07-08,0.0075,16.8172,17.9268,
2010-07-09,0.0050,15.9570,17.3304,
2010-07-12,0.0067,15.7004,16.9320,
2010-07-13,0.0089,15.7326,16.7598,
2010-07-14,0.0074,15.5006,16.4560,
2010-07-15,0.0117,15.7954,16.5840,
2010-07-16,0.0111,16.0745,16.6425,0.7459
2010-07-19,0.0086,16.1570,16.4657,0.6985
2010-07-20,0.0141,16.8903,16.8224,0.7810
2010-07-21,0.0121,16.7808,16.9613,0.8099
2010-07-22,0.0110,16.7416,16.9895,0.8116
2010-07-23,0.0083,16.6864,16.7631,0.7514
2010-07-26,0.0055,16.5090,16.2824,0.6295
2010-07-27,0.0068,16.2481,15.9535,0.5455
2010-07-28,0.0063,16.1885,15.5996,0.4558
2010-07-29,0.0143,16.0215,16.0269,0.5592
2010-07-30,0.0117,15.9957,16.1837,0.5953
2010-08-02,0.0072,15.3700,15.9024,0.5226
2010-08-03,0.0048,14.8728,15.4018,0.3956
2010-08-04,0.0047,13.9784,14.9293,0.2758
2010-08-05,0.0049,13.5094,14.4985,0.1666
2010-08-06,0.0101,13.7031,14.5880,0.1885
2010-08-09,0.0045,13.6593,14.1367,0.0737
2010-08-10,0.0098,13.8901,14.2208,0.0948
2010-08-11,0.0096,13.9440,14.2792,0.1093
2010-08-12,0.0064,13.8739,14.0359,0.0468
2010-08-13,0.0044,13.3226,13.6144,-0.0615
2010-08-16,0.0086,13.1335,13.6128,-0.0617
2010-08-17,0.0104,13.2708,13.7908,-0.0155
2010-08-18,0.0090,12.8831,13.8195,-0.0081
2010-08-19,0.0105,12.7641,13.9887,0.0360
2010-08-20,0.0074,12.4938,13.8546,0.0009
2010-08-23,0.0089,12.5361,13.8696,0.0048
2010-08-24,0.0088,12.7881,13.8801,0.0075
2010-08-25,0.0126,13.2282,14.2498,0.1050
2010-08-26,0.0093,13.4561,14.2853,0.1140
2010-08-27,0.0146,13.4764,14.8170,0.2547
2010-08-30,0.0064,13.0753,14.5410,0.1804
2010-08-31,0.0095,13.2469,14.5745,0.1888
2010-09-01,0.0110,13.7183,14.7476,0.2345
2010-09-02,0.0033,13.6084,14.1758,0.0802
2010-09-03,0.0041,13.5476,13.7136,-0.0446
2010-09-07,0.0042,13.1009,13.2873,-0.1597
2010-09-08,0.0060,13.2157,13.0588,-0.2212
2010-09-09,0.0056,12.8974,12.8064,-0.2891
2010-09-10,0.0035,12.4350,12.3671,-0.4078
2010-09-13,0.0046,12.2988,12.0669,-0.4883
2010-09-14,0.0074,12.5264,12.0504,-0.4910
2010-09-15,0.0068,12.3919,11.9731,-0.5104
2010-09-16,0.0041,11.9132,11.6464,-0.5982
2010-09-17,0.0057,11.6612,11.4862,-0.6399
2010-09-20,0.0072,11.4114,11.4807,-0.6387
2010-09-21,0.0075,11.4168,11.5038,-0.6297
2010-09-22,0.0074,11.3065,11.5209,-0.6225
2010-09-23,0.0080,11.2454,11.5954,-0.5994
2010-09-24,0.0053,10.6926,11.4056,-0.6497
2010-09-27,0.0034,10.2424,11.0446,-0.7473
2010-09-28,0.0107,9.9495,11.4016,-0.6448
2010-09-29,0.0051,9.8451,11.1989,-0.6987
2010-09-30,0.0127,10.0891,11.7404,-0.5447
2010-10-01,0.0066,9.7530,11.6600,-0.5652
2010-10-04,0.0091,10.1950,11.8304,-0.5154
2010-10-05,0.0081,10.5021,11.8959,-0.4952
2010-10-06,0.0046,10.5324,11.6169,-0.5721
2010-10-07,0.0074,10.6385,11.6223,-0.5685
2010-10-08,0.0064,10.7040,11.5386,-0.5901
2010-10-11,0.0040,10.7483,11.2312,-0.6750
2010-10-12,0.0098,11.1400,11.4927,-0.5982
2010-10-13,0.0070,11.1056,11.4672,-0.6033
2010-10-14,0.0070,11.1245,11.4489,-0.6064
2010-10-15,0.0085,11.4527,11.5670,-0.5705
2010-10-18,0.0051,11.4113,11.3595,-0.6278
2010-10-19,0.0092,11.5675,11.5584,-0.5687
2010-10-20,0.0076,11.5799,11.5925,-0.5569
2010-10-21,0.0109,11.8453,11.9387,-0.4556
2010-10-22,0.0026,11.4366,11.4731,-0.5882
2010-10-25,0.0068,11.5457,11.4282,-0.5991
2010-10-26,0.0056,11.7126,11.2760,-0.6410
2010-10-27,0.0073,11.4514,11.2901,-0.6346
2010-10-28,0.0074,11.6302,11.3194,-0.6239
2010-10-29,0.0034,10.9264,10.9668,-0.7239
2010-11-01,0.0108,11.2474,11.3373,-0.6137
2010-11-02,0.0037,10.8373,11.0103,-0.7066
2010-11-03,0.0085,10.8629,11.1574,-0.6612
2010-11-04,0.0066,11.0138,11.1128,-0.6719
2010-11-05,0.0031,10.6932,10.7444,-0.7769
2010-11-08,0.0041,10.5135,10.4870,-0.8489
2010-11-09,0.0090,10.8883,10.7150,-0.7789
2010-11-10,0.0079,10.7446,10.8264,-0.7433
2010-11-11,0.0064,10.7014,10.7864,-0.7523
2010-11-12,0.0082,10.7903,10.9210,-0.7101
2010-11-15,0.0059,10.5961,10.8261,-0.7354
2010-11-16,0.0098,10.9474,11.1055,-0.6506
2010-11-17,0.0046,10.5991,10.8809,-0.7145
2010-11-18,0.0071,10.5594,10.9056,-0.7047
2010-11-19,0.0059,10.1820,10.8175,-0.7283
2010-11-22,0.0085,10.6270,10.9799,-0.6778
2010-11-23,0.0070,10.6435,10.9853,-0.6739
2010-11-24,0.0045,10.5581,10.7521,-0.7406
2010-11-26,0.0035,10.2748,10.4407,-0.8302
2010-11-29,0.0100,10.4674,10.7636,-0.7314
2010-11-30,0.0078,10.8007,10.8644,-0.6989
2010-12-01,0.0072,10.5280,10.8974,-0.6868
2010-12-02,0.0045,10.5885,10.6730,-0.7513
2010-12-03,0.0044,10.2835,10.4561,-0.8132
2010-12-06,0.0029,10.0099,10.1088,-0.9135
2010-12-07,0.0066,10.2684,10.1264,-0.9046
2010-12-08,0.0052,10.3534,10.0131,-0.9347
2010-12-09,0.0043,9.9965,9.8199,-0.9883
2010-12-10,0.0030,9.6268,9.5191,-1.0734
2010-12-13,0.0035,9.4063,9.2798,-1.1395
2010-12-14,0.0048,9.1481,9.1793,-1.1636
2010-12-15,0.0049,9.0736,9.0951,-1.1827
2010-12-16,0.0053,8.7364,9.0536,-1.1889
2010-12-17,0.0034,8.6411,8.8320,-1.2482
2010-12-20,0.0049,8.4728,8.7676,-1.2604
2010-12-21,0.0025,8.2151,8.4830,-1.3373
2010-12-22,0.0016,7.6917,8.1260,-1.4342
2010-12-23,0.0025,7.3556,7.8792,-1.4972
2010-12-27,0.0036,7.2933,7.7538,-1.5236
2010-12-28,0.0020,7.1832,7.4836,-1.5915
2010-12-29,0.0021,6.5874,7.2332,-1.6523
2010-12-30,0.0026,6.1888,7.0437,-1.6941
2010-12-31,0.0029,5.8618,6.8939,-1.7236
2011-01-03,0.0076,6.0975,7.2067,-1.6204
2011-01-04,0.0062,6.2336,7.3692,-1.5622
2011-01-05,0.0057,6.4398,7.4669,-1.5235
2011-01-06,0.0041,6.2564,7.4119,-1.5289
2011-01-07,0.0083,6.4921,7.7586,-1.4205
2011-01-10,0.0052,6.5607,7.7870,-1.4039
2011-01-11,0.0041,6.6443,7.7135,-1.4163
2011-01-12,0.0036,6.6567,7.5982,-1.4404
2011-01-13,0.0033,6.5433,7.4557,-1.4717
2011-01-14,0.0043,6.4987,7.4187,-1.4763
2011-01-18,0.0031,6.3335,7.2696,-1.5124
2011-01-19,0.0061,6.5399,7.4151,-1.4646
2011-01-20,0.0067,6.6758,7.6071,-1.4035
2011-01-21,0.0050,6.8638,7.6289,-1.3899
2011-01-24,0.0037,7.0231,7.5239,-1.4117
2011-01-25,0.0054,7.2411,7.5879,-1.3860
2011-01-26,0.0036,7.2376,7.4756,-1.4085
2011-01-27,0.0036,7.3565,7.3719,-1.4272
2011-01-28,0.0101,7.9641,7.8938,-1.2742
2011-01-31,0.0036,8.0413,7.7619,-1.3018
2011-02-01,0.0061,8.2860,7.8773,-1.2617
2011-02-02,0.0026,7.9023,7.6476,-1.3158
2011-02-03,0.0072,7.9737,7.8736,-1.2458
2011-02-04,0.0047,7.9010,7.8494,-1.2433
2011-02-07,0.0048,7.9538,7.8381,-1.2373
2011-02-08,0.0039,7.6180,7.7360,-1.2553
2011-02-09,0.0051,7.6127,7.7591,-1.2395
2011-02-10,0.0057,7.7279,7.8325,-1.2105
2011-02-11,0.0061,7.9152,7.9460,-1.1711
2011-02-14,0.0028,7.8744,7.7313,-1.2191
2011-02-15,0.0029,7.7670,7.5423,-1.2599
2011-02-16,0.0029,7.7506,7.3652,-1.2971
2011-02-17,0.0048,7.6510,7.3795,-1.2837
2011-02-18,0.0029,7.3641,7.2121,-1.3181
2011-02-22,0.0090,7.6616,7.6325,-1.1993
2011-02-23,0.0092,8.0740,8.0469,-1.0840
2011-02-24,0.0090,8.3473,8.4238,-0.9795
2011-02-25,0.0040,8.3755,8.2969,-1.0067
2011-02-28,0.0039,8.3972,8.1714,-1.0336
2011-03-01,0.0091,8.3196,8.5474,-0.9312
2011-03-02,0.0061,8.5105,8.6169,-0.9090
2011-03-03,0.0061,8.5082,8.6781,-0.8895
2011-03-04,0.0088,8.9816,8.9968,-0.8043
2011-03-07,0.0113,9.2891,9.5293,-0.6653
2011-03-08,0.0088,9.5967,9.7934,-0.5963
2011-03-09,0.0059,9.6757,9.7649,-0.6031
2011-03-10,0.0063,9.8589,9.7781,-0.5993
2011-03-11,0.0072,10.0184,9.8796,-0.5731
2011-03-14,0.0078,10.1778,10.0267,-0.5353
2011-03-15,0.0148,10.8356,10.8373,-0.3273
2011-03-16,0.0140,11.6825,11.5162,-0.1539
2011-03-17,0.0076,12.0359,11.5454,-0.1488
2011-03-18,0.0069,12.3385,11.5095,-0.1603
2011-03-21,0.0065,12.4694,11.4400,-0.1803
2011-03-22,0.0029,12.4708,11.0307,-0.2882
2011-03-23,0.0086,12.4463,11.1911,-0.2488
2011-03-24,0.0060,12.2060,11.0893,-0.2769
2011-03-25,0.0048,11.8838,10.8776,-0.3333
2011-03-28,0.0045,11.9229,10.6528,-0.3933
2011-03-29,0.0060,12.0796,10.5834,-0.4129
2011-03-30,0.0043,11.7183,10.3595,-0.4726
2011-03-31,0.0024,11.4383,9.9674,-0.5758
2011-04-01,0.0046,11.3234,9.8028,-0.6199
2011-04-04,0.0040,10.9626,9.5994,-0.6740
2011-04-05,0.0043,10.4387,9.4355,-0.7174
2011-04-06,0.0044,10.1068,9.2872,-0.7563
2011-04-07,0.0065,10.1519,9.3458,-0.7416
2011-04-08,0.0079,10.2769,9.5417,-0.6919
2011-04-11,0.0064,10.2165,9.5813,-0.6830
2011-04-12,0.0056,10.0518,9.5388,-0.6958
2011-04-13,0.0065,9.4250,9.5889,-0.6848
2011-04-14,0.0076,8.9440,9.7366,-0.6476
2011-04-15,0.0043,8.6973,9.5617,-0.6945
2011-04-18,0.0093,8.8814,9.8769,-0.6133
2011-04-19,0.0035,8.6543,9.6191,-0.6822
2011-04-20,0.0049,8.8072,9.5118,-0.7104
2011-04-21,0.0015,8.2708,9.0874,-0.8215
2011-04-25,0.0031,8.0530,8.8373,-0.8864
2011-04-26,0.0047,8.0459,8.7519,-0.9071
2011-04-27,0.0061,8.1661,8.8060,-0.8910
2011-04-28,0.0029,7.9362,8.5578,-0.9537
2011-04-29,0.0026,7.8069,8.2924,-1.0201
2011-05-02,0.0059,8.0738,8.3607,-0.9991
2011-05-03,0.0057,8.1629,8.4048,-0.9837
2011-05-04,0.0064,8.3441,8.5136,-0.9513
2011-05-05,0.0090,8.6985,8.8614,-0.8537
2011-05-06,0.0099,9.1133,9.2702,-0.7407
2011-05-09,0.0049,8.9975,9.1839,-0.7568
2011-05-10,0.0041,8.7104,9.0277,-0.7914
2011-05-11,0.0076,8.8011,9.2125,-0.7363
2011-05-12,0.0091,9.0638,9.5231,-0.6480
2011-05-13,0.0075,9.1343,9.6629,-0.6049
2011-05-16,0.0081,9.1734,9.8556,-0.5475
2011-05-17,0.0062,9.3183,9.8561,-0.5412
2011-05-18,0.0058,9.0484,9.8134,-0.5466
2011-05-19,0.0055,9.1973,9.7471,-0.5586
2011-05-20,0.0044,9.1581,9.5827,-0.5977
2011-05-23,0.0079,9.6383,9.7592,-0.5431
2011-05-24,0.0052,9.8000,9.6726,-0.5616
2011-05-25,0.0073,9.9978,9.7861,-0.5240
2011-05-26,0.0072,10.0795,9.8811,-0.4909
2011-05-27,0.0040,10.1607,9.6708,-0.5459
2011-05-31,0.0036,10.2324,9.4290,-0.6112
2011-06-01,0.0087,10.4395,9.6900,-0.5285
2011-06-02,0.0067,10.5092,9.7421,-0.5069
2011-06-03,0.0054,10.4325,9.6741,-0.5217
2011-06-06,0.0051,10.1396,9.5833,-0.5438
2011-06-07,0.0063,9.8661,9.6041,-0.5318
2011-06-08,0.0047,9.8485,9.4756,-0.5670
2011-06-09,0.0068,10.0509,9.5569,-0.5359
2011-06-10,0.0073,10.0252,9.6775,-0.4913
2011-06-13,0.0063,9.8188,9.7003,-0.4779
2011-06-14,0.0082,9.8746,9.8997,-0.4054
2011-06-15,0.0094,9.9708,10.1994,-0.2977
2011-06-16,0.0089,10.1737,10.4349,-0.2101
2011-06-17,0.0067,10.2482,10.4514,-0.1969
2011-06-20,0.0063,10.3102,10.4249,-0.1983
2011-06-21,0.0066,10.4721,10.4238,-0.1907
2011-06-22,0.0051,10.2589,10.2812,-0.2335
2011-06-23,0.0131,10.8515,10.9099,-0.0005
2011-06-24,0.0059,10.7485,10.8194,-0.0244
2011-06-27,0.0078,10.7945,10.9104,0.0172
2011-06-28,0.0045,10.8276,10.6801,-0.0583
2011-06-29,0.0044,10.8936,10.4608,-0.1311
2011-06-30,0.0046,10.5887,10.2757,-0.1920
2011-07-01,0.0083,10.7108,10.4466,-0.1174
2011-07-05,0.0034,10.5573,10.1429,-0.2262
2011-07-06,0.0052,10.5654,10.0341,-0.2607
2011-07-07,0.0062,10.5634,10.0254,-0.2560
2011-07-08,0.0090,10.8885,10.2813,-0.1424
2011-07-11,0.0090,11.0523,10.5205,-0.0334
2011-07-12,0.0069,11.0197,10.5423,-0.0141
2011-07-13,0.0090,11.2189,10.7642,0.0910
2011-07-14,0.0101,11.3624,11.0805,0.2398
2011-07-15,0.0043,10.9758,10.8223,0.1392
2011-07-18,0.0096,11.0310,11.0901,0.2710
2011-07-19,0.0065,11.0096,11.0402,0.2632
2011-07-20,0.0034,10.7871,10.6981,0.1205
2011-07-21,0.0075,10.8582,10.7702,0.1686
2011-07-22,0.0048,10.8372,10.5802,0.0920
2011-07-25,0.0062,10.3189,10.5380,0.0840
2011-07-26,0.0040,10.1727,10.2857,-0.0292
2011-07-27,0.0084,10.2193,10.4674,0.0724
2011-07-28,0.0091,10.5676,10.7025,0.2052
2011-07-29,0.0110,11.0662,11.1101,0.4325
2011-08-01,0.0177,12.0510,12.1269,0.9870
2011-08-02,0.0087,12.0802,12.2236,1.0585
2011-08-03,0.0148,12.9421,12.8991,1.4385
2011-08-04,0.0171,13.8410,13.7576,1.9122
2011-08-05,0.0296,15.6111,15.7558,2.9770
2011-08-08,0.0232,16.6872,17.0238,3.5925
2011-08-09,0.0341,18.5875,19.2529,4.6005
2011-08-10,0.0184,19.4582,19.8478,4.7117
2011-08-11,0.0285,20.9355,21.3727,5.1841
2011-08-12,0.0105,20.9662,21.0912,4.8211
2011-08-15,0.0073,21.1918,20.5165,4.3904
2011-08-16,0.0127,21.4262,20.4981,4.2300
2011-08-17,0.0142,22.0142,20.6245,4.1396
2011-08-18,0.0243,23.6005,21.7061,4.4045
2011-08-19,0.0179,24.3879,22.1099,4.3868
2011-08-22,0.0152,25.1767,22.2334,4.2704
2011-08-23,0.0112,25.5534,21.9666,4.0355
2011-08-24,0.0107,26.0607,21.6679,3.8164
2011-08-25,0.0191,26.8701,22.1865,3.8754
2011-08-26,0.0260,28.1476,23.3280,4.1168
2011-08-29,0.0093,28.0197,22.8169,3.8345
2011-08-30,0.0142,27.7532,22.7956,3.7214
2011-08-31,0.0120,28.0068,22.5717,3.5602
2011-09-01,0.0127,27.8502,22.4290,3.4310
2011-09-02,0.0122,27.4789,22.2479,3.2984
2011-09-06,0.0202,26.7615,22.8327,3.3799
2011-09-07,0.0093,25.7115,22.3531,3.1707
2011-09-08,0.0108,23.9456,22.0374,3.0183
2011-09-09,0.0151,23.7007,22.1566,2.9864
2011-09-12,0.0156,22.7229,22.3110,2.9638
2011-09-13,0.0101,22.6928,21.9353,2.8098
2011-09-14,0.0223,23.8295,22.7422,2.9546
2011-09-15,0.0055,23.2853,21.9045,2.6919
2011-09-16,0.0084,22.8442,21.3908,2.5210
2011-09-19,0.0146,22.1100,21.5014,2.5064
2011-09-20,0.0111,21.5938,21.2671,2.4113
2011-09-21,0.0140,21.5048,21.3288,2.3891
2011-09-22,0.0248,22.5346,22.4139,2.6014
2011-09-23,0.0120,22.6342,22.2138,2.5120
2011-09-26,0.0148,22.3079,22.2886,2.4876
2011-09-27,0.0184,21.7381,22.7061,2.5396
2011-09-28,0.0162,22.2584,22.8879,2.5369
2011-09-29,0.0215,22.8103,23.5576,2.6384
2011-09-30,0.0085,22.5448,22.9534,2.4651
2011-10-03,0.0180,22.9431,23.2897,2.4966
2011-10-04,0.0288,24.1934,24.6324,2.7322
2011-10-05,0.0155,23.8432,24.6330,2.6820
2011-10-06,0.0151,24.2775,24.5925,2.6259
2011-10-07,0.0118,24.3567,24.2421,2.5113
2011-10-10,0.0106,24.0106,23.7930,2.3826
2011-10-11,0.0071,23.3665,23.0377,2.2004
2011-10-12,0.0129,23.5750,22.8810,2.1404
2011-10-13,0.0098,22.6314,22.4424,2.0287
2011-10-14,0.0053,22.6132,21.5997,1.8438
2011-10-17,0.0091,22.6642,21.1685,1.7421
2011-10-18,0.0207,23.1257,21.8739,1.8572
2011-10-19,0.0116,23.1672,21.6696,1.7988
2011-10-20,0.0127,23.0639,21.5770,1.7628
2011-10-21,0.0072,21.7291,20.9653,1.6315
2011-10-24,0.0065,21.3140,20.3292,1.4986
2011-10-25,0.0093,20.8962,19.9905,1.4231
2011-10-26,0.0129,20.4813,20.0232,1.4172
2011-10-27,0.0184,20.6460,20.5735,1.5057
2011-10-28,0.0055,19.4436,19.8671,1.3638
2011-10-31,0.0086,19.4497,19.4920,1.2846
2011-11-01,0.0120,18.9998,19.4691,1.2703
2011-11-02,0.0093,17.5299,19.1890,1.2099
2011-11-03,0.0113,17.2145,19.1186,1.1880
2011-11-04,0.0118,16.9662,19.0962,1.1749
2011-11-07,0.0112,16.9179,19.0148,1.1513
2011-11-08,0.0103,16.8988,18.8552,1.1141
2011-11-09,0.0152,17.5110,19.1676,1.1616
2011-11-10,0.0093,17.2401,18.9018,1.1055
2011-11-11,0.0095,17.2190,18.6753,1.0571
2011-11-14,0.0076,17.3947,18.2800,0.9792
2011-11-15,0.0108,17.5254,18.2127,0.9605
2011-11-16,0.0087,16.6150,17.9484,0.9070
2011-11-17,0.0127,16.6926,18.0773,0.9236
2011-11-18,0.0071,16.2673,17.6643,0.8441
2011-11-21,0.0152,16.8710,18.0481,0.9062
2011-11-22,0.0086,17.0305,17.7879,0.8541
2011-11-23,0.0074,16.8887,17.4231,0.7839
2011-11-25,0.0084,16.5432,17.1745,0.7345
2011-11-28,0.0148,16.2698,17.5512,0.7958
2011-11-29,0.0069,16.3703,17.1528,0.7202
2011-11-30,0.0140,16.7836,17.4613,0.7696
2011-12-01,0.0063,16.3532,17.0179,0.6863
2011-12-02,0.0094,16.3597,16.8932,0.6594
2011-12-05,0.0109,16.3265,16.9187,0.6590
2011-12-06,0.0073,15.9835,16.5961,0.5974
2011-12-07,0.0125,16.0801,16.7864,0.6262
2011-12-08,0.0102,16.0713,16.7494,0.6148
2011-12-09,0.0087,15.5799,16.5691,0.5781
2011-12-12,0.0128,15.8490,16.7981,0.6134
2011-12-13,0.0165,16.3762,17.3622,0.7074
2011-12-14,0.0062,16.2718,16.9141,0.6230
2011-12-15,0.0076,16.0290,16.6228,0.5665
2011-12-16,0.0090,16.0499,16.4802,0.5363
2011-12-19,0.0106,15.8962,16.5037,0.5354
2011-12-20,0.0115,16.2333,16.6098,0.5491
2011-12-21,0.0088,15.7541,16.4531,0.5161
2011-12-22,0.0040,15.4053,15.8491,0.4039
2011-12-23,0.0031,15.0849,15.1969,0.2832
2011-12-27,0.0039,14.7508,14.6608,0.1830
2011-12-28,0.0058,14.0693,14.3297,0.1192
2011-12-29,0.0041,13.8625,13.8640,0.0310
2011-12-30,0.0027,13.0054,13.2899,-0.0769
2012-01-03,0.0112,13.3729,13.5598,-0.0329
2012-01-04,0.0059,13.1076,13.3083,-0.0828
2012-01-05,0.0097,13.0164,13.4340,-0.0645
2012-01-06,0.0045,12.8034,13.0521,-0.1382
2012-01-09,0.0039,12.1548,12.6378,-0.2177
2012-01-10,0.0067,11.8877,12.5133,-0.2444
2012-01-11,0.0046,11.5806,12.2001,-0.3056
2012-01-12,0.0059,11.0539,12.0276,-0.3413
2012-01-13,0.0091,10.4918,12.1697,-0.3195
2012-01-17,0.0068,10.5324,12.0843,-0.3395
2012-01-18,0.0063,10.4333,11.9579,-0.3673
2012-01-19,0.0026,9.9507,11.4871,-0.4587
2012-01-20,0.0033,9.3982,11.1141,-0.5317
2012-01-23,0.0066,9.0306,11.0805,-0.5417
2012-01-24,0.0053,8.7650,10.9208,-0.5753
2012-01-25,0.0096,9.1884,11.1822,-0.5303
2012-01-26,0.0100,9.7037,11.4594,-0.4826
2012-01-27,0.0044,9.7373,11.1898,-0.5374
2012-01-30,0.0083,9.9322,11.3126,-0.5180
2012-01-31,0.0079,10.2169,11.3866,-0.5079
2012-02-01,0.0080,10.6141,11.4616,-0.4975
2012-02-02,0.0040,10.0709,11.1568,-0.5593
2012-02-03,0.0052,10.0168,10.9814,-0.5962
2012-02-06,0.0036,9.5561,10.6660,-0.6597
2012-02-07,0.0069,9.7411,10.6834,-0.6599
2012-02-08,0.0046,9.7930,10.4766,-0.7029
2012-02-09,0.0050,9.6676,10.3238,-0.7356
2012-02-10,0.0061,9.7833,10.2877,-0.7457
2012-02-13,0.0036,9.6116,10.0137,-0.8013
2012-02-14,0.0055,9.3409,9.9355,-0.8194
2012-02-15,0.0072,9.3698,10.0206,-0.8065
2012-02-16,0.0060,9.3512,9.9945,-0.8154
2012-02-17,0.0029,9.3713,9.6668,-0.8823
2012-02-21,0.0050,9.4972,9.5617,-0.9064
2012-02-22,0.0031,9.2310,9.2859,-0.9627
2012-02-23,0.0056,9.2539,9.2627,-0.9692
2012-02-24,0.0026,8.7251,8.9573,-1.0296
2012-02-27,0.0088,8.6348,9.2542,-0.9732
2012-02-28,0.0030,8.5313,8.9866,-1.0268
2012-02-29,0.0067,8.4088,9.0871,-1.0081
2012-03-01,0.0038,8.0967,8.9014,-1.0448
2012-03-02,0.0037,7.7719,8.7163,-1.0811
2012-03-05,0.0049,7.8359,8.6567,-1.0922
2012-03-06,0.0081,8.0568,8.9097,-1.0417
2012-03-07,0.0042,8.1042,8.7784,-1.0658
2012-03-08,0.0057,8.0166,8.7987,-1.0603
2012-03-09,0.0040,7.9707,8.6472,-1.0881
2012-03-12,0.0033,7.8407,8.4403,-1.1260
2012-03-13,0.0060,7.8346,8.5095,-1.1101
2012-03-14,0.0047,7.9200,8.4498,-1.1181
2012-03-15,0.0033,7.7535,8.2557,-1.1508
2012-03-16,0.0021,7.3718,7.9606,-1.2024
2012-03-19,0.0053,7.3130,7.9841,-1.1924
2012-03-20,0.0057,7.5299,8.0502,-1.1744
2012-03-21,0.0034,7.4089,7.8897,-1.2003
2012-03-22,0.0056,7.5951,7.9488,-1.1839
2012-03-23,0.0059,7.6206,8.0380,-1.1622
2012-03-26,0.0047,7.7789,8.0055,-1.1639
2012-03-27,0.0031,7.3534,7.8234,-1.1942
2012-03-28,0.0077,7.7059,8.0857,-1.1403
2012-03-29,0.0069,7.7220,8.2606,-1.1039
2012-03-30,0.0042,7.7527,8.1632,-1.1196
2012-04-02,0.0077,8.0552,8.4036,-1.0719
2012-04-03,0.0068,8.1992,8.5442,-1.0437
2012-04-04,0.0073,8.1346,8.7224,-1.0089
2012-04-05,0.0044,8.1457,8.6164,-1.0279
2012-04-09,0.0070,8.2423,8.7681,-0.9984
2012-04-10,0.0078,8.5314,8.9827,-0.9570
2012-04-11,0.0068,8.7997,9.0937,-0.9354
2012-04-12,0.0052,8.7337,9.0406,-0.9447
2012-04-13,0.0047,8.7290,8.9430,-0.9623
2012-04-16,0.0074,9.0362,9.1065,-0.9305
2012-04-17,0.0071,9.4104,9.2318,-0.9065
2012-04-18,0.0029,9.2292,8.9507,-0.9582
2012-04-19,0.0097,9.5261,9.3330,-0.8858
2012-04-20,0.0053,9.6703,9.2772,-0.8960
2012-04-23,0.0087,9.9088,9.5535,-0.8445
2012-04-24,0.0039,9.7543,9.3518,-0.8832
2012-04-25,0.0052,9.7920,9.2880,-0.8960
2012-04-26,0.0063,10.0279,9.3261,-0.8895
2012-04-27,0.0045,9.7866,9.1943,-0.9153
2012-04-30,0.0040,9.5678,9.0270,-0.9480
2012-05-01,0.0092,9.9474,9.3618,-0.8861
2012-05-02,0.0057,9.7970,9.3408,-0.8914
2012-05-03,0.0055,9.6995,9.3024,-0.8998
2012-05-04,0.0066,9.6518,9.3749,-0.8868
2012-05-07,0.0051,9.7089,9.3018,-0.9007
2012-05-08,0.0109,9.9997,9.7787,-0.8111
2012-05-09,0.0100,10.1688,10.1458,-0.7430
2012-05-10,0.0057,10.0811,10.0764,-0.7572
2012-05-11,0.0085,10.3300,10.2781,-0.7198
2012-05-14,0.0051,10.3592,10.1430,-0.7460
2012-05-15,0.0080,10.4065,10.2941,-0.7179
2012-05-16,0.0086,10.5208,10.4922,-0.6810
2012-05-17,0.0067,10.8087,10.4982,-0.6806
2012-05-18,0.0099,10.8311,10.8158,-0.6214
2012-05-21,0.0057,10.8594,10.7068,-0.6434
2012-05-22,0.0099,10.9457,11.0060,-0.5878
2012-05-23,0.0130,11.6333,11.5835,-0.4798
2012-05-24,0.0073,11.7877,11.5803,-0.4822
2012-05-25,0.0052,11.7048,11.3765,-0.5226
2012-05-29,0.0057,11.7982,11.2393,-0.5504
2012-05-30,0.0070,12.0238,11.2335,-0.5534
2012-05-31,0.0112,12.1732,11.6243,-0.4806
2012-06-01,0.0092,12.4378,11.8009,-0.4489
2012-06-04,0.0088,12.6865,11.9282,-0.4266
2012-06-05,0.0064,12.6720,11.8249,-0.4487
2012-06-06,0.0077,12.8623,11.8446,-0.4471
2012-06-07,0.0087,12.7020,11.9670,-0.4260
2012-06-08,0.0083,12.5712,12.0379,-0.4148
2012-06-11,0.0126,13.0943,12.5142,-0.3256
2012-06-12,0.0065,12.9429,12.3788,-0.3542
2012-06-13,0.0079,13.1573,12.3879,-0.3548
2012-06-14,0.0080,13.1603,12.4079,-0.3529
2012-06-15,0.0039,12.8113,12.0395,-0.4258
2012-06-18,0.0072,12.8490,12.0001,-0.4349
2012-06-19,0.0076,12.6730,12.0059,-0.4353
2012-06-20,0.0078,12.8358,12.0306,-0.4321
2012-06-21,0.0112,12.9376,12.3787,-0.3664
2012-06-22,0.0047,12.3085,12.0811,-0.4254
2012-06-25,0.0094,12.4730,12.2554,-0.3928
2012-06-26,0.0069,12.6084,12.1816,-0.4084
2012-06-27,0.0051,12.5603,11.9356,-0.4575
2012-06-28,0.0097,12.7614,12.1414,-0.4191
2012-06-29,0.0080,12.5239,12.1784,-0.4137
2012-07-02,0.0053,12.2339,11.9563,-0.4585
2012-07-03,0.0045,11.9077,11.6634,-0.5173
2012-07-05,0.0049,11.7886,11.4259,-0.5652
2012-07-06,0.0082,11.8261,11.5167,-0.5490
2012-07-09,0.0042,11.4811,11.2241,-0.6073
2012-07-10,0.0121,11.7727,11.7070,-0.5140
2012-07-11,0.0062,11.2905,11.5956,-0.5369
2012-07-12,0.0079,11.3959,11.6481,-0.5276
2012-07-13,0.0064,11.2868,11.5635,-0.5446
2012-07-16,0.0044,11.0122,11.2870,-0.5994
2012-07-17,0.0095,11.4356,11.5194,-0.5542
2012-07-18,0.0073,11.4470,11.5256,-0.5535
2012-07-19,0.0044,11.2070,11.2575,-0.6068
2012-07-20,0.0039,10.9102,10.9531,-0.6667
2012-07-23,0.0118,10.9528,11.4195,-0.5761
2012-07-24,0.0103,11.3793,11.7168,-0.5189
2012-07-25,0.0066,11.1641,11.6418,-0.5350
2012-07-26,0.0083,11.2689,11.7369,-0.5177
2012-07-27,0.0093,11.5893,11.9213,-0.4826
2012-07-30,0.0053,11.2568,11.7090,-0.5250
2012-07-31,0.0031,10.8826,11.3004,-0.6047
2012-08-01,0.0057,10.9105,11.1662,-0.6300
2012-08-02,0.0096,11.2966,11.4072,-0.5811
2012-08-03,0.0092,11.6217,11.5948,-0.5422
2012-08-06,0.0041,11.3166,11.2909,-0.5981
2012-08-07,0.0056,11.4252,11.1487,-0.6213
2012-08-08,0.0040,10.8115,10.8629,-0.6716
2012-08-09,0.0036,10.6144,10.5537,-0.7262
2012-08-10,0.0050,10.4002,10.3989,-0.7502
2012-08-13,0.0042,10.2333,10.1791,-0.7870
2012-08-14,0.0047,10.2605,10.0199,-0.8118
2012-08-15,0.0029,9.7564,9.6930,-0.8696
2012-08-16,0.0050,9.5822,9.5894,-0.8831
2012-08-17,0.0017,9.3778,9.1799,-0.9575
2012-08-20,0.0030,9.3101,8.9149,-1.0032
2012-08-21,0.0076,8.9913,9.1018,-0.9589
2012-08-22,0.0047,8.5649,9.0010,-0.9722
2012-08-23,0.0042,8.3804,8.8565,-0.9941
2012-08-24,0.0066,8.2511,8.9558,-0.9672
2012-08-27,0.0035,7.8121,8.7538,-1.0022
2012-08-28,0.0040,7.7154,8.6097,-1.0251
2012-08-29,0.0037,7.7591,8.4422,-1.0530
2012-08-30,0.0046,7.6768,8.3759,-1.0601
2012-08-31,0.0065,7.4449,8.4919,-1.0295
2012-09-04,0.0064,7.2356,8.5908,-1.0024
2012-09-05,0.0037,7.2079,8.4322,-1.0296
2012-09-06,0.0067,7.2932,8.5691,-0.9945
2012-09-07,0.0020,7.1377,8.2421,-1.0571
2012-09-10,0.0029,7.0859,8.0248,-1.0967
2012-09-11,0.0038,6.9933,7.9051,-1.1158
2012-09-12,0.0027,6.8797,7.6918,-1.1548
2012-09-13,0.0095,7.2429,8.1394,-1.0526
2012-09-14,0.0065,7.5183,8.2724,-1.0175
2012-09-17,0.0035,7.4014,8.1068,-1.0471
2012-09-18,0.0025,7.4560,7.8549,-1.0957
2012-09-19,0.0035,7.4903,7.7127,-1.1202
2012-09-20,0.0055,7.3298,7.7695,-1.1010
2012-09-21,0.0037,7.2525,7.6512,-1.1220
2012-09-24,0.0040,7.2427,7.5753,-1.1335
2012-09-25,0.0082,7.3644,7.9048,-1.0541
2012-09-26,0.0041,7.4089,7.8220,-1.0685
2012-09-27,0.0057,7.5393,7.8982,-1.0471
2012-09-28,0.0049,7.6347,7.8935,-1.0456
2012-10-01,0.0078,7.8728,8.1602,-0.9797
2012-10-02,0.0061,7.8439,8.2527,-0.9549
2012-10-03,0.0056,7.7862,8.2933,-0.9448
2012-10-04,0.0039,7.7944,8.1628,-0.9769
2012-10-05,0.0068,7.7977,8.3200,-0.9385
2012-10-08,0.0031,7.8859,8.1191,-0.9898
2012-10-09,0.0037,7.9422,7.9801,-1.0261
2012-10-10,0.0044,7.9872,7.9198,-1.0416
2012-10-11,0.0054,8.1918,7.9635,-1.0299
2012-10-12,0.0061,7.9312,8.0663,-1.0014
2012-10-15,0.0049,7.8068,8.0471,-1.0046
2012-10-16,0.0040,7.8444,7.9423,-1.0310
2012-10-17,0.0032,7.9007,7.7713,-1.0783
2012-10-18,0.0053,8.0406,7.8104,-1.0668
2012-10-19,0.0086,8.2762,8.1581,-0.9662
2012-10-22,0.0066,8.5010,8.2998,-0.9229
2012-10-23,0.0094,8.9087,8.6986,-0.8017
2012-10-24,0.0062,8.7528,8.7643,-0.7782
2012-10-25,0.0079,9.0369,8.9879,-0.7064
2012-10-26,0.0069,9.1263,9.1068,-0.6663
2012-10-31,0.0064,9.2372,9.1693,-0.6424
2012-11-01,0.0044,8.9815,9.0372,-0.6797
2012-11-02,0.0088,9.1882,9.3376,-0.5786
2012-11-05,0.0057,9.1947,9.3213,-0.5788
2012-11-06,0.0063,9.3834,9.3668,-0.5586
2012-11-07,0.0136,9.8990,10.1015,-0.3064
2012-11-08,0.0094,10.3693,10.3863,-0.2015
2012-11-09,0.0093,10.7987,10.6523,-0.1006
2012-11-12,0.0039,10.7637,10.3876,-0.1836
2012-11-13,0.0086,11.0000,10.5809,-0.1052
2012-11-14,0.0113,11.3959,11.0256,0.0668
2012-11-15,0.0065,11.5180,10.9825,0.0626
2012-11-16,0.0093,11.9207,11.2091,0.1594
2012-11-19,0.0066,12.1795,11.1682,0.1564
2012-11-20,0.0065,12.2692,11.1164,0.1495
2012-11-21,0.0020,11.7729,10.6404,-0.0250
2012-11-23,0.0044,11.6027,10.4187,-0.1022
2012-11-26,0.0056,11.3172,10.3307,-0.1277
2012-11-27,0.0045,11.1889,10.1368,-0.1980
2012-11-28,0.0116,11.4691,10.6312,0.0177
2012-11-29,0.0046,11.2970,10.4345,-0.0540
2012-11-30,0.0036,11.0867,10.1524,-0.1654
2012-12-03,0.0070,11.2839,10.2098,-0.1303
2012-12-04,0.0046,10.9662,10.0396,-0.1967
2012-12-05,0.0087,11.1887,10.2615,-0.0864
2012-12-06,0.0035,10.9731,9.9790,-0.2068
2012-12-07,0.0044,10.2732,9.7950,-0.2847
2012-12-10,0.0030,9.7917,9.4915,-0.4226
2012-12-11,0.0067,9.5889,9.5557,-0.3851
2012-12-12,0.0058,9.7326,9.5379,-0.3874
2012-12-13,0.0065,9.5783,9.5878,-0.3555
2012-12-14,0.0028,8.9308,9.2762,-0.5121
2012-12-17,0.0043,8.7651,9.1292,-0.5874
2012-12-18,0.0049,8.4362,9.0526,-0.6272
2012-12-19,0.0035,8.1960,8.8384,-0.7461
2012-12-20,0.0041,8.0173,8.7013,-0.8265
2012-12-21,0.0086,8.5164,8.9991,-0.6546
2012-12-24,0.0023,8.3562,8.6740,-0.8537
2012-12-26,0.0057,8.3627,8.6988,-0.8413
2012-12-27,0.0105,8.8174,9.1758,-0.5378
2012-12-28,0.0046,8.2884,9.0613,-0.6074
2012-12-31,0.0098,8.6805,9.4529,-0.3446
2013-01-02,0.0085,9.0478,9.6924,-0.1772
2013-01-03,0.0046,8.8691,9.5522,-0.2640
2013-01-04,0.0031,8.7522,9.2742,-0.4465
2013-01-07,0.0044,8.4269,9.1322,-0.5383
2013-01-08,0.0045,8.5062,9.0174,-0.6128
2013-01-09,0.0033,8.4248,8.7885,-0.7683
2013-01-10,0.0027,8.4056,8.5211,-0.9518
2013-01-11,0.0025,8.0906,8.2467,-1.1406
2013-01-14,0.0030,7.8770,8.0383,-1.2811
2013-01-15,0.0045,7.7267,7.9888,-1.3072
2013-01-16,0.0031,7.7484,7.8004,-1.4325
2013-01-17,0.0049,7.7910,7.7957,-1.4257
2013-01-18,0.0044,7.7478,7.7447,-1.4515
2013-01-22,0.0047,7.8401,7.7252,-1.4532
2013-01-23,0.0028,7.7395,7.5282,-1.5801
2013-01-24,0.0061,7.5466,7.6533,-1.4768
2013-01-25,0.0021,7.5357,7.3952,-1.6453
2013-01-28,0.0030,7.3329,7.2413,-1.7373
2013-01-29,0.0042,6.8610,7.2111,-1.7417
2013-01-30,0.0039,6.8119,7.1526,-1.7649
2013-01-31,0.0031,6.3052,7.0203,-1.8389
2013-02-01,0.0045,6.0023,7.0241,-1.8175
2013-02-04,0.0046,5.9965,7.0368,-1.7907
2013-02-05,0.0063,6.2421,7.2191,-1.6473
2013-02-06,0.0036,6.1891,7.1335,-1.6898
2013-02-07,0.0067,6.3498,7.3412,-1.5311
2013-02-08,0.0023,6.2721,7.1150,-1.6703
2013-02-11,0.0022,6.2291,6.8938,-1.8025
2013-02-12,0.0029,6.2639,6.7609,-1.8717
2013-02-13,0.0041,6.3434,6.7418,-1.8631
2013-02-14,0.0042,6.3193,6.7397,-1.8436
2013-02-15,0.0047,6.4403,6.7788,-1.7975
2013-02-19,0.0025,6.2589,6.6068,-1.8901
2013-02-20,0.0047,6.2847,6.6595,-1.8344
2013-02-21,0.0057,6.3591,6.7989,-1.7248
2013-02-22,0.0030,6.3731,6.6752,-1.7868
2013-02-25,0.0136,6.9461,7.5735,-1.1949
2013-02-26,0.0054,7.1976,7.6370,-1.1465
2013-02-27,0.0088,7.6350,8.0197,-0.8953
2013-02-28,0.0050,7.6946,8.0179,-0.8919
2013-03-01,0.0085,8.0434,8.3505,-0.6753
2013-03-04,0.0053,8.2103,8.3566,-0.6690
2013-03-05,0.0060,8.3258,8.4258,-0.6229
2013-03-06,0.0032,8.2235,8.2255,-0.7500
2013-03-07,0.0016,7.8666,7.8868,-0.9643
2013-03-08,0.0034,7.8446,7.7334,-1.0576
2013-03-11,0.0035,7.6060,7.6044,-1.1347
2013-03-12,0.0036,7.7070,7.4897,-1.2016
2013-03-13,0.0036,7.8171,7.3848,-1.2617
2013-03-14,0.0020,7.7431,7.1292,-1.4162
2013-03-15,0.0034,7.6956,7.0281,-1.4710
2013-03-18,0.0062,7.8451,7.1972,-1.3570
2013-03-19,0.0084,8.1281,7.5654,-1.1218
2013-03-20,0.0044,8.2706,7.5258,-1.1443
2013-03-21,0.0046,8.2609,7.5112,-1.1510
2013-03-22,0.0031,8.0688,7.3575,-1.2434
2013-03-25,0.0082,8.4660,7.7006,-1.0277
2013-03-26,0.0028,7.6455,7.5035,-1.1486
2013-03-27,0.0055,7.6511,7.5783,-1.0995
2013-03-28,0.0033,7.2338,7.4388,-1.1835
2013-04-01,0.0047,7.2092,7.4409,-1.1801
2013-04-02,0.0041,6.8712,7.3822,-1.2128
2013-04-03,0.0073,7.0189,7.6325,-1.0542
2013-04-04,0.0038,6.8553,7.5390,-1.1092
2013-04-05,0.0090,7.2899,7.9394,-0.8591
2013-04-08,0.0053,7.5652,7.9649,-0.8411
2013-04-09,0.0054,7.7218,8.0041,-0.8143
2013-04-10,0.0052,7.8506,8.0212,-0.8015
2013-04-11,0.0045,7.9160,7.9638,-0.8340
2013-04-12,0.0057,8.0720,8.0271,-0.7917
2013-04-15,0.0079,8.5211,8.2987,-0.6220
2013-04-16,0.0055,8.6766,8.3234,-0.6046
2013-04-17,0.0108,9.0208,8.8485,-0.2813
2013-04-18,0.0073,8.9361,9.0109,-0.1812
2013-04-19,0.0052,8.9985,8.9632,-0.2098
2013-04-22,0.0073,9.2063,9.1241,-0.1113
2013-04-23,0.0042,9.2877,8.9762,-0.2014
2013-04-24,0.0032,8.9087,8.7447,-0.3424
2013-04-25,0.0056,9.1219,8.7536,-0.3349
2013-04-26,0.0035,8.9692,8.5609,-0.4513
2013-04-29,0.0046,9.0660,8.4845,-0.4960
2013-04-30,0.0047,9.0627,8.4197,-0.5333
2013-05-01,0.0043,9.0819,8.3264,-0.5881
2013-05-02,0.0040,8.8337,8.2074,-0.6586
2013-05-03,0.0065,9.0331,8.3306,-0.5802
2013-05-06,0.0021,8.5164,8.0325,-0.7587
2013-05-07,0.0025,8.3091,7.7912,-0.9012
2013-05-08,0.0035,8.1667,7.6614,-0.9745
2013-05-09,0.0046,8.1225,7.6433,-0.9796
2013-05-10,0.0034,8.0443,7.5101,-1.0531
2013-05-13,0.0040,7.9144,7.4369,-1.0891
2013-05-14,0.0040,7.6224,7.3760,-1.1173
2013-05-15,0.0052,7.5999,7.4278,-1.0775
2013-05-16,0.0042,7.1054,7.3835,-1.0957
2013-05-17,0.0031,6.7858,7.2311,-1.1781
2013-05-20,0.0039,6.6927,7.1729,-1.2031
2013-05-21,0.0051,6.5219,7.2260,-1.1617
2013-05-22,0.0154,7.3670,8.2568,-0.5378
2013-05-23,0.0086,7.7712,8.5778,-0.3404
2013-05-24,0.0054,7.7590,8.5812,-0.3333
2013-05-28,0.0087,8.1557,8.8988,-0.1359
2013-05-29,0.0064,8.2909,8.9724,-0.0854
2013-05-30,0.0053,8.3408,8.9412,-0.0989
2013-05-31,0.0090,8.6979,9.2667,0.1051
2013-06-03,0.0069,8.9190,9.3698,0.1734
2013-06-04,0.0092,9.1296,9.6886,0.3759
2013-06-05,0.0059,9.4131,9.6662,0.3693
2013-06-06,0.0094,9.9315,9.9802,0.5724
2013-06-07,0.0046,10.0102,9.8182,0.4788
2013-06-10,0.0040,9.9617,9.6095,0.3554
2013-06-11,0.0057,10.1374,9.5797,0.3448
2013-06-12,0.0096,10.5606,9.9156,0.5676
2013-06-13,0.0099,11.0053,10.2663,0.8050
2013-06-14,0.0065,11.1029,10.2676,0.8178
2013-06-17,0.0062,11.2530,10.2421,0.8136
2013-06-18,0.0042,11.3400,10.0277,0.6853
2013-06-19,0.0053,11.4393,9.9269,0.6286
2013-06-20,0.0108,11.8725,10.3606,0.9286
2013-06-21,0.0094,11.4247,10.6390,1.1259
2013-06-24,0.0112,11.6223,11.0662,1.4237
2013-06-25,0.0062,11.6798,10.9928,1.3873
2013-06-26,0.0048,11.3829,10.7915,1.2606
2013-06-27,0.0054,11.3069,10.6559,1.1806
2013-06-28,0.0063,11.3783,10.6135,1.1642
2013-07-01,0.0071,11.2293,10.6509,1.2009
2013-07-02,0.0077,11.2848,10.7410,1.2769
2013-07-03,0.0061,11.0493,10.6807,1.2478
2013-07-05,0.0056,11.0302,10.5748,1.1840
2013-07-08,0.0038,10.6114,10.3065,1.0012
2013-07-09,0.0033,10.5132,10.0011,0.7890
2013-07-10,0.0044,10.5416,9.8174,0.6648
2013-07-11,0.0048,10.4727,9.6883,0.5779
2013-07-12,0.0028,9.9592,9.3706,0.3545
2013-07-15,0.0026,9.4028,9.0529,0.1280
2013-07-16,0.0044,9.2461,8.9296,0.0444
2013-07-17,0.0027,8.9780,8.6466,-0.1611
2013-07-18,0.0040,8.9645,8.5109,-0.2574
2013-07-19,0.0025,8.7594,8.2427,-0.4559
2013-07-22,0.0029,8.1593,8.0213,-0.6205
2013-07-23,0.0028,7.6556,7.8054,-0.7820
2013-07-24,0.0055,7.2233,7.8579,-0.7348
2013-07-25,0.0042,7.0695,7.7832,-0.7878
2013-07-26,0.0064,7.1932,7.9304,-0.6663
2013-07-29,0.0033,7.0383,7.7712,-0.7884
2013-07-30,0.0045,6.9012,7.7292,-0.8179
2013-07-31,0.0056,6.7886,7.7978,-0.7582
2013-08-01,0.0043,6.5313,7.7348,-0.8059
2013-08-02,0.0035,6.3318,7.6035,-0.9101
2013-08-05,0.0023,6.0838,7.3698,-1.1005
2013-08-06,0.0042,6.1102,7.3271,-1.1322
2013-08-07,0.0040,6.1670,7.2720,-1.1761
2013-08-08,0.0047,6.1908,7.2820,-1.1628
2013-08-09,0.0053,6.2285,7.3526,-1.0966
2013-08-12,0.0034,6.2754,7.2340,-1.1934
2013-08-13,0.0058,6.5194,7.3521,-1.0825
2013-08-14,0.0032,6.4282,7.2159,-1.1941
2013-08-15,0.0057,6.6618,7.3300,-1.0852
2013-08-16,0.0042,6.6774,7.2930,-1.1094
2013-08-19,0.0045,6.8282,7.2878,-1.1051
2013-08-20,0.0051,6.9956,7.3347,-1.0552
2013-08-21,0.0069,7.3084,7.5542,-0.8547
2013-08-22,0.0043,7.2197,7.5099,-0.8877
2013-08-23,0.0041,7.2119,7.4463,-0.9369
2013-08-26,0.0050,7.1025,7.4758,-0.9044
2013-08-27,0.0057,7.2835,7.5720,-0.8143
2013-08-28,0.0057,7.3742,7.6563,-0.7351
2013-08-29,0.0065,7.4403,7.8124,-0.5943
2013-08-30,0.0047,7.4738,7.7908,-0.6099
2013-09-03,0.0076,7.7832,8.0460,-0.3846
2013-09-04,0.0063,8.0851,8.1662,-0.2784
2013-09-05,0.0025,7.9582,7.9157,-0.4958
2013-09-06,0.0103,8.4334,8.4241,-0.0495
2013-09-09,0.0036,8.3499,8.2598,-0.1929
2013-09-10,0.0019,8.0885,7.9423,-0.4689
2013-09-11,0.0032,8.0748,7.7711,-0.6168
2013-09-12,0.0026,7.8328,7.5520,-0.8063
2013-09-13,0.0025,7.7802,7.3375,-0.9905
2013-09-16,0.0051,7.7296,7.3806,-0.9509
2013-09-17,0.0020,7.5588,7.1254,-1.1671
2013-09-18,0.0096,7.9428,7.6141,-0.7386
2013-09-19,0.0035,7.8252,7.4931,-0.8407
2013-09-20,0.0050,7.6773,7.5168,-0.8183
2013-09-23,0.0048,7.7166,7.5243,-0.8108
2013-09-24,0.0049,7.7830,7.5434,-0.7930
2013-09-25,0.0036,7.6783,7.4353,-0.8855
2013-09-26,0.0041,7.5588,7.3833,-0.9293
2013-09-27,0.0032,7.3757,7.2482,-1.0423
2013-09-30,0.0047,7.2433,7.2621,-1.0268
2013-10-01,0.0039,7.1838,7.1985,-1.0773
2013-10-02,0.0056,7.0355,7.3023,-0.9844
2013-10-03,0.0077,7.1427,7.6022,-0.7238
2013-10-04,0.0044,7.2816,7.5606,-0.7564
2013-10-07,0.0033,6.7498,7.4201,-0.8727
2013-10-08,0.0050,6.8588,7.4536,-0.8405
2013-10-09,0.0068,7.2342,7.6574,-0.6632
2013-10-10,0.0064,7.4735,7.8048,-0.5358
2013-10-11,0.0044,7.6071,7.7520,-0.5800
2013-10-14,0.0069,7.9395,7.9443,-0.4157
2013-10-15,0.0051,7.9391,7.9505,-0.4103
2013-10-16,0.0043,8.1178,7.8864,-0.4644
2013-10-17,0.0064,7.8750,8.0234,-0.3472
2013-10-18,0.0027,7.8140,7.8011,-0.5366
2013-10-21,0.0029,7.6562,7.6073,-0.7013
2013-10-22,0.0043,7.6166,7.5596,-0.7408
2013-10-23,0.0043,7.5668,7.5138,-0.7769
2013-10-24,0.0030,7.5199,7.3484,-0.9132
2013-10-25,0.0027,7.4076,7.1602,-1.0659
2013-10-28,0.0028,7.3735,6.9954,-1.1966
2013-10-29,0.0018,7.1561,6.7505,-1.3919
2013-10-30,0.0065,7.3500,6.9620,-1.2035
2013-10-31,0.0046,7.2698,6.9789,-1.1796
2013-11-01,0.0051,7.0703,7.0468,-1.1138
2013-11-04,0.0024,6.9237,6.8538,-1.2651
2013-11-05,0.0044,7.0095,6.8639,-1.2462
2013-11-06,0.0032,6.8711,6.7564,-1.3246
2013-11-07,0.0078,6.9406,7.0895,-1.0390
2013-11-08,0.0050,6.8359,7.1391,-0.9907
2013-11-11,0.0021,6.6669,6.9133,-1.1736
2013-11-12,0.0037,6.4281,6.8551,-1.2148
2013-11-13,0.0059,6.4890,7.0034,-1.0829
2013-11-14,0.0035,6.4292,6.9207,-1.1490
2013-11-15,0.0014,6.0542,6.6432,-1.3823
2013-11-18,0.0050,6.2303,6.7255,-1.3087
2013-11-19,0.0041,6.3255,6.7162,-1.3142
2013-11-20,0.0067,6.5106,6.9553,-1.1009
2013-11-21,0.0033,6.4341,6.8493,-1.1900
2013-11-22,0.0030,6.4354,6.7254,-1.2942
2013-11-25,0.0026,6.4338,6.5726,-1.4237
2013-11-26,0.0030,6.4502,6.4637,-1.5120
2013-11-27,0.0017,6.4418,6.2401,-1.7065
2013-11-29,0.0036,6.2252,6.2093,-1.7245
2013-12-02,0.0040,6.1849,6.2206,-1.7021
2013-12-03,0.0045,6.1400,6.2774,-1.6396
2013-12-04,0.0082,6.5762,6.6802,-1.2625
2013-12-05,0.0026,6.4362,6.5242,-1.3983
2013-12-06,0.0039,6.4864,6.5004,-1.4111
2013-12-09,0.0019,6.0468,6.2950,-1.5890
2013-12-10,0.0020,5.8228,6.1100,-1.7438
2013-12-11,0.0056,6.0817,6.2722,-1.5805
2013-12-12,0.0037,6.0759,6.2451,-1.5920
2013-12-13,0.0032,5.8767,6.1790,-1.6389
2013-12-16,0.0049,5.9800,6.2760,-1.5358
2013-12-17,0.0034,6.1242,6.2188,-1.5737
2013-12-18,0.0137,6.7787,7.1513,-0.7120
2013-12-19,0.0037,6.7474,7.0770,-0.7739
2013-12-20,0.0045,6.5778,7.0807,-0.7645
2013-12-23,0.0020,6.4821,6.8467,-0.9718
2013-12-24,0.0010,6.3281,6.5288,-1.2532
2013-12-26,0.0019,6.2702,6.3149,-1.4363
2013-12-27,0.0019,6.1855,6.1147,-1.6043
2013-12-30,0.0014,6.1621,5.8826,-1.7970
2013-12-31,0.0019,6.0309,5.7079,-1.9356
2014-01-02,0.0052,6.1165,5.8572,-1.7854
2014-01-03,0.0035,6.0365,5.8350,-1.7892
2014-01-06,0.0048,5.7834,5.9454,-1.6740
2014-01-07,0.0031,5.8234,5.8840,-1.7125
2014-01-08,0.0033,5.7824,5.8469,-1.7283
2014-01-09,0.0049,6.0092,5.9664,-1.6056
2014-01-10,0.0041,6.1624,5.9942,-1.5656
2014-01-13,0.0078,6.3303,6.3749,-1.2177
2014-01-14,0.0035,6.3196,6.3281,-1.2494
2014-01-15,0.0029,6.2965,6.2280,-1.3271
2014-01-16,0.0029,6.1417,6.1270,-1.4046
2014-01-17,0.0037,6.1687,6.1127,-1.4057
2014-01-21,0.0064,5.6191,6.3590,-1.1825
2014-01-22,0.0023,5.5111,6.1962,-1.3144
2014-01-23,0.0072,5.7149,6.5096,-1.0367
2014-01-24,0.0068,6.0803,6.7703,-0.8069
2014-01-27,0.0085,6.6521,7.1775,-0.4538
2014-01-28,0.0046,6.8614,7.1883,-0.4443
2014-01-29,0.0055,7.1355,7.2811,-0.3643
2014-01-30,0.0062,7.4938,7.4305,-0.2362
2014-01-31,0.0081,7.9627,7.7537,0.0409
2014-02-03,0.0110,8.4059,8.3386,0.5428
2014-02-04,0.0045,8.4818,8.2632,0.4733
2014-02-05,0.0072,8.6611,8.4539,0.6339
2014-02-06,0.0044,8.7603,8.3668,0.5543
2014-02-07,0.0047,8.8680,8.3165,0.5073
2014-02-10,0.0029,8.7166,8.0971,0.3142
2014-02-11,0.0061,8.8737,8.1950,0.3947
2014-02-12,0.0041,8.5958,8.0935,0.3026
2014-02-13,0.0064,8.8109,8.2146,0.4030
2014-02-14,0.0051,8.9779,8.2118,0.3960
2014-02-18,0.0030,8.9857,8.0015,0.2093
2014-02-19,0.0071,9.2423,8.1981,0.3756
2014-02-20,0.0060,9.2128,8.2822,0.4439
2014-02-21,0.0037,9.3191,8.1378,0.3136
2014-02-24,0.0076,9.3464,8.3692,0.5107
2014-02-25,0.0048,9.1920,8.3238,0.4682
2014-02-26,0.0046,8.8932,8.2612,0.4111
2014-02-27,0.0040,8.8483,8.1505,0.3138
2014-02-28,0.0076,9.0046,8.3825,0.5152
2014-03-03,0.0079,9.1401,8.6365,0.7359
2014-03-04,0.0061,8.9905,8.6989,0.7886
2014-03-05,0.0020,8.3115,8.3716,0.5031
2014-03-06,0.0028,8.1833,8.1326,0.2947
2014-03-07,0.0049,8.0088,8.1112,0.2752
2014-03-10,0.0041,7.9840,8.0135,0.1889
2014-03-11,0.0060,8.0801,8.1055,0.2675
2014-03-12,0.0053,8.2570,8.1216,0.2793
2014-03-13,0.0098,8.5327,8.5654,0.6624
2014-03-14,0.0047,8.5819,8.5037,0.6037
2014-03-17,0.0051,8.4888,8.4828,0.5806
2014-03-18,0.0034,8.3605,8.3023,0.4193
2014-03-19,0.0082,8.7550,8.5837,0.6610
2014-03-20,0.0060,8.6679,8.6356,0.7018
2014-03-21,0.0073,8.7602,8.8097,0.8480
2014-03-24,0.0083,9.1085,9.0726,1.0689
2014-03-25,0.0057,8.9666,9.0690,1.0587
2014-03-26,0.0074,9.1644,9.2308,1.1898
2014-03-27,0.0050,9.1983,9.1566,1.1176
2014-03-28,0.0058,9.3290,9.1568,1.1094
2014-03-31,0.0042,9.0733,9.0062,0.9729
2014-04-01,0.0023,8.6475,8.6863,0.6931
2014-04-02,0.0032,8.4298,8.4714,0.5056
2014-04-03,0.0041,8.5840,8.3520,0.4002
2014-04-04,0.0097,9.1091,8.7760,0.7604
2014-04-07,0.0058,9.1803,8.8056,0.7819
2014-04-08,0.0063,9.3495,8.8795,0.8410
2014-04-09,0.0039,9.1918,8.7208,0.7023
2014-04-10,0.0090,9.4699,9.0503,0.9782
2014-04-11,0.0062,9.1993,9.0975,1.0128
2014-04-14,0.0057,9.2736,9.0975,1.0082
2014-04-15,0.0100,9.6395,9.5021,1.3433
2014-04-16,0.0030,9.6030,9.2143,1.0972
2014-04-17,0.0048,9.3462,9.1175,1.0147
2014-04-21,0.0026,9.0928,8.8181,0.7624
2014-04-22,0.0040,8.8472,8.6718,0.6411
2014-04-23,0.0018,8.3532,8.3205,0.3464
2014-04-24,0.0051,8.3085,8.3057,0.3356
2014-04-25,0.0049,8.1174,8.2726,0.3093
2014-04-28,0.0099,8.4857,8.7198,0.6883
2014-04-29,0.0027,8.2556,8.4564,0.4648
2014-04-30,0.0041,8.2512,8.3422,0.3682
2014-05-01,0.0040,8.3751,8.2183,0.2634
2014-05-02,0.0046,8.4807,8.1645,0.2179
2014-05-05,0.0069,8.6899,8.3271,0.3560
2014-05-06,0.0029,8.1727,8.1010,0.1637
2014-05-07,0.0064,8.2187,8.2289,0.2709
2014-05-08,0.0071,8.2798,8.4145,0.4257
2014-05-09,0.0042,8.3026,8.3124,0.3368
2014-05-12,0.0033,7.8773,8.1306,0.1804
2014-05-13,0.0023,7.5800,7.8583,-0.0521
2014-05-14,0.0032,7.3866,7.6889,-0.1970
2014-05-15,0.0079,7.2269,7.9768,0.0457
2014-05-16,0.0046,7.3490,7.9344,0.0078
2014-05-19,0.0043,7.3110,7.8666,-0.0521
2014-05-20,0.0049,7.4841,7.8602,-0.0598
2014-05-21,0.0032,7.4217,7.6929,-0.2040
2014-05-22,0.0038,7.5778,7.5970,-0.2834
2014-05-23,0.0018,7.3281,7.3109,-0.5229
2014-05-27,0.0020,7.1117,7.0648,-0.7270
2014-05-28,0.0026,6.5570,6.8856,-0.8727
2014-05-29,0.0022,6.5173,6.6823,-1.0376
2014-05-30,0.0025,6.3951,6.5205,-1.1657
2014-06-02,0.0036,6.3704,6.4748,-1.1950
2014-06-03,0.0023,6.1940,6.3034,-1.3299
2014-06-04,0.0033,5.9288,6.2435,-1.3705
2014-06-05,0.0057,6.1438,6.4133,-1.2173
2014-06-06,0.0012,5.7486,6.1445,-1.4370
2014-06-09,0.0030,5.4325,6.0569,-1.5010
2014-06-10,0.0023,5.2832,5.9081,-1.6149
2014-06-11,0.0029,5.2501,5.8288,-1.6684
2014-06-12,0.0048,5.4430,5.9378,-1.5646
2014-06-13,0.0031,5.4350,5.8735,-1.6112
2014-06-16,0.0036,5.1139,5.8658,-1.6096
2014-06-17,0.0034,5.0215,5.8336,-1.6289
2014-06-18,0.0049,5.0694,5.9521,-1.5175
2014-06-19,0.0027,4.9023,5.8501,-1.5961
2014-06-20,0.0015,4.7762,5.6445,-1.7672
2014-06-23,0.0017,4.6180,5.4721,-1.9123
2014-06-24,0.0061,4.9416,5.7213,-1.6956
2014-06-25,0.0036,5.0576,5.7168,-1.7023
2014-06-26,0.0054,5.2746,5.8919,-1.5450
2014-06-27,0.0031,5.3389,5.8292,-1.6023
2014-06-30,0.0022,5.3126,5.6855,-1.7346
2014-07-01,0.0047,5.3933,5.7915,-1.6367
2014-07-02,0.0014,5.3253,5.5754,-1.8436
2014-07-03,0.0017,5.2039,5.4063,-2.0067
2014-07-07,0.0026,4.9702,5.3318,-2.0783
2014-07-08,0.0046,5.2245,5.4484,-1.9611
2014-07-09,0.0021,5.1637,5.3258,-2.0721
2014-07-10,0.0061,5.4536,5.5863,-1.8068
2014-07-11,0.0032,5.4774,5.5562,-1.8269
2014-07-14,0.0028,5.3217,5.4854,-1.8835
2014-07-15,0.0060,5.5450,5.7295,-1.6274
2014-07-16,0.0025,5.4571,5.6198,-1.7220
2014-07-17,0.0065,5.6932,5.8999,-1.4310
2014-07-18,0.0044,5.6530,5.9637,-1.3561
2014-07-21,0.0039,5.7428,5.9741,-1.3342
2014-07-22,0.0029,5.8434,5.8879,-1.4072
2014-07-23,0.0024,5.8897,5.7593,-1.5201
2014-07-24,0.0020,5.5819,5.6034,-1.6568
2014-07-25,0.0031,5.5460,5.5607,-1.6811
2014-07-28,0.0051,5.5192,5.7114,-1.5197
2014-07-29,0.0043,5.6120,5.7765,-1.4434
2014-07-30,0.0058,5.8892,5.9852,-1.2313
2014-07-31,0.0060,5.9854,6.1944,-1.0215
2014-08-01,0.0076,6.4520,6.5420,-0.6814
2014-08-04,0.0069,6.8410,6.8050,-0.4248
2014-08-05,0.0065,7.1308,7.0118,-0.2242
2014-08-06,0.0060,7.2370,7.1614,-0.0794
2014-08-07,0.0077,7.6606,7.4698,0.2170
2014-08-08,0.0052,7.5916,7.5146,0.2593
2014-08-11,0.0040,7.6540,7.4476,0.1943
2014-08-12,0.0041,7.7559,7.3916,0.1398
2014-08-13,0.0030,7.5287,7.2351,-0.0105
2014-08-14,0.0014,7.4473,6.9325,-0.3009
2014-08-15,0.0081,7.5676,7.2854,0.0391
2014-08-18,0.0025,7.4234,7.0843,-0.1537
2014-08-19,0.0021,7.2933,6.8636,-0.3646
2014-08-20,0.0034,7.3334,6.7746,-0.4480
2014-08-21,0.0022,7.3232,6.5799,-0.6312
2014-08-22,0.0028,7.3868,6.4549,-0.7467
2014-08-25,0.0031,7.3852,6.3591,-0.8336
2014-08-26,0.0022,7.1697,6.1904,-0.9887
2014-08-27,0.0021,7.0046,6.0187,-1.1446
2014-08-28,0.0028,6.7785,5.9280,-1.2215
2014-08-29,0.0027,6.5303,5.8279,-1.3058
2014-09-02,0.0039,6.2576,5.8539,-1.2704
2014-09-03,0.0038,6.0269,5.8675,-1.2470
2014-09-04,0.0065,6.0271,6.1309,-0.9899
2014-09-05,0.0055,5.9867,6.2823,-0.8402
2014-09-08,0.0037,5.6803,6.2574,-0.8567
2014-09-09,0.0044,5.6202,6.2993,-0.8104
2014-09-10,0.0043,5.6402,6.3304,-0.7748
2014-09-11,0.0039,5.6252,6.3226,-0.7763
2014-09-12,0.0047,5.7530,6.3912,-0.7065
2014-09-15,0.0030,5.8788,6.2977,-0.7902
2014-09-16,0.0063,5.7448,6.5199,-0.5766
2014-09-17,0.0061,6.0203,6.7119,-0.3935
2014-09-18,0.0020,6.0106,6.5013,-0.5881
2014-09-19,0.0044,6.0865,6.5295,-0.5576
2014-09-22,0.0044,6.2540,6.5608,-0.5244
2014-09-23,0.0032,6.2837,6.4742,-0.6019
2014-09-24,0.0059,6.4980,6.6473,-0.4352
2014-09-25,0.0053,6.7321,6.7563,-0.3298
2014-09-26,0.0050,6.9484,6.8231,-0.2647
2014-09-29,0.0062,7.2001,7.0013,-0.0957
2014-09-30,0.0055,7.4123,7.1041,0.0019
2014-10-01,0.0071,7.6541,7.3583,0.2410
2014-10-02,0.0096,8.0891,7.8298,0.6831
2014-10-03,0.0055,8.0139,7.8806,0.7295
2014-10-06,0.0068,8.1141,8.0534,0.8893
2014-10-07,0.0049,8.2044,8.0360,0.8695
2014-10-08,0.0125,8.8160,8.7417,1.5208
2014-10-09,0.0073,9.0447,8.9144,1.6691
2014-10-10,0.0095,9.4647,9.2808,1.9903
2014-10-13,0.0099,9.8561,9.6651,2.3146
2014-10-14,0.0101,10.3891,10.0467,2.6221
2014-10-15,0.0201,11.4333,11.3597,3.6942
2014-10-16,0.0155,12.1387,12.1501,4.2188
2014-10-17,0.0102,12.7562,12.3912,4.2506
2014-10-20,0.0060,12.8756,12.2165,3.9647
2014-10-21,0.0064,13.0261,12.0962,3.7463
2014-10-22,0.0068,13.2979,12.0200,3.5792
2014-10-23,0.0093,13.5534,12.1823,3.5909
2014-10-24,0.0055,13.5658,11.9747,3.3484
2014-10-27,0.0048,13.5518,11.7109,3.0868
2014-10-28,0.0036,13.3554,11.3483,2.7775
2014-10-29,0.0080,13.5435,11.4274,2.7762
2014-10-30,0.0074,13.5614,11.4446,2.7344
2014-10-31,0.0029,13.0582,11.0369,2.4226
2014-11-03,0.0038,12.9302,10.7341,2.1918
2014-11-04,0.0051,12.8068,10.5800,2.0641
2014-11-05,0.0021,12.5925,10.1411,1.7604
2014-11-06,0.0049,12.0235,10.0036,1.6549
2014-11-07,0.0032,11.7120,9.7080,1.4527
2014-11-10,0.0023,11.1682,9.3416,1.2096
2014-11-11,0.0020,10.5749,8.9747,0.9691
2014-11-12,0.0029,10.0314,8.7130,0.7973
2014-11-13,0.0055,8.9237,8.7103,0.7904
2014-11-14,0.0024,7.9395,8.4196,0.6019
2014-11-17,0.0028,7.3843,8.1849,0.4492
2014-11-18,0.0039,7.2312,8.0696,0.3728
2014-11-19,0.0040,7.0472,7.9664,0.3043
2014-11-20,0.0041,6.8426,7.8801,0.2472
2014-11-21,0.0047,6.4965,7.8548,0.2286
2014-11-24,0.0012,6.1686,7.4937,-0.0025
2014-11-25,0.0031,6.0416,7.3387,-0.1029
2014-11-26,0.0016,5.8911,7.0488,-0.2888
2014-11-28,0.0029,5.5104,6.9062,-0.3816
2014-12-01,0.0041,5.2657,6.8864,-0.3963
2014-12-02,0.0034,5.3020,6.7978,-0.4546
2014-12-03,0.0026,5.2101,6.6336,-0.5606
2014-12-04,0.0051,5.2066,6.7212,-0.5049
2014-12-05,0.0028,5.2664,6.5891,-0.5894
2014-12-08,0.0059,5.3409,6.7586,-0.4820
2014-12-09,0.0091,5.7851,7.2174,-0.1916
2014-12-10,0.0067,6.1178,7.4196,-0.0657
2014-12-11,0.0093,6.6664,7.8593,0.2120
2014-12-12,0.0059,6.8961,7.9539,0.2687
2014-12-15,0.0120,7.3869,8.6151,0.6872
2014-12-16,0.0151,8.3436,9.5356,1.2676
2014-12-17,0.0091,8.8185,9.8324,1.4448
2014-12-18,0.0070,9.0482,9.9076,1.4796
2014-12-19,0.0050,9.1213,9.7863,1.3904
2014-12-22,0.0017,8.9357,9.3569,1.1098
2014-12-23,0.0024,8.7584,9.0196,0.8899
2014-12-24,0.0019,8.8138,8.6584,0.6563
2014-12-26,0.0025,8.7699,8.3783,0.4745
2014-12-29,0.0025,8.8388,8.1128,0.3020
2014-12-30,0.0018,8.7547,7.8004,0.0994
2014-12-31,0.0064,8.9224,7.9382,0.1819
2015-01-02,0.0090,9.3478,8.3225,0.4215
2015-01-05,0.0077,9.7368,8.5570,0.5656
2015-01-06,0.0118,10.2468,9.1717,0.9514
2015-01-07,0.0056,10.4574,9.1579,0.9351
2015-01-08,0.0065,10.4985,9.2252,0.9705
2015-01-09,0.0070,10.3424,9.3393,1.0355
2015-01-12,0.0075,10.4059,9.4942,1.1260
2015-01-13,0.0167,10.9685,10.5182,1.7642
2015-01-14,0.0103,11.3010,10.8723,1.9668
2015-01-15,0.0083,11.0214,11.0061,2.0268
2015-01-16,0.0077,10.4628,11.0792,2.0477
2015-01-20,0.0086,10.4198,11.2293,2.1147
2015-01-21,0.0084,10.5271,11.3559,2.1643
2015-01-22,0.0099,10.9006,11.6182,2.2934
2015-01-23,0.0026,10.9743,11.1718,1.9953
2015-01-26,0.0054,11.2030,11.0138,1.8773
2015-01-27,0.0080,11.6614,11.1105,1.9130
2015-01-28,0.0109,12.2965,11.4835,2.1086
2015-01-29,0.0111,12.9445,11.8481,2.2912
2015-01-30,0.0074,13.3627,11.8386,2.2525
2015-02-02,0.0123,13.8122,12.3004,2.4805
2015-02-03,0.0047,13.4857,12.0116,2.2817
2015-02-04,0.0058,13.3428,11.8447,2.1581
2015-02-05,0.0038,12.7360,11.4976,1.9406
2015-02-06,0.0074,12.8707,11.5140,1.9285
2015-02-09,0.0045,12.7203,11.2505,1.7643
2015-02-10,0.0050,12.5659,11.0485,1.6372
2015-02-11,0.0053,12.3990,10.8906,1.5371
2015-02-12,0.0030,11.3637,10.5263,1.3277
2015-02-13,0.0025,10.7708,10.1328,1.1061
2015-02-17,0.0037,10.4271,9.8780,0.9620
2015-02-18,0.0027,10.0507,9.5445,0.7765
2015-02-19,0.0038,9.6903,9.3326,0.6585
2015-02-20,0.0076,9.6308,9.4980,0.7448
2015-02-23,0.0024,9.0607,9.1535,0.5557
2015-02-24,0.0036,9.1323,8.9451,0.4415
2015-02-25,0.0032,8.9688,8.7147,0.3159
2015-02-26,0.0033,8.6150,8.5036,0.2012
2015-02-27,0.0024,7.9680,8.2178,0.0464
2015-03-02,0.0025,7.3201,7.9620,-0.0910
2015-03-03,0.0054,7.1704,7.9970,-0.0707
2015-03-04,0.0035,6.5068,7.8532,-0.1467
2015-03-05,0.0029,6.3733,7.6630,-0.2481
2015-03-06,0.0072,6.4801,7.8916,-0.1239
2015-03-09,0.0032,6.4319,7.7210,-0.2154
2015-03-10,0.0052,6.2671,7.7563,-0.1957
2015-03-11,0.0033,6.1796,7.6079,-0.2749
2015-03-12,0.0044,6.1368,7.5706,-0.2938
2015-03-13,0.0073,6.2893,7.8135,-0.1609
2015-03-16,0.0044,6.3899,7.7606,-0.1878
2015-03-17,0.0049,6.5746,7.7658,-0.1835
2015-03-18,0.0133,7.2987,8.5653,0.2483
2015-03-19,0.0034,7.3535,8.3796,0.1483
2015-03-20,0.0059,7.5164,8.4428,0.1829
2015-03-23,0.0033,7.1929,8.2541,0.0821
2015-03-24,0.0040,7.3157,8.1389,0.0218
2015-03-25,0.0078,7.6361,8.3951,0.1620
2015-03-26,0.0074,7.9491,8.5920,0.2702
2015-03-27,0.0030,7.9284,8.3622,0.1475
2015-03-30,0.0053,8.1484,8.3621,0.1492
2015-03-31,0.0032,8.2012,8.1642,0.0436
2015-04-01,0.0062,8.2604,8.2617,0.0975
2015-04-02,0.0046,8.3443,8.2077,0.0687
2015-04-06,0.0093,8.8217,8.5978,0.2800
2015-04-07,0.0045,8.6124,8.5066,0.2311
2015-04-08,0.0043,8.6974,8.4061,0.1775
2015-04-09,0.0057,8.7358,8.4487,0.2016
2015-04-10,0.0021,8.6397,8.1377,0.0338
2015-04-13,0.0043,8.6322,8.0593,-0.0066
2015-04-14,0.0051,8.4640,8.0608,-0.0036
2015-04-15,0.0040,8.4326,7.9536,-0.0595
2015-04-16,0.0038,8.3445,7.8361,-0.1200
2015-04-17,0.0080,7.9463,8.1297,0.0424
2015-04-20,0.0046,8.0357,8.0827,0.0191
2015-04-21,0.0049,7.9543,8.0612,0.0090
2015-04-22,0.0057,8.1324,8.1198,0.0422
2015-04-23,0.0055,8.2496,8.1604,0.0647
2015-04-24,0.0023,7.8327,7.8899,-0.0821
2015-04-27,0.0055,7.6940,7.9425,-0.0527
2015-04-28,0.0068,7.9849,8.1182,0.0446
2015-04-29,0.0052,7.9795,8.1259,0.0495
2015-04-30,0.0073,8.2936,8.3379,0.1654
2015-05-01,0.0034,8.0878,8.1657,0.0714
2015-05-04,0.0034,7.9910,7.9954,-0.0213
2015-05-05,0.0058,7.7326,8.0727,0.0215
2015-05-06,0.0098,8.1368,8.5223,0.2662
2015-05-07,0.0056,8.2335,8.5428,0.2767
2015-05-08,0.0048,8.1653,8.4912,0.2484
2015-05-11,0.0032,8.2513,8.2860,0.1363
2015-05-12,0.0065,8.4161,8.4063,0.2014
2015-05-13,0.0047,8.3899,8.3539,0.1717
2015-05-14,0.0035,8.3587,8.1899,0.0810
2015-05-15,0.0024,8.2511,7.9226,-0.0649
2015-05-18,0.0032,7.8838,7.7483,-0.1597
2015-05-19,0.0028,7.7449,7.5492,-0.2678
2015-05-20,0.0040,7.6787,7.4762,-0.3067
2015-05-21,0.0034,7.5080,7.3548,-0.3723
2015-05-22,0.0016,7.2089,7.0645,-0.5294
2015-05-26,0.0062,7.5015,7.2285,-0.4397
2015-05-27,0.0045,7.4271,7.2269,-0.4409
2015-05-28,0.0031,7.1447,7.0897,-0.5164
2015-05-29,0.0036,7.0207,7.0029,-0.5647
2015-06-01,0.0055,6.8805,7.1056,-0.5104
2015-06-02,0.0062,7.0875,7.2682,-0.4237
2015-06-03,0.0040,7.1352,7.2120,-0.4570
2015-06-04,0.0045,7.0305,7.2043,-0.4640
2015-06-05,0.0051,6.6772,7.2608,-0.4354
2015-06-08,0.0027,6.4559,7.0781,-0.5387
2015-06-09,0.0046,6.4358,7.0891,-0.5359
2015-06-10,0.0059,6.6370,7.2215,-0.4669
2015-06-11,0.0028,6.3614,7.0585,-0.5610
2015-06-12,0.0037,6.2843,6.9898,-0.6027
2015-06-15,0.0061,6.4750,7.1479,-0.5190
2015-06-16,0.0037,6.5800,7.0755,-0.5633
2015-06-17,0.0060,6.7929,7.2202,-0.4870
2015-06-18,0.0061,7.0406,7.3649,-0.4101
2015-06-19,0.0025,6.9246,7.1568,-0.5312
2015-06-22,0.0049,7.0376,7.1969,-0.5138
2015-06-23,0.0027,7.1213,7.0216,-0.6185
2015-06-24,0.0033,6.9039,6.9142,-0.6839
2015-06-25,0.0042,6.8795,6.9008,-0.6961
2015-06-26,0.0045,6.9876,6.9194,-0.6894
2015-06-29,0.0073,7.2741,7.2038,-0.5317
2015-06-30,0.0061,7.3219,7.3546,-0.4507
2015-07-01,0.0044,7.1853,7.3302,-0.4697
2015-07-02,0.0048,7.2439,7.3440,-0.4677
2015-07-06,0.0067,7.4154,7.5445,-0.3583
2015-07-07,0.0131,8.0208,8.3434,0.0998
2015-07-08,0.0064,8.3040,8.4526,0.1574
2015-07-09,0.0084,8.5936,8.7460,0.3236
2015-07-10,0.0066,8.6515,8.8519,0.3803
2015-07-13,0.0039,8.7285,8.6881,0.2770
2015-07-14,0.0037,8.7303,8.5239,0.1728
2015-07-15,0.0039,8.5651,8.3819,0.0817
2015-07-16,0.0023,8.4544,8.0959,-0.0969
2015-07-17,0.0030,8.2298,7.8964,-0.2233
2015-07-20,0.0030,7.9990,7.7098,-0.3422
2015-07-21,0.0036,8.0868,7.5915,-0.4197
2015-07-22,0.0026,7.9095,7.3821,-0.5535
2015-07-23,0.0050,8.0832,7.4146,-0.5399
2015-07-24,0.0071,8.3713,7.6466,-0.4039
2015-07-27,0.0039,8.3463,7.5577,-0.4664
2015-07-28,0.0060,8.4560,7.6752,-0.4000
2015-07-29,0.0037,8.1841,7.5716,-0.4715
2015-07-30,0.0052,8.1134,7.6114,-0.4523
2015-07-31,0.0034,8.0381,7.4767,-0.5424
2015-08-03,0.0059,8.1242,7.5902,-0.4740
2015-08-04,0.0045,7.9565,7.5646,-0.4929
2015-08-05,0.0057,7.3930,7.6522,-0.4393
2015-08-06,0.0079,7.5060,7.9453,-0.2548
2015-08-07,0.0048,7.2318,7.9236,-0.2700
2015-08-10,0.0045,7.0717,7.8773,-0.3005
2015-08-11,0.0069,7.3038,8.0643,-0.1829
2015-08-12,0.0125,7.9682,8.7747,0.2673
2015-08-13,0.0049,8.0457,8.7153,0.2258
2015-08-14,0.0031,8.1109,8.4914,0.0788
2015-08-17,0.0070,8.4142,8.6504,0.1773
2015-08-18,0.0028,8.3951,8.3944,0.0100
2015-08-19,0.0073,8.6712,8.5830,0.1268
2015-08-20,0.0067,8.9827,8.7066,0.2018
2015-08-21,0.0106,9.4098,9.1977,0.5128
2015-08-24,0.0278,10.9770,11.2974,1.8495
2015-08-25,0.0283,12.8211,13.3131,3.0798
2015-08-26,0.0138,13.4148,13.8333,3.3277
2015-08-27,0.0091,13.8164,13.8663,3.2722
2015-08-28,0.0065,13.9125,13.6494,3.0767
2015-08-31,0.0059,14.0993,13.3878,2.8683
2015-09-01,0.0166,14.9066,14.1638,3.2570
2015-09-02,0.0057,14.9949,13.8551,3.0169
2015-09-03,0.0109,15.3912,14.0646,3.0733
2015-09-04,0.0103,15.5751,14.2047,3.0863
2015-09-08,0.0080,15.8203,14.1164,2.9765
2015-09-09,0.0157,16.6675,14.7659,3.2576
2015-09-10,0.0096,16.8692,14.7937,3.1984
2015-09-11,0.0073,16.4744,14.6029,3.0325
2015-09-14,0.0043,16.4285,14.1360,2.7382
2015-09-15,0.0074,16.7512,13.9934,2.6209
2015-09-16,0.0042,16.5416,13.5583,2.3633
2015-09-17,0.0119,17.2352,13.8818,2.4886
2015-09-18,0.0083,17.3159,13.8428,2.4324
2015-09-21,0.0083,17.4399,13.8070,2.3799
2015-09-22,0.0101,17.3970,13.9381,2.4091
2015-09-23,0.0060,15.7466,13.6738,2.2493
2015-09-24,0.0104,14.3916,13.8397,2.2981
2015-09-25,0.0114,14.2038,14.0916,2.3846
2015-09-28,0.0103,14.2942,14.2230,2.4110
2015-09-29,0.0103,14.5856,14.3519,2.4342
2015-09-30,0.0062,14.6122,14.0816,2.2744
2015-10-01,0.0097,14.0921,14.1607,2.2782
2015-10-02,0.0190,15.0962,15.1173,2.6707
2015-10-05,0.0070,14.8026,14.8812,2.5197
2015-10-06,0.0067,14.5267,14.6247,2.3668
2015-10-07,0.0070,14.4464,14.4099,2.2384
2015-10-08,0.0083,13.8839,14.3331,2.1741
2015-10-09,0.0044,13.4899,13.8905,1.9567
2015-10-12,0.0028,13.1479,13.3229,1.6934
2015-10-13,0.0063,13.3010,13.1257,1.5942
2015-10-14,0.0060,13.1929,12.9076,1.4892
2015-10-15,0.0048,13.2350,12.5906,1.3484
2015-10-16,0.0037,12.6119,12.1871,1.1760
2015-10-19,0.0042,12.2987,11.8550,1.0362
2015-10-20,0.0043,11.9923,11.5524,0.9091
2015-10-21,0.0057,11.6617,11.4023,0.8471
2015-10-22,0.0068,11.7218,11.3659,0.8335
2015-10-23,0.0053,11.3407,11.1901,0.7611
2015-10-26,0.0027,10.6857,10.7756,0.5861
2015-10-27,0.0039,10.2017,10.4961,0.4687
2015-10-28,0.0059,9.8698,10.4305,0.4424
2015-10-29,0.0033,9.6530,10.1223,0.3121
2015-10-30,0.0040,9.2192,9.8924,0.2158
2015-11-02,0.0051,8.1709,9.7843,0.1713
2015-11-03,0.0060,8.0924,9.7692,0.1666
2015-11-04,0.0054,7.9943,9.6959,0.1364
2015-11-05,0.0062,7.9344,9.7013,0.1395
2015-11-06,0.0061,7.7730,9.7037,0.1411
2015-11-09,0.0080,8.0457,9.8824,0.2183
2015-11-10,0.0045,8.1738,9.7167,0.1458
2015-11-11,0.0032,7.9415,9.4432,0.0264
2015-11-12,0.0045,7.8321,9.3081,-0.0332
2015-11-13,0.0043,7.7924,9.1572,-0.0994
2015-11-16,0.0069,8.0366,9.2673,-0.0531
2015-11-17,0.0071,8.2552,9.3858,-0.0038
2015-11-18,0.0063,8.4063,9.4218,0.0095
2015-11-19,0.0026,8.1725,9.1049,-0.1302
2015-11-20,0.0044,7.9933,8.9806,-0.1863
2015-11-23,0.0047,7.9500,8.8933,-0.2262
2015-11-24,0.0080,8.3486,9.1188,-0.1310
2015-11-25,0.0023,8.2283,8.7873,-0.2785
2015-11-27,0.0031,8.0132,8.5531,-0.3840
2015-11-30,0.0033,8.0089,8.3522,-0.4754
2015-12-01,0.0037,7.9866,8.2004,-0.5453
2015-12-02,0.0064,8.0843,8.3169,-0.4978
2015-12-03,0.0112,8.4790,8.8872,-0.2515
2015-12-04,0.0080,8.6765,9.1156,-0.1553
2015-12-07,0.0070,8.7387,9.2342,-0.1078
2015-12-08,0.0068,8.7863,9.3246,-0.0724
2015-12-09,0.0145,9.2768,10.1441,0.2880
2015-12-10,0.0074,9.5004,10.2444,0.3282
2015-12-11,0.0081,9.8676,10.4019,0.3944
2015-12-14,0.0101,10.2890,10.7403,0.5410
2015-12-15,0.0082,10.5826,10.8733,0.5963
2015-12-16,0.0086,10.7108,11.0420,0.6685
2015-12-17,0.0070,10.7069,11.0492,0.6690
2015-12-18,0.0060,10.6879,10.9613,0.6274
2015-12-21,0.0049,10.8628,10.7725,0.5411
2015-12-22,0.0060,10.9848,10.7019,0.5070
2015-12-23,0.0039,10.9238,10.4345,0.3852
2015-12-24,0.0029,10.5374,10.0806,0.2251
2015-12-28,0.0047,10.7188,9.9199,0.1508
2015-12-29,0.0048,10.8476,9.7801,0.0856
2015-12-30,0.0032,10.8384,9.4940,-0.0452
2015-12-31,0.0041,10.8732,9.3174,-0.1266
2016-01-04,0.0151,11.5337,10.1992,0.2646
2016-01-05,0.0062,11.1519,10.1755,0.2512
2016-01-06,0.0095,11.2628,10.4664,0.3791
2016-01-07,0.0101,11.4987,10.8011,0.5258
2016-01-08,0.0132,11.9862,11.4118,0.7942
2016-01-11,0.0127,11.8526,11.9377,1.0225
2016-01-12,0.0116,12.1655,12.3246,1.1867
2016-01-13,0.0171,12.8428,13.2108,1.5687
2016-01-14,0.0181,13.4473,14.1422,1.9612
2016-01-15,0.0186,14.2336,15.0619,2.3340
2016-01-19,0.0136,14.6117,15.4556,2.4689
2016-01-20,0.0238,15.8829,16.7998,2.9852
2016-01-21,0.0153,16.5796,17.2448,3.1047
2016-01-22,0.0066,16.7095,16.8426,2.8836
2016-01-25,0.0060,16.7087,16.4067,2.6604
2016-01-26,0.0065,16.9030,16.0418,2.4758
2016-01-27,0.0152,17.8381,16.5297,2.6258
2016-01-28,0.0106,18.2902,16.5518,2.5931
2016-01-29,0.0081,18.5436,16.3334,2.4737
2016-02-01,0.0098,19.0462,16.2873,2.4231
2016-02-02,0.0093,19.4408,16.2003,2.3614
2016-02-03,0.0170,19.5816,16.8465,2.5657
2016-02-04,0.0098,19.8583,16.7726,2.5016
2016-02-05,0.0105,19.9390,16.7693,2.4639
2016-02-08,0.0158,20.3682,17.2667,2.6016
2016-02-09,0.0127,20.3261,17.4364,2.6180
2016-02-10,0.0117,20.2514,17.5068,2.5987
2016-02-11,0.0129,20.3525,17.6869,2.6159
2016-02-12,0.0057,19.4949,17.1708,2.4015
2016-02-16,0.0045,18.4644,16.5661,2.1668
2016-02-17,0.0075,17.6253,16.2831,2.0458
2016-02-18,0.0045,16.9350,15.7338,1.8419
2016-02-19,0.0061,15.5963,15.3745,1.7051
2016-02-22,0.0045,14.7843,14.8819,1.5288
2016-02-23,0.0049,14.6561,14.4599,1.3786
2016-02-24,0.0147,15.3092,14.9899,1.5372
2016-02-25,0.0073,15.3656,14.7811,1.4560
2016-02-26,0.0058,14.6540,14.4481,1.3365
2016-02-29,0.0084,14.4807,14.3766,1.3022
2016-03-01,0.0071,14.4031,14.1909,1.2321
2016-03-02,0.0055,14.0797,13.8659,1.1185
2016-03-03,0.0053,13.7720,13.5366,1.0047
2016-03-04,0.0077,13.0691,13.4570,0.9715
2016-03-07,0.0057,12.7533,13.1885,0.8784
2016-03-08,0.0042,12.2740,12.7963,0.7464
2016-03-09,0.0039,11.3729,12.3966,0.6126
2016-03-10,0.0127,11.3792,12.8665,0.7573
2016-03-11,0.0047,10.8516,12.5464,0.6487
2016-03-14,0.0044,10.2065,12.2113,0.5357
2016-03-15,0.0038,10.0582,11.8368,0.4104
2016-03-16,0.0066,10.2173,11.7526,0.3787
2016-03-17,0.0072,10.2011,11.7380,0.3701
2016-03-18,0.0029,10.0811,11.3102,0.2283
2016-03-21,0.0035,9.8848,10.9690,0.1148
2016-03-22,0.0055,9.9611,10.8368,0.0688
2016-03-23,0.0031,9.8203,10.4802,-0.0499
2016-03-24,0.0046,9.0590,10.2897,-0.1143
2016-03-28,0.0037,8.7912,10.0255,-0.2021
2016-03-29,0.0076,8.9228,10.1436,-0.1662
2016-03-30,0.0045,8.6283,9.9593,-0.2284
2016-03-31,0.0034,8.3460,9.6831,-0.3207
2016-04-01,0.0095,8.6465,10.0071,-0.2176
2016-04-04,0.0033,8.4964,9.7201,-0.3136
2016-04-05,0.0044,8.2503,9.5595,-0.3676
2016-04-06,0.0054,8.2288,9.4977,-0.3893
2016-04-07,0.0078,8.5017,9.6709,-0.3346
2016-04-08,0.0065,8.7009,9.7096,-0.3238
2016-04-11,0.0068,8.2521,9.7754,-0.3048
2016-04-12,0.0068,8.4081,9.8372,-0.2872
2016-04-13,0.0032,8.3176,9.5507,-0.3838
2016-04-14,0.0033,8.2825,9.2916,-0.4714
2016-04-15,0.0022,7.9550,8.9474,-0.5869
2016-04-18,0.0054,7.8173,8.9276,-0.5950
2016-04-19,0.0039,7.8946,8.7658,-0.6497
2016-04-20,0.0049,8.0005,8.7108,-0.6692
2016-04-21,0.0041,7.8912,8.5763,-0.7146
2016-04-22,0.0044,7.9941,8.4850,-0.7455
2016-04-25,0.0040,7.9482,8.3563,-0.7891
2016-04-26,0.0037,7.9477,8.2075,-0.8390
2016-04-27,0.0059,7.8214,8.2757,-0.8168
2016-04-28,0.0082,8.1068,8.5630,-0.7225
2016-04-29,0.0071,8.3907,8.7283,-0.6685
2016-05-02,0.0041,7.9799,8.5920,-0.7145
2016-05-03,0.0064,8.2153,8.6865,-0.6846
2016-05-04,0.0043,8.2016,8.5706,-0.7241
2016-05-05,0.0049,8.1681,8.5260,-0.7389
2016-05-06,0.0056,8.0042,8.5508,-0.7307
2016-05-09,0.0034,7.7669,8.3579,-0.7945
2016-05-10,0.0039,7.5448,8.2249,-0.8385
2016-05-11,0.0031,7.2617,8.0231,-0.9046
2016-05-12,0.0071,7.5566,8.2168,-0.8400
2016-05-13,0.0066,7.8041,8.3497,-0.7963
2016-05-16,0.0062,8.1054,8.4417,-0.7669
2016-05-17,0.0067,8.1982,8.5692,-0.7263
2016-05-18,0.0090,8.5793,8.9091,-0.6160
2016-05-19,0.0062,8.6766,8.9680,-0.5994
2016-05-20,0.0047,8.7249,8.8789,-0.6323
2016-05-23,0.0026,8.5833,8.5911,-0.7319
2016-05-24,0.0060,8.7339,8.6458,-0.7168
2016-05-25,0.0041,8.7628,8.5161,-0.7633
2016-05-26,0.0024,8.5000,8.2346,-0.8607
2016-05-27,0.0014,7.9874,7.8785,-0.9830
2016-05-31,0.0049,7.8197,7.8735,-0.9869
2016-06-01,0.0051,7.8990,7.8885,-0.9835
2016-06-02,0.0052,7.8049,7.9066,-0.9793
2016-06-03,0.0061,7.9477,8.0174,-0.9441
2016-06-06,0.0034,7.8287,7.8560,-1.0004
2016-06-07,0.0030,7.6273,7.6674,-1.0660
2016-06-08,0.0018,7.5109,7.3807,-1.1641
2016-06-09,0.0033,7.4691,7.2538,-1.2073
2016-06-10,0.0053,7.6354,7.3197,-1.1858
2016-06-13,0.0055,7.5137,7.4023,-1.1591
2016-06-14,0.0059,7.4596,7.5158,-1.1217
2016-06-15,0.0051,7.3725,7.5483,-1.1122
2016-06-16,0.0094,7.5791,7.9896,-0.9643
2016-06-17,0.0048,7.2650,7.9685,-0.9732
2016-06-20,0.0082,7.4122,8.2693,-0.8736
2016-06-21,0.0034,7.3150,8.0997,-0.9339
2016-06-22,0.0050,7.5007,8.0926,-0.9393
2016-06-23,0.0033,7.2969,7.9205,-1.0012
2016-06-24,0.0140,8.0466,8.7789,-0.7115
2016-06-27,0.0102,8.6378,9.2264,-0.5625
2016-06-28,0.0049,8.8992,9.1403,-0.5963
2016-06-29,0.0061,8.9903,9.1743,-0.5884
2016-06-30,0.0061,9.0682,9.2094,-0.5802
2016-07-01,0.0035,8.9408,8.9877,-0.6608
2016-07-05,0.0044,8.8089,8.8676,-0.7056
2016-07-06,0.0078,9.1464,9.0803,-0.6330
2016-07-07,0.0066,9.4202,9.1632,-0.6055
2016-07-08,0.0048,9.6441,9.0690,-0.6391
2016-07-11,0.0034,9.6533,8.8522,-0.7147
2016-07-12,0.0037,9.5384,8.6776,-0.7757
2016-07-13,0.0033,9.3769,8.4752,-0.8462
2016-07-14,0.0032,9.1774,8.2729,-0.9166
2016-07-15,0.0042,9.1131,8.1790,-0.9496
2016-07-18,0.0025,8.5913,7.9250,-1.0383
2016-07-19,0.0018,8.3666,7.6246,-1.1429
2016-07-20,0.0029,7.9664,7.4418,-1.2062
2016-07-21,0.0043,8.0317,7.4042,-1.2194
2016-07-22,0.0030,7.8780,7.2451,-1.2743
2016-07-25,0.0035,7.8963,7.1468,-1.3068
2016-07-26,0.0044,7.1673,7.1332,-1.3100
2016-07-27,0.0051,6.7802,7.1918,-1.2879
2016-07-28,0.0041,6.7208,7.1529,-1.3000
2016-07-29,0.0042,6.5772,7.1252,-1.3078
2016-08-01,0.0039,6.4056,7.0669,-1.3266
2016-08-02,0.0064,6.6278,7.2538,-1.2605
2016-08-03,0.0031,6.5282,7.1122,-1.3080
2016-08-04,0.0030,6.1618,6.9686,-1.3553
2016-08-05,0.0022,5.8286,6.7584,-1.4236
2016-08-08,0.0023,5.6424,6.5739,-1.4821
2016-08-09,0.0029,5.6039,6.4583,-1.5163
2016-08-10,0.0031,5.5524,6.3623,-1.5425
2016-08-11,0.0026,5.4933,6.2245,-1.5800
2016-08-12,0.0022,5.4182,6.0625,-1.6248
2016-08-15,0.0022,5.2660,5.9095,-1.6662
2016-08-16,0.0013,5.1731,5.6746,-1.7331
2016-08-17,0.0046,5.3796,5.7695,-1.6902
2016-08-18,0.0016,5.2789,5.5710,-1.7440
2016-08-19,0.0032,5.1962,5.5415,-1.7407
2016-08-22,0.0030,5.1940,5.4914,-1.7428
2016-08-23,0.0021,5.0874,5.3640,-1.7661
2016-08-24,0.0042,5.0735,5.4399,-1.7231
2016-08-25,0.0030,4.9143,5.3995,-1.7187
2016-08-26,0.0088,5.2673,5.9128,-1.5373
2016-08-29,0.0032,5.1895,5.8616,-1.5395
2016-08-30,0.0037,5.1788,5.8656,-1.5238
2016-08-31,0.0040,4.9955,5.8936,-1.5014
2016-09-01,0.0054,5.1689,6.0521,-1.4377
2016-09-02,0.0036,5.2156,6.0310,-1.4320
2016-09-06,0.0035,5.3115,5.9978,-1.4304
2016-09-07,0.0028,5.3505,5.9081,-1.4467
2016-09-08,0.0024,5.3090,5.7802,-1.4755
2016-09-09,0.0065,5.5673,6.0504,-1.3782
2016-09-12,0.0095,6.0905,6.5905,-1.1960
2016-09-13,0.0073,6.4759,6.8922,-1.0908
2016-09-14,0.0071,6.8444,7.1536,-0.9991
2016-09-15,0.0072,7.2902,7.4058,-0.9109
2016-09-16,0.0046,7.2911,7.3980,-0.9061
2016-09-19,0.0057,7.6019,7.4934,-0.8684
2016-09-20,0.0034,7.6163,7.3666,-0.9019
2016-09-21,0.0065,7.8808,7.5403,-0.8391
2016-09-22,0.0023,7.8972,7.3106,-0.9059
2016-09-23,0.0020,7.7345,7.0647,-0.9776
2016-09-26,0.0026,7.7043,6.8888,-1.0266
2016-09-27,0.0050,7.4203,6.9549,-0.9975
2016-09-28,0.0062,7.6452,7.1245,-0.9352
2016-09-29,0.0074,7.9225,7.4022,-0.8381
2016-09-30,0.0051,8.0079,7.4457,-0.8173
2016-10-03,0.0030,7.8302,7.2871,-0.8625
2016-10-04,0.0060,8.0109,7.4195,-0.8126
2016-10-05,0.0026,7.9437,7.2184,-0.8721
2016-10-06,0.0041,8.0379,7.1741,-0.8799
2016-10-07,0.0062,8.3268,7.3343,-0.8202
2016-10-10,0.0029,8.0532,7.1664,-0.8690
2016-10-11,0.0081,7.9488,7.5080,-0.7488
2016-10-12,0.0041,7.7083,7.4517,-0.7611
2016-10-13,0.0078,7.7605,7.7453,-0.6571
2016-10-14,0.0050,7.5966,7.7555,-0.6480
2016-10-17,0.0032,7.4919,7.5948,-0.6960
2016-10-18,0.0029,7.2841,7.4166,-0.7497
2016-10-19,0.0032,7.2730,7.2803,-0.7893
2016-10-20,0.0045,7.1265,7.2747,-0.7853
2016-10-21,0.0041,7.2612,7.2306,-0.7941
2016-10-24,0.0025,7.2940,7.0309,-0.8546
2016-10-25,0.0025,7.2855,6.8463,-0.9099
2016-10-26,0.0046,7.2543,6.8756,-0.8940
2016-10-27,0.0036,7.0615,6.8071,-0.9107
2016-10-28,0.0069,7.0223,7.0544,-0.8233
2016-10-31,0.0023,6.8118,6.8535,-0.8847
2016-11-01,0.0101,7.3447,7.4019,-0.6989
2016-11-02,0.0049,7.2640,7.4258,-0.6873
2016-11-03,0.0050,7.4498,7.4583,-0.6730
2016-11-04,0.0051,7.5304,7.5013,-0.6553
2016-11-07,0.0053,7.4588,7.5517,-0.6353
2016-11-08,0.0072,7.7864,7.7835,-0.5557
2016-11-09,0.0115,8.0455,8.4145,-0.3456
2016-11-10,0.0102,8.5007,8.8773,-0.1921
2016-11-11,0.0044,8.2432,8.7609,-0.2298
2016-11-14,0.0050,8.2424,8.7092,-0.2462
2016-11-15,0.0032,8.2417,8.4903,-0.3174
2016-11-16,0.0023,8.1934,8.1976,-0.4122
2016-11-17,0.0028,8.1595,7.9717,-0.4846
2016-11-18,0.0027,8.0241,7.7540,-0.5543
2016-11-21,0.0021,7.8741,7.4922,-0.6381
2016-11-22,0.0033,7.9366,7.3556,-0.6804
2016-11-23,0.0028,7.9586,7.1792,-0.7351
2016-11-25,0.0011,7.6911,6.8514,-0.8392
2016-11-28,0.0025,7.6065,6.6778,-0.8924
2016-11-29,0.0038,7.3728,6.6384,-0.9019
2016-11-30,0.0046,7.5426,6.6764,-0.8863
2016-12-01,0.0042,7.0948,6.6712,-0.8847
2016-12-02,0.0031,6.9562,6.5643,-0.9151
2016-12-05,0.0028,6.7889,6.4377,-0.9512
2016-12-06,0.0031,6.6327,6.3451,-0.9757
2016-12-07,0.0059,6.6817,6.5265,-0.9117
2016-12-08,0.0042,6.4572,6.5370,-0.9023
2016-12-09,0.0019,5.7310,6.3278,-0.9633
2016-12-12,0.0036,5.2362,6.2924,-0.9679
2016-12-13,0.0038,5.1916,6.2749,-0.9665
2016-12-14,0.0076,5.3917,6.6245,-0.8477
2016-12-15,0.0053,5.5486,6.7284,-0.8082
2016-12-16,0.0036,5.6480,6.6666,-0.8219
2016-12-19,0.0027,5.6447,6.5284,-0.8600
2016-12-20,0.0016,5.5607,6.2915,-0.9292
2016-12-21,0.0012,5.4898,6.0281,-1.0061
2016-12-22,0.0022,5.4043,5.8716,-1.0485
2016-12-23,0.0012,5.2851,5.6340,-1.1162
2016-12-27,0.0023,5.3754,5.5128,-1.1463
2016-12-28,0.0041,5.4990,5.5752,-1.1185
2016-12-29,0.0031,5.4487,5.5385,-1.1223
2016-12-30,0.0052,5.4956,5.7017,-1.0638
2017-01-03,0.0056,5.6068,5.8950,-0.9956
2017-01-04,0.0024,5.5583,5.7736,-1.0264
2017-01-05,0.0034,5.6063,5.7549,-1.0247
2017-01-06,0.0054,5.7799,5.9221,-0.9649
2017-01-09,0.0016,5.4547,5.7191,-1.0205
2017-01-10,0.0044,5.4645,5.7904,-0.9903
2017-01-11,0.0041,5.6312,5.8360,-0.9683
2017-01-12,0.0055,5.7717,6.0072,-0.9075
2017-01-13,0.0022,5.6498,5.8532,-0.9490
2017-01-17,0.0029,5.2905,5.7754,-0.9675
2017-01-18,0.0026,5.0887,5.6759,-0.9936
2017-01-19,0.0044,5.1520,5.7571,-0.9646
2017-01-20,0.0037,5.2241,5.7643,-0.9604
2017-01-23,0.0046,5.4456,5.8523,-0.9291
2017-01-24,0.0045,5.6932,5.9272,-0.9010
2017-01-25,0.0020,5.6853,5.7668,-0.9513
2017-01-26,0.0021,5.7500,5.6170,-1.0000
2017-01-27,0.0020,5.7257,5.4662,-1.0505
2017-01-30,0.0054,5.8222,5.6530,-0.9836
2017-01-31,0.0035,5.8466,5.6425,-0.9858
2017-02-01,0.0049,5.8245,5.7715,-0.9379
2017-02-02,0.0037,5.6756,5.7731,-0.9377
2017-02-03,0.0021,5.6526,5.6299,-0.9918
2017-02-06,0.0023,5.5664,5.5112,-1.0387
2017-02-07,0.0027,5.3672,5.4420,-1.0708
2017-02-08,0.0029,5.4684,5.3954,-1.0969
2017-02-09,0.0033,5.3860,5.3823,-1.1120
2017-02-10,0.0023,5.2449,5.2746,-1.1701
2017-02-13,0.0025,5.0237,5.2007,-1.2148
2017-02-14,0.0035,5.1276,5.2260,-1.2152
2017-02-15,0.0034,5.1681,5.2370,-1.2216
2017-02-16,0.0037,5.2515,5.2748,-1.2135
2017-02-17,0.0027,5.1242,5.2197,-1.2482
2017-02-21,0.0022,5.0115,5.1171,-1.3050
2017-02-22,0.0020,4.8170,4.9989,-1.3692
2017-02-23,0.0038,4.7678,5.0630,-1.3486
2017-02-24,0.0031,4.8454,5.0522,-1.3657
2017-02-27,0.0026,4.8888,4.9999,-1.4038
2017-02-28,0.0026,4.9347,4.9441,-1.4460
2017-03-01,0.0046,4.8731,5.0845,-1.3807
2017-03-02,0.0027,4.8193,5.0403,-1.4161
2017-03-03,0.0025,4.6341,4.9722,-1.4646
2017-03-06,0.0032,4.6017,4.9809,-1.4699
2017-03-07,0.0028,4.6521,4.9487,-1.4984
2017-03-08,0.0031,4.7148,4.9500,-1.5045
2017-03-09,0.0043,4.8353,5.0662,-1.4367
2017-03-10,0.0041,4.9248,5.1550,-1.3901
2017-03-13,0.0017,4.8058,5.0063,-1.4935
2017-03-14,0.0030,4.8613,4.9911,-1.5093
2017-03-15,0.0049,5.0390,5.1582,-1.4014
2017-03-16,0.0028,4.9822,5.1144,-1.4341
2017-03-17,0.0019,4.8702,4.9910,-1.5225
2017-03-20,0.0027,4.7925,4.9456,-1.5546
2017-03-21,0.0076,5.1573,5.3700,-1.2555
2017-03-22,0.0044,5.3230,5.4671,-1.1845
2017-03-23,0.0051,5.5549,5.6202,-1.0710
2017-03-24,0.0059,5.7145,5.8480,-0.9014
2017-03-27,0.0060,5.9360,6.0692,-0.7343
2017-03-28,0.0061,6.1979,6.2859,-0.5688
2017-03-29,0.0029,6.2219,6.1832,-0.6396
2017-03-30,0.0031,6.1066,6.1040,-0.6932
2017-03-31,0.0022,6.0696,5.9520,-0.8032
2017-04-03,0.0063,6.3584,6.1930,-0.6135
2017-04-04,0.0026,6.3096,6.0669,-0.7046
2017-04-05,0.0075,6.6657,6.4183,-0.4262
2017-04-06,0.0045,6.7672,6.4593,-0.3876
2017-04-07,0.0039,6.7337,6.4428,-0.3940
2017-04-10,0.0045,6.7590,6.4808,-0.3570
2017-04-11,0.0054,7.0409,6.6078,-0.2476
2017-04-12,0.0029,7.0341,6.4880,-0.3379
2017-04-13,0.0047,7.0189,6.5461,-0.2836
2017-04-17,0.0025,6.9978,6.3924,-0.4041
2017-04-18,0.0042,7.1674,6.4060,-0.3867
2017-04-19,0.0048,7.3274,6.4774,-0.3212
2017-04-20,0.0051,7.1388,6.5722,-0.2358
2017-04-21,0.0031,7.0423,6.4756,-0.3113
2017-04-24,0.0021,6.8188,6.2865,-0.4652
2017-04-25,0.0028,6.5820,6.1761,-0.5530
2017-04-26,0.0033,6.3805,6.1236,-0.5918
2017-04-27,0.0028,6.1296,6.0209,-0.6731
2017-04-28,0.0023,6.0834,5.8759,-0.7903
2017-05-01,0.0029,6.0678,5.7955,-0.8526
2017-05-02,0.0021,6.0568,5.6482,-0.9721
2017-05-03,0.0030,5.8056,5.5908,-1.0144
2017-05-04,0.0033,5.8589,5.5681,-1.0267
2017-05-05,0.0023,5.4658,5.4541,-1.1175
2017-05-08,0.0022,5.2932,5.3354,-1.2121
2017-05-09,0.0031,5.2365,5.3150,-1.2207
2017-05-10,0.0019,5.0443,5.1784,-1.3292
2017-05-11,0.0041,4.9476,5.2618,-1.2463
2017-05-12,0.0015,4.8415,5.0890,-1.3857
2017-05-15,0.0021,4.6415,4.9791,-1.4698
2017-05-16,0.0027,4.6545,4.9357,-1.4960
2017-05-17,0.0052,4.7312,5.1334,-1.3145
2017-05-18,0.0062,4.8413,5.4199,-1.0581
2017-05-19,0.0048,4.8226,5.5545,-0.9343
2017-05-22,0.0018,4.7224,5.3928,-1.0713
2017-05-23,0.0020,4.7172,5.2620,-1.1801
2017-05-24,0.0021,4.6640,5.1461,-1.2758
2017-05-25,0.0028,4.6226,5.1033,-1.3055
2017-05-26,0.0013,4.5083,4.9178,-1.4608
2017-05-30,0.0017,4.4636,4.7826,-1.5680
2017-05-31,0.0035,4.5123,4.8293,-1.5128
2017-06-01,0.0031,4.5875,4.8346,-1.4949
2017-06-02,0.0030,4.5944,4.8347,-1.4821
2017-06-05,0.0015,4.4559,4.6829,-1.6035
2017-06-06,0.0023,4.4518,4.6169,-1.6469
2017-06-07,0.0031,4.5169,4.6304,-1.6193
2017-06-08,0.0033,4.5278,4.6660,-1.5725
2017-06-09,0.0088,5.0477,5.2235,-1.0713
2017-06-12,0.0029,4.9542,5.1862,-1.0954
2017-06-13,0.0025,5.0302,5.1138,-1.1499
2017-06-14,0.0042,5.1940,5.2088,-1.0578
2017-06-15,0.0040,5.2905,5.2732,-0.9932
2017-06-16,0.0030,5.1217,5.2379,-1.0165
2017-06-19,0.0021,4.8084,5.1235,-1.1090
2017-06-20,0.0021,4.6045,5.0190,-1.1932
2017-06-21,0.0032,4.7102,5.0225,-1.1816
2017-06-22,0.0023,4.7315,4.9408,-1.2450
2017-06-23,0.0028,4.7875,4.9147,-1.2587
2017-06-26,0.0037,4.8576,4.9741,-1.2003
2017-06-27,0.0042,5.0797,5.0762,-1.1066
2017-06-28,0.0031,5.1854,5.0648,-1.1145
2017-06-29,0.0091,5.6095,5.6289,-0.5931
2017-06-30,0.0029,5.5915,5.5636,-0.6495
2017-07-03,0.0030,5.5868,5.5139,-0.6918
2017-07-05,0.0037,5.7578,5.5369,-0.6652
2017-07-06,0.0033,5.8397,5.5227,-0.6749
2017-07-07,0.0025,5.7996,5.4315,-0.7617
2017-07-10,0.0027,5.7576,5.3660,-0.8246
2017-07-11,0.0048,5.4557,5.5012,-0.6841
2017-07-12,0.0022,5.4015,5.3789,-0.8055
2017-07-13,0.0021,5.3696,5.2547,-0.9301
2017-07-14,0.0041,5.3623,5.3321,-0.8441
2017-07-17,0.0016,5.1859,5.1669,-1.0133
2017-07-18,0.0028,5.1747,5.1238,-1.0528
2017-07-19,0.0014,5.1191,4.9462,-1.2339
2017-07-20,0.0026,5.1526,4.8945,-1.2795
2017-07-21,0.0017,5.0400,4.7635,-1.4087
2017-07-24,0.0019,5.0066,4.6554,-1.5114
2017-07-25,0.0018,4.9279,4.5472,-1.6120
2017-07-26,0.0018,4.7865,4.4506,-1.6985
2017-07-27,0.0066,4.9711,4.8166,-1.2984
2017-07-28,0.0024,4.9219,4.7588,-1.3487
2017-07-31,0.0023,4.4064,4.6917,-1.4080
2017-08-01,0.0021,4.3487,4.6100,-1.4815
2017-08-02,0.0039,4.4188,4.7059,-1.3688
2017-08-03,0.0018,4.2748,4.5958,-1.4726
2017-08-04,0.0023,4.1933,4.5355,-1.5224
2017-08-07,0.0011,4.0855,4.3676,-1.6821
2017-08-08,0.0058,4.3169,4.6575,-1.3656
2017-08-09,0.0028,4.1640,4.6426,-1.3692
2017-08-10,0.0040,4.3022,4.7459,-1.2512
2017-08-11,0.0030,4.3686,4.7434,-1.2441
2017-08-14,0.0026,4.2563,4.7099,-1.2691
2017-08-15,0.0018,4.2714,4.6012,-1.3711
2017-08-16,0.0032,4.2990,4.6268,-1.3359
2017-08-17,0.0057,4.6255,4.8903,-1.0592
2017-08-18,0.0057,4.8596,5.1370,-0.8037
2017-08-21,0.0038,5.0169,5.1897,-0.7477
2017-08-22,0.0038,5.1636,5.2408,-0.6940
2017-08-23,0.0022,5.1907,5.1317,-0.8042
2017-08-24,0.0034,5.3097,5.1498,-0.7839
2017-08-25,0.0034,5.0615,5.1613,-0.7707
2017-08-28,0.0028,5.0905,5.1192,-0.8093
2017-08-29,0.0049,5.2848,5.2753,-0.6474
2017-08-30,0.0038,5.4111,5.3178,-0.6014
2017-08-31,0.0027,5.3210,5.2577,-0.6595
2017-09-01,0.0018,5.3193,5.1123,-0.8025
2017-09-05,0.0066,5.6468,5.4336,-0.4736
2017-09-06,0.0030,5.7881,5.3899,-0.5152
2017-09-07,0.0023,5.5217,5.2828,-0.6209
2017-09-08,0.0022,5.4783,5.1757,-0.7263
2017-09-11,0.0023,5.3496,5.0848,-0.8134
2017-09-12,0.0014,5.2328,4.9149,-0.9777
2017-09-13,0.0014,5.1369,4.7503,-1.1348
2017-09-14,0.0020,5.1493,4.6548,-1.2217
2017-09-15,0.0016,5.0347,4.5326,-1.3353
2017-09-18,0.0023,4.7827,4.4843,-1.3741
2017-09-19,0.0013,4.4529,4.3399,-1.5092
2017-09-20,0.0034,4.4253,4.4057,-1.4318
2017-09-21,0.0016,4.2610,4.2967,-1.5314
2017-09-22,0.0015,4.2132,4.1840,-1.6323
2017-09-25,0.0041,4.2610,4.3192,-1.4823
2017-09-26,0.0021,4.1678,4.2631,-1.5254
2017-09-27,0.0044,4.2862,4.4241,-1.3512
2017-09-28,0.0015,4.0312,4.3007,-1.4641
2017-09-29,0.0022,3.9149,4.2551,-1.4992
2017-10-02,0.0015,3.8244,4.1447,-1.5990
2017-10-03,0.0014,3.7962,4.0305,-1.7003
2017-10-04,0.0022,3.4639,3.9981,-1.7195
2017-10-05,0.0021,3.4010,3.9612,-1.7414
2017-10-06,0.0015,3.3420,3.8656,-1.8209
2017-10-09,0.0023,3.3513,3.8552,-1.8157
2017-10-10,0.0029,3.3941,3.8974,-1.7574
2017-10-11,0.0017,3.4136,3.8234,-1.8179
2017-10-12,0.0019,3.4528,3.7736,-1.8530
2017-10-13,0.0014,3.4094,3.6820,-1.9324
2017-10-16,0.0018,3.4223,3.6345,-1.9672
2017-10-17,0.0013,3.3417,3.5386,-2.0476
2017-10-18,0.0012,3.3306,3.4369,-2.1298
2017-10-19,0.0034,3.3280,3.5535,-1.9936
2017-10-20,0.0011,3.2900,3.4479,-2.0792
2017-10-23,0.0022,3.3390,3.4478,-2.0588
2017-10-24,0.0018,3.1695,3.4136,-2.0704
2017-10-25,0.0061,3.4666,3.7862,-1.6836
2017-10-26,0.0020,3.2873,3.7499,-1.7040
2017-10-27,0.0039,3.4684,3.8950,-1.5465
2017-10-30,0.0030,3.5273,3.9480,-1.4827
2017-10-31,0.0017,3.5390,3.8709,-1.5462
2017-11-01,0.0036,3.7025,3.9790,-1.4306
2017-11-02,0.0041,3.8465,4.1311,-1.2724
2017-11-03,0.0029,3.9012,4.1553,-1.2419
2017-11-06,0.0019,3.9334,4.0885,-1.3028
2017-11-07,0.0034,4.0175,4.1708,-1.2142
2017-11-08,0.0025,3.9901,4.1594,-1.2224
2017-11-09,0.0055,4.2815,4.4369,-0.9384
2017-11-10,0.0022,4.3052,4.3803,-1.0050
2017-11-13,0.0030,4.4255,4.4037,-0.9868
2017-11-14,0.0036,4.5592,4.4814,-0.9072
2017-11-15,0.0041,4.7705,4.6009,-0.7741
2017-11-16,0.0036,4.9520,4.6642,-0.7000
2017-11-17,0.0014,4.8040,4.5206,-0.8717
2017-11-20,0.0016,4.8420,4.4049,-1.0130
2017-11-21,0.0023,4.8494,4.3567,-1.0717
2017-11-22,0.0013,4.8142,4.2237,-1.2366
2017-11-24,0.0009,4.4249,4.0572,-1.4440
2017-11-27,0.0020,4.4267,4.0068,-1.5007
2017-11-28,0.0033,4.3840,4.0828,-1.3950
2017-11-29,0.0039,4.4512,4.2092,-1.2251
2017-11-30,0.0055,4.7397,4.4798,-0.8695
2017-12-01,0.0121,5.3854,5.3650,0.2907
2017-12-04,0.0056,5.4981,5.5759,0.5759
2017-12-05,0.0051,5.6665,5.7256,0.7807
2017-12-06,0.0025,5.7104,5.6199,0.6472
2017-12-07,0.0033,5.7005,5.5979,0.6266
2017-12-08,0.0016,5.6310,5.4133,0.3881
2017-12-11,0.0015,5.3257,5.2309,0.1488
2017-12-12,0.0026,5.3543,5.1626,0.0626
2017-12-13,0.0021,5.2876,5.0551,-0.0776
2017-12-14,0.0028,5.2270,5.0174,-0.1216
2017-12-15,0.0041,5.2300,5.1085,0.0133
2017-12-18,0.0022,5.1245,5.0084,-0.1183
2017-12-19,0.0025,5.2051,4.9457,-0.1994
2017-12-20,0.0033,5.3339,4.9668,-0.1629
2017-12-21,0.0027,5.3643,4.9232,-0.2198
2017-12-22,0.0019,5.4055,4.8081,-0.3796
2017-12-26,0.0012,5.4286,4.6356,-0.6220
2017-12-27,0.0018,5.4092,4.5260,-0.7736
2017-12-28,0.0013,5.2537,4.3750,-0.9829
2017-12-29,0.0033,5.2077,4.4259,-0.9028
2018-01-02,0.0022,4.9593,4.3705,-0.9747
2018-01-03,0.0026,4.2377,4.3530,-0.9918
2018-01-04,0.0024,3.9983,4.3231,-1.0266
2018-01-05,0.0030,3.8396,4.3480,-0.9830
2018-01-08,0.0026,3.8452,4.3320,-0.9983
2018-01-09,0.0029,3.8140,4.3479,-0.9676
2018-01-10,0.0038,3.9774,4.4443,-0.8223
2018-01-11,0.0019,4.0068,4.3569,-0.9405
2018-01-12,0.0029,4.0331,4.3743,-0.9085
2018-01-16,0.0085,4.5144,4.9205,-0.1143
2018-01-17,0.0061,4.7658,5.2076,0.3058
2018-01-18,0.0032,4.6971,5.2008,0.2992
2018-01-19,0.0026,4.7279,5.1340,0.2061
2018-01-22,0.0034,4.7953,5.1487,0.2317
2018-01-23,0.0028,4.7520,5.1030,0.1697
2018-01-24,0.0068,5.0641,5.4444,0.6752
2018-01-25,0.0041,5.2319,5.5095,0.7736
2018-01-26,0.0036,5.4136,5.5239,0.7957
2018-01-29,0.0037,5.5577,5.5426,0.8226
2018-01-30,0.0043,5.7880,5.6207,0.9380
2018-01-31,0.0063,6.0141,5.8818,1.3193
2018-02-01,0.0057,6.2778,6.0713,1.5925
2018-02-02,0.0067,6.5936,6.3497,1.9873
2018-02-05,0.0250,8.2981,8.3476,4.6778
2018-02-06,0.0219,9.7254,9.9294,6.3013
2018-02-07,0.0119,10.4324,10.4694,6.3797
2018-02-08,0.0137,11.2501,11.1474,6.5161
2018-02-09,0.0287,13.1343,13.2099,7.6173
2018-02-12,0.0126,13.9454,13.6185,7.1170
2018-02-13,0.0075,14.2920,13.5169,6.4041
2018-02-14,0.0087,14.3114,13.5390,5.9291
2018-02-15,0.0101,14.6122,13.6880,5.6188
2018-02-16,0.0075,14.9348,13.5788,5.2152
2018-02-20,0.0079,15.3344,13.5129,4.8997
2018-02-21,0.0112,15.9269,13.7714,4.7962
2018-02-22,0.0086,16.3679,13.7639,4.5689
2018-02-23,0.0051,16.2411,13.4259,4.2097
2018-02-26,0.0047,16.2864,13.0692,3.8837
2018-02-27,0.0081,16.6250,13.0567,3.7512
2018-02-28,0.0084,16.9845,13.0764,3.6446
2018-03-01,0.0166,17.9109,13.8697,3.8862
2018-03-02,0.0105,18.2330,14.0418,3.8323
2018-03-05,0.0102,18.5713,14.1679,3.7621
2018-03-06,0.0054,18.4686,13.8311,3.5096
2018-03-07,0.0065,17.0706,13.6186,3.3283
2018-03-08,0.0044,15.7492,13.2192,3.0874
2018-03-09,0.0048,15.2101,12.8825,2.8875
2018-03-12,0.0042,14.4886,12.5067,2.6847
2018-03-13,0.0092,13.0152,12.6311,2.6832
2018-03-14,0.0063,12.5380,12.4732,2.5753
2018-03-15,0.0053,12.3718,12.2309,2.4414
2018-03-16,0.0030,11.9396,11.7857,2.2386
2018-03-19,0.0103,11.9554,12.0597,2.3073
2018-03-20,0.0037,11.6671,11.6849,2.1376
2018-03-21,0.0076,11.6462,11.7063,2.1172
2018-03-22,0.0091,11.4823,11.8667,2.1469
2018-03-23,0.0135,11.8528,12.4403,2.3208
2018-03-26,0.0131,12.4536,12.9387,2.4601
2018-03-27,0.0167,13.3581,13.7509,2.6983
2018-03-28,0.0106,13.5476,13.9362,2.7120
2018-03-29,0.0117,13.7927,14.2121,2.7536
2018-04-02,0.0195,14.0115,15.2129,3.0251
2018-04-03,0.0106,14.0178,15.3123,2.9910
2018-04-04,0.0148,14.3660,15.8010,3.0787
2018-04-05,0.0058,14.4001,15.4092,2.8911
2018-04-06,0.0163,15.1452,16.0408,3.0222
2018-04-09,0.0114,15.6790,16.1687,2.9947
2018-04-10,0.0066,15.8174,15.8294,2.8333
2018-04-11,0.0059,15.9485,15.4420,2.6676
2018-04-12,0.0050,15.6329,14.9926,2.4933
2018-04-13,0.0080,15.7633,14.8573,2.4154
2018-04-16,0.0053,15.7655,14.4747,2.2720
2018-04-17,0.0046,15.8841,14.0442,2.1210
2018-04-18,0.0036,15.3775,13.5445,1.9564
2018-04-19,0.0052,15.4922,13.2251,1.8464
2018-04-20,0.0071,15.4559,13.1083,1.7950
2018-04-23,0.0065,15.2608,12.9388,1.7304
2018-04-24,0.0140,15.2968,13.4935,1.8624
2018-04-25,0.0087,14.9675,13.5138,1.8473
2018-04-26,0.0069,14.2300,13.3621,1.7868
2018-04-27,0.0047,13.7822,13.0067,1.6740
2018-04-30,0.0046,13.2445,12.6607,1.5663
2018-05-01,0.0075,12.3402,12.6153,1.5398
2018-05-02,0.0065,12.0251,12.4735,1.4886
2018-05-03,0.0115,11.7765,12.8192,1.5652
2018-05-04,0.0111,12.1764,13.1102,1.6257
2018-05-07,0.0046,11.2888,12.7613,1.5200
2018-05-08,0.0056,10.8463,12.5285,1.4461
2018-05-09,0.0055,10.7614,12.3007,1.3750
2018-05-10,0.0038,10.6026,11.9249,1.2671
2018-05-11,0.0038,10.5135,11.5743,1.1673
2018-05-14,0.0039,10.1989,11.2477,1.0748
2018-05-15,0.0040,10.1000,10.9570,0.9924
2018-05-16,0.0034,10.0071,10.6206,0.8992
2018-05-17,0.0054,10.1395,10.4930,0.8602
2018-05-18,0.0025,9.9366,10.1010,0.7543
2018-05-21,0.0034,9.6602,9.8235,0.6784
2018-05-22,0.0042,9.4891,9.6355,0.6256
2018-05-23,0.0043,8.7604,9.4703,0.5789
2018-05-24,0.0064,8.5820,9.5071,0.5839
2018-05-25,0.0032,8.2986,9.2388,0.5110
2018-05-29,0.0082,8.5616,9.4621,0.5636
2018-05-30,0.0050,8.5922,9.3673,0.5348
2018-05-31,0.0044,8.3585,9.2250,0.4940
2018-06-01,0.0030,8.0991,8.9599,0.4220
2018-06-04,0.0019,7.3730,8.6016,0.3266
2018-06-05,0.0034,6.7866,8.4067,0.2730
2018-06-06,0.0044,6.7697,8.3187,0.2468
2018-06-07,0.0049,6.7201,8.2899,0.2359
2018-06-08,0.0027,6.5114,8.0535,0.1718
2018-06-11,0.0025,6.4141,7.8100,0.1065
2018-06-12,0.0028,6.3350,7.6066,0.0517
2018-06-13,0.0033,6.2903,7.4617,0.0120
2018-06-14,0.0032,6.2260,7.3172,-0.0275
2018-06-15,0.0054,6.3764,7.3887,-0.0112
2018-06-18,0.0042,6.2897,7.3458,-0.0244
2018-06-19,0.0051,6.4852,7.3890,-0.0156
2018-06-20,0.0027,6.4319,7.2069,-0.0650
2018-06-21,0.0046,6.4632,7.2154,-0.0651
2018-06-22,0.0026,6.3341,7.0327,-0.1147
2018-06-25,0.0099,6.6011,7.5521,0.0173
2018-06-26,0.0045,6.7005,7.5265,0.0080
2018-06-27,0.0102,6.8528,8.0444,0.1395
2018-06-28,0.0074,7.0380,8.2680,0.1945
2018-06-29,0.0062,7.1750,8.3643,0.2168
2018-07-02,0.0054,7.3577,8.3810,0.2183
2018-07-03,0.0048,7.5749,8.3311,0.2025
2018-07-05,0.0049,7.6902,8.2977,0.1911
2018-07-06,0.0062,7.8262,8.3876,0.2116
2018-07-09,0.0030,7.6784,8.1685,0.1518
2018-07-10,0.0021,7.6265,7.8740,0.0724
2018-07-11,0.0036,7.7106,7.7471,0.0370
2018-07-12,0.0030,7.7232,7.5634,-0.0132
2018-07-13,0.0031,7.7099,7.4044,-0.0570
2018-07-16,0.0020,7.6173,7.1466,-0.1264
2018-07-17,0.0044,7.5461,7.1386,-0.1307
2018-07-18,0.0026,7.4222,6.9547,-0.1809
2018-07-19,0.0029,7.2574,6.8136,-0.2200
2018-07-20,0.0024,7.2290,6.6303,-0.2701
2018-07-23,0.0029,7.1002,6.5111,-0.3035
2018-07-24,0.0047,7.2592,6.5710,-0.2901
2018-07-25,0.0043,6.8373,6.5866,-0.2885
2018-07-26,0.0025,6.6894,6.4324,-0.3316
2018-07-27,0.0070,6.4505,6.7150,-0.2593
2018-07-30,0.0047,6.2462,6.7610,-0.2495
2018-07-31,0.0039,6.0674,6.7224,-0.2621
2018-08-01,0.0047,6.0120,6.7679,-0.2527
2018-08-02,0.0060,6.1082,6.9358,-0.2108
2018-08-03,0.0022,5.9070,6.7328,-0.2672
2018-08-06,0.0037,5.7197,6.6805,-0.2837
2018-08-07,0.0018,5.6283,6.4486,-0.3481
2018-08-08,0.0023,5.6473,6.2813,-0.3948
2018-08-09,0.0025,5.5602,6.1403,-0.4344
2018-08-10,0.0039,5.6319,6.1433,-0.4354
2018-08-13,0.0051,5.7808,6.2572,-0.4070
2018-08-14,0.0032,5.8717,6.1827,-0.4289
2018-08-15,0.0060,5.9941,6.3867,-0.3767
2018-08-16,0.0043,6.1241,6.4118,-0.3723
2018-08-17,0.0048,6.2672,6.4836,-0.3551
2018-08-20,0.0022,6.2515,6.3002,-0.4058
2018-08-21,0.0029,6.2511,6.2004,-0.4340
2018-08-22,0.0028,6.1077,6.0982,-0.4626
2018-08-23,0.0036,6.0526,6.0727,-0.4708
2018-08-24,0.0021,6.0204,5.9089,-0.5159
2018-08-27,0.0021,5.6463,5.7515,-0.5591
2018-08-28,0.0024,5.4684,5.6311,-0.5923
2018-08-29,0.0033,5.4294,5.6113,-0.5982
2018-08-30,0.0039,5.3643,5.6414,-0.5905
2018-08-31,0.0035,5.1729,5.6357,-0.5926
2018-09-04,0.0037,5.2819,5.6480,-0.5901
2018-09-05,0.0042,5.3193,5.7080,-0.5743
2018-09-06,0.0056,5.6112,5.9022,-0.5226
2018-09-07,0.0048,5.7989,6.0041,-0.4961
2018-09-10,0.0025,5.8033,5.8853,-0.5292
2018-09-11,0.0052,5.9052,6.0321,-0.4909
2018-09-12,0.0038,5.8082,6.0303,-0.4929
2018-09-13,0.0020,5.7190,5.8571,-0.5414
2018-09-14,0.0030,5.4924,5.7951,-0.5600
2018-09-17,0.0032,5.4072,5.7484,-0.5745
2018-09-18,0.0041,5.3574,5.7972,-0.5632
2018-09-19,0.0021,5.3496,5.6452,-0.6066
2018-09-20,0.0028,5.3396,5.5720,-0.6284
2018-09-21,0.0030,5.3497,5.5203,-0.6445
2018-09-24,0.0027,5.2801,5.4418,-0.6680
2018-09-25,0.0021,5.2800,5.3157,-0.7041
2018-09-26,0.0063,5.6023,5.6000,-0.6287
2018-09-27,0.0043,5.7506,5.6755,-0.6100
2018-09-28,0.0030,5.7285,5.6252,-0.6259
2018-10-01,0.0046,5.7860,5.7269,-0.6005
2018-10-02,0.0029,5.7420,5.6606,-0.6211
2018-10-03,0.0043,5.7864,5.7274,-0.6056
2018-10-04,0.0079,6.0651,6.1338,-0.4971
2018-10-05,0.0092,6.3329,6.6399,-0.3613
2018-10-08,0.0066,6.4671,6.8666,-0.3027
2018-10-09,0.0050,6.6548,6.9326,-0.2885
2018-10-10,0.0110,7.0898,7.5646,-0.1175
2018-10-11,0.0188,8.2236,8.8995,0.2489
2018-10-12,0.0119,8.9718,9.4968,0.4101
2018-10-15,0.0062,9.2141,9.5217,0.4117
2018-10-16,0.0069,9.4982,9.6094,0.4308
2018-10-17,0.0089,9.8552,9.8764,0.5002
2018-10-18,0.0106,10.5010,10.2934,0.6117
2018-10-19,0.0094,10.9991,10.5689,0.6833
2018-10-22,0.0064,11.2608,10.5470,0.6709
2018-10-23,0.0155,12.2329,11.3918,0.9037
2018-10-24,0.0145,13.1701,12.0897,1.0941
2018-10-25,0.0125,13.6382,12.5573,1.2178
2018-10-26,0.0169,14.5919,13.4169,1.4506
2018-10-29,0.0258,16.3089,15.0657,1.8999
2018-10-30,0.0090,16.6419,15.0206,1.8674
2018-10-31,0.0080,17.0232,14.8770,1.8085
2018-11-01,0.0068,17.2110,14.6274,1.7216
2018-11-02,0.0136,17.6455,15.0472,1.8206
2018-11-05,0.0063,17.4244,14.7400,1.7179
2018-11-06,0.0033,17.1783,14.1706,1.5453
2018-11-07,0.0054,17.2095,13.8376,1.4403
2018-11-08,0.0050,16.7542,13.4818,1.3304
2018-11-09,0.0070,15.8648,13.3410,1.2808
2018-11-12,0.0088,15.6286,13.3741,1.2797
2018-11-13,0.0101,15.9190,13.5324,1.3129
2018-11-14,0.0136,16.4206,14.0114,1.4337
2018-11-15,0.0147,16.8600,14.5679,1.5737
2018-11-16,0.0080,16.6634,14.4557,1.5289
2018-11-19,0.0100,16.7137,14.5448,1.5397
2018-11-20,0.0097,16.9585,14.5928,1.5394
2018-11-21,0.0052,16.1825,14.2172,1.4240
2018-11-23,0.0044,15.4192,13.7838,1.2946
2018-11-26,0.0034,14.7329,13.2850,1.1486
2018-11-27,0.0056,13.8767,13.0221,1.0681
2018-11-28,0.0099,12.6775,13.1836,1.1043
2018-11-29,0.0080,12.5971,13.1501,1.0868
2018-11-30,0.0052,12.3866,12.8535,0.9970
2018-12-03,0.0068,12.3903,12.7300,0.9552
2018-12-04,0.0132,12.3612,13.2271,1.0843
2018-12-06,0.0184,13.2768,14.1826,1.3378
2018-12-07,0.0181,14.3973,15.0585,1.5656
2018-12-10,0.0173,15.2948,15.8032,1.7530
2018-12-11,0.0126,15.8705,16.0547,1.8031
2018-12-12,0.0092,16.0336,15.9651,1.7607
2018-12-13,0.0086,16.0192,15.8226,1.7051
2018-12-14,0.0086,15.9088,15.6949,1.6547
2018-12-17,0.0162,16.1053,16.2916,1.7984
2018-12-18,0.0121,15.9107,16.4662,1.8266
2018-12-19,0.0250,17.1940,17.8570,2.1738
2018-12-20,0.0181,17.8047,18.5115,2.3171
2018-12-21,0.0246,18.9370,19.7483,2.6029
2018-12-24,0.0119,19.4417,19.6992,2.5494
2018-12-26,0.0233,20.8706,20.7373,2.7697
2018-12-27,0.0237,22.3984,21.7463,2.9695
2018-12-28,0.0130,22.9587,21.6817,2.8975
2018-12-31,0.0072,22.7564,21.0687,2.6986
2019-01-02,0.0122,23.0800,20.9699,2.6315
2019-01-03,0.0087,23.3469,20.5404,2.4894
2019-01-04,0.0109,23.6568,20.3462,2.4085
2019-01-07,0.0110,23.4901,20.1763,2.3365
2019-01-08,0.0088,22.7646,19.8007,2.2191
2019-01-09,0.0071,21.9338,19.2926,2.0748
2019-01-10,0.0081,21.2368,18.9050,1.9624
2019-01-11,0.0048,20.6455,18.2254,1.7848
2019-01-14,0.0052,20.3417,17.6227,1.6287
2019-01-15,0.0046,20.0458,17.0080,1.4721
2019-01-16,0.0035,19.6595,16.3224,1.3003
2019-01-17,0.0083,19.0648,16.1322,1.2457
2019-01-18,0.0059,18.5931,15.7220,1.1401
2019-01-22,0.0092,17.3984,15.6521,1.1151
2019-01-23,0.0108,16.8429,15.7390,1.1271
2019-01-24,0.0054,15.3843,15.3043,1.0164
2019-01-25,0.0036,14.7557,14.7298,0.8730
2019-01-28,0.0056,13.4175,14.3800,0.7832
2019-01-29,0.0052,12.0221,14.0122,0.6893
2019-01-30,0.0091,11.7286,14.0419,0.6902
2019-01-31,0.0067,11.6889,13.8372,0.6350
2019-02-01,0.0051,11.1477,13.4904,0.5459
2019-02-04,0.0054,10.8979,13.1949,0.4692
2019-02-05,0.0032,10.3183,12.7111,0.3472
2019-02-06,0.0035,9.7504,12.2838,0.2401
2019-02-07,0.0080,9.6897,12.3052,0.2430
2019-02-08,0.0059,9.5949,12.1275,0.1984
2019-02-11,0.0037,9.2614,11.7495,0.1062
2019-02-12,0.0043,9.2250,11.4535,0.0362
2019-02-13,0.0033,9.0877,11.0840,-0.0510
2019-02-14,0.0069,9.2544,11.0717,-0.0517
2019-02-15,0.0019,9.1325,10.5886,-0.1662
2019-02-19,0.0045,8.8486,10.3848,-0.2127
2019-02-20,0.0038,8.6946,10.1253,-0.2725
2019-02-21,0.0042,8.3169,9.9153,-0.3202
2019-02-22,0.0027,7.7095,9.5812,-0.3976
2019-02-25,0.0043,7.6295,9.4151,-0.4340
2019-02-26,0.0034,7.6163,9.1773,-0.4879
2019-02-27,0.0051,7.5798,9.1147,-0.4993
2019-02-28,0.0027,7.3932,8.8277,-0.5649
2019-03-01,0.0051,7.0859,8.7812,-0.5720
2019-03-04,0.0115,7.4499,9.3508,-0.4292
2019-03-05,0.0032,7.3115,9.0989,-0.4860
2019-03-06,0.0035,7.1703,8.8890,-0.5324
2019-03-07,0.0060,7.3832,8.9317,-0.5174
2019-03-08,0.0049,7.4889,8.8644,-0.5293
2019-03-11,0.0047,7.2433,8.7815,-0.5453
2019-03-12,0.0028,7.0088,8.5197,-0.6047
2019-03-13,0.0048,7.0943,8.4659,-0.6136
2019-03-14,0.0029,6.9870,8.2317,-0.6660
2019-03-15,0.0043,7.0584,8.1456,-0.6824
2019-03-18,0.0025,6.7271,7.8921,-0.7392
2019-03-19,0.0070,7.1153,8.0889,-0.6872
2019-03-20,0.0076,7.3489,8.3294,-0.6248
2019-03-21,0.0074,7.6210,8.5362,-0.5712
2019-03-22,0.0062,7.7708,8.6103,-0.5500
2019-03-25,0.0062,8.0355,8.6879,-0.5278
2019-03-26,0.0064,8.1926,8.7733,-0.5035
2019-03-27,0.0090,8.6125,9.1033,-0.4199
2019-03-28,0.0051,8.6107,9.0427,-0.4303
2019-03-29,0.0040,8.7053,8.8792,-0.4654
2019-04-01,0.0032,8.5620,8.6491,-0.5164
2019-04-02,0.0035,7.9552,8.4621,-0.5563
2019-04-03,0.0049,8.0805,8.4214,-0.5605
2019-04-04,0.0033,8.0616,8.2283,-0.6017
2019-04-05,0.0017,7.7329,7.8965,-0.6767
2019-04-08,0.0034,7.6154,7.7432,-0.7079
2019-04-09,0.0028,7.4702,7.5447,-0.7502
2019-04-10,0.0021,7.4212,7.2953,-0.8049
2019-04-11,0.0027,7.2615,7.1137,-0.8427
2019-04-12,0.0026,7.2415,6.9355,-0.8796
2019-04-15,0.0031,7.1554,6.8186,-0.9013
2019-04-16,0.0036,7.2380,6.7489,-0.9112
2019-04-17,0.0044,7.0354,6.7590,-0.9015
2019-04-18,0.0040,6.7635,6.7366,-0.9000
2019-04-22,0.0025,6.3940,6.5735,-0.9331
2019-04-23,0.0044,6.2650,6.6028,-0.9188
2019-04-24,0.0022,5.9574,6.4134,-0.9582
2019-04-25,0.0049,5.8437,6.4919,-0.9315
2019-04-26,0.0045,5.5034,6.5299,-0.9150
2019-04-29,0.0024,5.2984,6.3655,-0.9481
2019-04-30,0.0055,5.4139,6.5082,-0.9059
2019-05-01,0.0043,5.4963,6.5241,-0.8952
2019-05-02,0.0075,5.7995,6.8467,-0.8098
2019-05-03,0.0028,5.6431,6.7058,-0.8382
2019-05-06,0.0080,6.0032,7.0694,-0.7431
2019-05-07,0.0107,6.6813,7.6616,-0.5926
2019-05-08,0.0060,6.8841,7.7779,-0.5593
2019-05-09,0.0095,7.3917,8.2168,-0.4474
2019-05-10,0.0158,8.4263,9.2307,-0.1954
2019-05-13,0.0075,8.7867,9.3871,-0.1545
2019-05-14,0.0074,9.1523,9.5332,-0.1166
2019-05-15,0.0086,9.5615,9.7760,-0.0554
2019-05-16,0.0078,9.8786,9.9284,-0.0169
2019-05-17,0.0077,10.1310,10.0658,0.0175
2019-05-20,0.0056,10.2504,9.9954,0.0006
2019-05-21,0.0029,10.2786,9.6723,-0.0785
2019-05-22,0.0036,10.2109,9.4303,-0.1377
2019-05-23,0.0071,10.5872,9.5454,-0.1093
2019-05-24,0.0051,10.6050,9.4585,-0.1306
2019-05-28,0.0076,10.8415,9.6164,-0.0919
2019-05-29,0.0064,11.1454,9.6498,-0.0841
2019-05-30,0.0056,11.1546,9.6070,-0.0947
2019-05-31,0.0035,11.0971,9.3646,-0.1544
2019-06-03,0.0087,11.1863,9.6291,-0.0897
2019-06-04,0.0055,11.3908,9.5789,-0.1027
2019-06-05,0.0064,11.2653,9.6120,-0.0955
2019-06-06,0.0066,10.9591,9.6658,-0.0835
2019-06-07,0.0065,10.9968,9.7094,-0.0742
2019-06-10,0.0047,10.6334,9.5745,-0.1087
2019-06-11,0.0069,9.9569,9.6545,-0.0906
2019-06-12,0.0034,9.6465,9.3944,-0.1564
2019-06-13,0.0030,9.3124,9.1192,-0.2259
2019-06-14,0.0036,8.9403,8.9180,-0.2772
2019-06-17,0.0024,8.5381,8.6150,-0.3535
2019-06-18,0.0057,8.3851,8.6385,-0.3492
2019-06-19,0.0048,8.3209,8.5728,-0.3669
2019-06-20,0.0063,8.5779,8.6589,-0.3470
2019-06-21,0.0041,8.6199,8.5305,-0.3804
2019-06-24,0.0023,8.2511,8.2349,-0.4549
2019-06-25,0.0042,8.1854,8.1440,-0.4789
2019-06-26,0.0040,7.9087,8.0320,-0.5073
2019-06-27,0.0023,7.6012,7.7731,-0.5719
2019-06-28,0.0031,7.4080,7.5994,-0.6144
2019-07-01,0.0059,7.5926,7.7101,-0.5862
2019-07-02,0.0037,7.2191,7.6033,-0.6118
2019-07-03,0.0021,6.9570,7.3444,-0.6746
2019-07-05,0.0060,6.9317,7.4797,-0.6399
2019-07-08,0.0024,6.6132,7.2602,-0.6929
2019-07-09,0.0033,6.3643,7.1344,-0.7223
2019-07-10,0.0043,6.3314,7.1125,-0.7262
2019-07-11,0.0032,6.0533,6.9899,-0.7553
2019-07-12,0.0018,5.9394,6.7461,-0.8140
2019-07-15,0.0020,5.8611,6.5311,-0.8654
2019-07-16,0.0028,5.7982,6.4059,-0.8947
2019-07-17,0.0025,5.8020,6.2585,-0.9295
2019-07-18,0.0049,5.7448,6.3513,-0.9053
2019-07-19,0.0042,5.7046,6.3722,-0.8991
2019-07-22,0.0033,5.4752,6.3013,-0.9157
2019-07-23,0.0034,5.4243,6.2503,-0.9276
2019-07-24,0.0032,5.4942,6.1796,-0.9444
2019-07-25,0.0037,5.4505,6.1569,-0.9492
2019-07-26,0.0025,5.3405,6.0255,-0.9805
2019-07-29,0.0025,5.3561,5.9067,-1.0087
2019-07-30,0.0036,5.3994,5.8994,-1.0089
2019-07-31,0.0119,5.8501,6.6801,-0.8172
2019-08-01,0.0152,6.7187,7.7295,-0.5610
2019-08-02,0.0071,7.1026,7.9467,-0.5092
2019-08-05,0.0148,7.7650,8.8806,-0.2819
2019-08-06,0.0080,8.1849,9.1061,-0.2290
2019-08-07,0.0155,9.1105,10.0358,-0.0033
2019-08-08,0.0060,9.2384,10.0009,-0.0154
2019-08-09,0.0083,9.6207,10.1867,0.0267
2019-08-12,0.0066,9.9805,10.2045,0.0272
2019-08-13,0.0128,10.7978,10.8118,0.1735
2019-08-14,0.0068,11.0990,10.8093,0.1687
2019-08-15,0.0077,11.4968,10.8988,0.1867
2019-08-16,0.0049,11.4923,10.7075,0.1349
2019-08-19,0.0036,11.4487,10.4122,0.0573
2019-08-20,0.0043,11.5262,10.1965,-0.0003
2019-08-21,0.0026,11.4607,9.8292,-0.0961
2019-08-22,0.0082,11.8385,10.0198,-0.0521
2019-08-23,0.0179,12.9139,11.1218,0.2206
2019-08-26,0.0052,13.1144,10.9451,0.1715
2019-08-27,0.0078,13.5133,11.0337,0.1892
2019-08-28,0.0070,13.7707,11.0431,0.1868
2019-08-29,0.0052,13.2632,10.8758,0.1394
2019-08-30,0.0061,12.5772,10.8090,0.1175
2019-09-03,0.0055,12.4494,10.6804,0.0797
2019-09-04,0.0030,11.5573,10.3263,-0.0158
2019-09-05,0.0051,11.3386,10.1895,-0.0557
2019-09-06,0.0030,10.3904,9.8593,-0.1454
2019-09-09,0.0043,10.2633,9.6750,-0.1974
2019-09-10,0.0050,10.0203,9.5742,-0.2278
2019-09-11,0.0045,9.8617,9.4289,-0.2699
2019-09-12,0.0047,9.2456,9.3064,-0.3059
2019-09-13,0.0032,8.9777,9.0567,-0.3751
2019-09-16,0.0027,8.5960,8.7704,-0.4542
2019-09-17,0.0021,8.3863,8.4425,-0.5443
2019-09-18,0.0068,8.6268,8.5863,-0.5109
2019-09-19,0.0044,8.6316,8.4861,-0.5414
2019-09-20,0.0067,8.9407,8.6109,-0.5130
2019-09-23,0.0036,8.5943,8.4382,-0.5634
2019-09-24,0.0093,7.9446,8.8164,-0.4678
2019-09-25,0.0081,8.1668,9.0580,-0.4086
2019-09-26,0.0053,7.9790,9.0232,-0.4234
2019-09-27,0.0086,8.0994,9.3049,-0.3529
2019-09-30,0.0034,7.9661,9.0740,-0.4201
2019-10-01,0.0090,8.1843,9.3902,-0.3398
2019-10-02,0.0092,8.4669,9.7028,-0.2602
2019-10-03,0.0124,9.1769,10.3020,-0.1024
2019-10-04,0.0046,9.1452,10.1267,-0.1557
2019-10-07,0.0057,9.3498,10.0580,-0.1793
2019-10-08,0.0054,9.4366,9.9713,-0.2073
2019-10-09,0.0050,9.4343,9.8497,-0.2446
2019-10-10,0.0063,9.5707,9.8598,-0.2456
2019-10-11,0.0070,9.7490,9.9361,-0.2274
2019-10-14,0.0024,9.6823,9.5645,-0.3313
2019-10-15,0.0053,9.8794,9.4961,-0.3502
2019-10-16,0.0029,9.9425,9.2042,-0.4308
2019-10-17,0.0038,9.7170,9.0182,-0.4816
2019-10-18,0.0052,9.7771,8.9678,-0.4944
2019-10-21,0.0019,9.4147,8.6071,-0.5921
2019-10-22,0.0034,9.4017,8.4181,-0.6416
2019-10-23,0.0023,8.8770,8.1364,-0.7162
2019-10-24,0.0036,8.5345,7.9873,-0.7528
2019-10-25,0.0045,8.4680,7.9330,-0.7626
2019-10-28,0.0023,7.9922,7.6807,-0.8262
2019-10-29,0.0030,7.9608,7.5076,-0.8672
2019-10-30,0.0054,7.6883,7.5745,-0.8418
2019-10-31,0.0052,7.3850,7.6138,-0.8242
2019-11-01,0.0018,6.5838,7.3288,-0.8958
2019-11-04,0.0024,6.4113,7.1146,-0.9475
2019-11-05,0.0024,6.1655,6.9169,-0.9945
2019-11-06,0.0028,5.9705,6.7729,-1.0263
2019-11-07,0.0040,5.8944,6.7473,-1.0253
2019-11-08,0.0038,5.7036,6.7032,-1.0293
2019-11-11,0.0025,5.3651,6.5425,-1.0654
2019-11-12,0.0041,5.4934,6.5361,-1.0587
2019-11-13,0.0039,5.3899,6.5190,-1.0550
2019-11-14,0.0032,5.4119,6.4334,-1.0701
2019-11-15,0.0026,5.3172,6.2943,-1.0998
2019-11-18,0.0026,5.1258,6.1662,-1.1263
2019-11-19,0.0029,5.2017,6.0693,-1.1440
2019-11-20,0.0062,5.4069,6.2911,-1.0742
2019-11-21,0.0034,5.4871,6.2380,-1.0804
2019-11-22,0.0031,5.4516,6.1581,-1.0939
2019-11-25,0.0018,5.2532,5.9635,-1.1386
2019-11-26,0.0024,5.2558,5.8327,-1.1653
2019-11-27,0.0018,5.1660,5.6572,-1.2038
2019-11-29,0.0021,4.9169,5.5214,-1.2311
2019-12-02,0.0047,4.8797,5.6369,-1.1894
2019-12-03,0.0055,5.1614,5.8255,-1.1284
2019-12-04,0.0034,5.2358,5.7953,-1.1276
2019-12-05,0.0035,5.3221,5.7855,-1.1212
2019-12-06,0.0028,5.3200,5.7067,-1.1339
2019-12-09,0.0028,5.2281,5.6293,-1.1465
2019-12-10,0.0036,5.2118,5.6318,-1.1380
2019-12-11,0.0021,5.1811,5.4967,-1.1676
2019-12-12,0.0065,5.3686,5.7892,-1.0795
2019-12-13,0.0058,5.5111,5.9965,-1.0150
2019-12-16,0.0027,5.4744,5.8960,-1.0358
2019-12-17,0.0015,5.3911,5.6841,-1.0884
2019-12-18,0.0014,5.3002,5.4782,-1.1396
2019-12-19,0.0014,5.1913,5.2853,-1.1899
2019-12-20,0.0021,4.8828,5.1655,-1.2216
2019-12-23,0.0011,4.7112,4.9638,-1.2814
2019-12-24,0.0012,4.5710,4.7836,-1.3366
2019-12-26,0.0014,4.5382,4.6301,-1.3902
2019-12-27,0.0026,4.5557,4.6015,-1.4138
2019-12-30,0.0039,4.7135,4.6986,-1.4002
2019-12-31,0.0031,4.7864,4.7122,-1.4114
2020-01-02,0.0042,4.7516,4.8324,-1.3889
2020-01-03,0.0049,4.7071,5.0132,-1.3440
2020-01-06,0.0044,4.7845,5.1292,-1.3205
2020-01-07,0.0026,4.7107,5.0665,-1.3615
2020-01-08,0.0060,4.9516,5.3342,-1.2807
2020-01-09,0.0020,4.8909,5.2027,-1.3480
2020-01-10,0.0036,4.8945,5.2354,-1.3529
2020-01-13,0.0028,4.9430,5.1852,-1.3887
2020-01-14,0.0036,4.7248,5.2215,-1.3873
2020-01-15,0.0036,4.5588,5.2537,-1.3848
2020-01-16,0.0016,4.4741,5.0910,-1.4633
2020-01-17,0.0021,4.5174,4.9820,-1.5200
2020-01-21,0.0028,4.6222,4.9502,-1.5415
2020-01-22,0.0034,4.7740,4.9803,-1.5358
2020-01-23,0.0050,4.9963,5.1589,-1.4627
2020-01-24,0.0085,5.5525,5.6584,-1.2326
2020-01-27,0.0053,5.8567,5.8199,-1.1577
2020-01-28,0.0058,6.1901,6.0243,-1.0586
2020-01-29,0.0035,6.2581,5.9976,-1.0721
2020-01-30,0.0078,6.5497,6.3784,-0.8786
2020-01-31,0.0100,7.0677,6.9438,-0.5833
2020-02-03,0.0067,7.2512,7.1615,-0.4636
2020-02-04,0.0046,7.2290,7.1745,-0.4506
2020-02-05,0.0047,7.2555,7.1942,-0.4336
2020-02-06,0.0029,7.2778,7.0357,-0.5144
2020-02-07,0.0038,7.1133,6.9780,-0.5405
2020-02-10,0.0037,7.2443,6.9129,-0.5713
2020-02-11,0.0046,7.3165,6.9339,-0.5535
2020-02-12,0.0018,7.2452,6.6920,-0.6856
2020-02-13,0.0049,7.3424,6.7603,-0.6403
2020-02-14,0.0030,7.2968,6.6427,-0.7022
2020-02-18,0.0041,7.4833,6.6318,-0.7023
2020-02-19,0.0029,7.5451,6.5081,-0.7680
2020-02-20,0.0100,8.0910,7.0726,-0.4319
2020-02-21,0.0054,8.2373,7.1597,-0.3754
2020-02-24,0.0078,8.4455,7.4699,-0.1882
2020-02-25,0.0186,9.2059,8.7888,0.5922
2020-02-26,0.0159,10.0066,9.7714,1.1696
2020-02-27,0.0219,11.2223,11.2705,2.0344
2020-02-28,0.0240,12.7706,12.8798,2.9187
2020-03-02,0.0245,14.0373,14.4437,3.7032
2020-03-03,0.0318,15.6898,16.6074,4.6862
2020-03-04,0.0142,16.2623,16.9666,4.6510
2020-03-05,0.0162,17.1369,17.4933,4.6857
2020-03-06,0.0199,18.2847,18.3402,4.8407
2020-03-09,0.0198,19.5683,19.1302,4.9330
2020-03-10,0.0343,21.8705,21.2477,5.4878
2020-03-11,0.0237,23.3822,22.2311,5.5070
2020-03-12,0.0343,25.6297,24.1649,5.8020
2020-03-13,0.0494,29.2277,27.4225,6.3674
2020-03-16,0.0418,32.0138,29.7576,6.4879
2020-03-17,0.0470,35.3411,32.4524,6.6089
2020-03-18,0.0508,38.8710,35.3407,6.6830
2020-03-19,0.0433,41.9269,37.3449,6.5180
2020-03-20,0.0330,43.6634,38.2471,6.1660
2020-03-23,0.0310,45.6005,38.9046,5.8352
2020-03-24,0.0159,46.2134,38.0823,5.3227
2020-03-25,0.0464,48.3148,40.2122,5.3538
2020-03-26,0.0208,48.6920,39.7847,4.9904
2020-03-27,0.0262,49.0154,39.8904,4.7566
2020-03-30,0.0172,48.5010,39.1344,4.4346
2020-03-31,0.0176,47.9805,38.4672,4.1648
2020-04-01,0.0203,47.1080,38.0902,3.9629
2020-04-02,0.0138,47.0776,37.1220,3.7058
2020-04-03,0.0211,47.4504,36.9092,3.5673
2020-04-06,0.0187,47.3568,36.4732,3.4127
2020-04-07,0.0184,47.2478,36.0378,3.2703
2020-04-08,0.0206,46.2143,35.8387,3.1661
2020-04-09,0.0140,45.4767,35.0173,2.9962
2020-04-13,0.0150,44.0204,34.3489,2.8549
2020-04-14,0.0074,40.8470,32.9971,2.6438
2020-04-15,0.0099,38.4350,31.9585,2.4792
2020-04-16,0.0107,35.6889,31.0612,2.3382
2020-04-17,0.0097,32.5862,30.1236,2.1986
2020-04-20,0.0110,30.1456,29.3656,2.0842
2020-04-21,0.0103,28.4323,28.5879,1.9715
2020-04-22,0.0096,26.8127,27.7842,1.8595
2020-04-23,0.0124,26.5492,27.2971,1.7852
2020-04-24,0.0116,23.9251,26.7677,1.7082
2020-04-27,0.0069,22.8674,25.8141,1.5870
2020-04-28,0.0109,21.7101,25.3000,1.5160
2020-04-29,0.0093,21.1116,24.6652,1.4334
2020-04-30,0.0085,20.4176,23.9918,1.3480
2020-05-01,0.0083,19.5138,23.3444,1.2669
2020-05-04,0.0099,19.2170,22.8871,1.2074
2020-05-05,0.0085,18.2616,22.3246,1.1374
2020-05-06,0.0076,17.4258,21.7106,1.0629
2020-05-07,0.0062,16.5028,20.9979,0.9787
2020-05-08,0.0055,15.3617,20.2634,0.8931
2020-05-11,0.0094,15.0145,19.9391,0.8525
2020-05-12,0.0111,14.7169,19.8004,0.8321
2020-05-13,0.0175,15.4807,20.2839,0.8783
2020-05-14,0.0175,16.0591,20.7370,0.9208
2020-05-15,0.0095,15.9659,20.3954,0.8785
2020-05-18,0.0099,15.9794,20.1148,0.8430
2020-05-19,0.0085,15.7864,19.7141,0.7952
2020-05-20,0.0051,15.3918,19.0183,0.7163
2020-05-21,0.0084,15.3043,18.6786,0.6757
2020-05-22,0.0053,14.7715,18.0665,0.6065
2020-05-26,0.0075,14.4566,17.6941,0.5631
2020-05-27,0.0151,15.0790,18.0692,0.5991
2020-05-28,0.0099,15.0081,17.9304,0.5806
2020-05-29,0.0112,15.1503,17.9170,0.5753
2020-06-01,0.0062,14.9800,17.4338,0.5204
2020-06-02,0.0060,14.8019,16.9556,0.4664
2020-06-03,0.0055,14.4670,16.4596,0.4107
2020-06-04,0.0088,14.4852,16.3058,0.3915
2020-06-05,0.0088,14.5780,16.1697,0.3742
2020-06-08,0.0052,14.5049,15.6974,0.3216
2020-06-09,0.0064,14.5729,15.3667,0.2840
2020-06-10,0.0080,14.4734,15.2107,0.2651
2020-06-11,0.0146,14.7389,15.6902,0.3134
2020-06-12,0.0234,15.1844,16.9816,0.4473
2020-06-15,0.0221,15.5312,18.0699,0.5589
2020-06-16,0.0175,16.1396,18.6550,0.6165
2020-06-17,0.0060,15.8443,18.1067,0.5542
2020-06-18,0.0054,15.6105,17.5318,0.4894
2020-06-19,0.0141,16.2867,17.8189,0.5160
2020-06-22,0.0082,16.2727,17.5337,0.4819
2020-06-23,0.0061,16.3285,17.0606,0.4280
2020-06-24,0.0140,16.8240,17.3728,0.4573
2020-06-25,0.0123,16.6119,17.4999,0.4669
2020-06-26,0.0093,16.5650,17.3363,0.4456
2020-06-29,0.0105,16.5136,17.2938,0.4371
2020-06-30,0.0106,16.8414,17.2610,0.4298
2020-07-01,0.0059,16.8341,16.7838,0.3753
2020-07-02,0.0089,17.0916,16.6227,0.3545
2020-07-06,0.0038,16.7141,15.9834,0.2831
2020-07-07,0.0082,16.6671,15.8074,0.2609
2020-07-08,0.0072,16.8145,15.5427,0.2293
2020-07-09,0.0136,17.3571,15.9048,0.2644
2020-07-10,0.0093,17.4553,15.8403,0.2540
2020-07-13,0.0163,17.5857,16.4463,0.3148
2020-07-14,0.0121,16.7266,16.6099,0.3283
2020-07-15,0.0082,15.6771,16.3981,0.3018
2020-07-16,0.0046,14.6997,15.8520,0.2395
2020-07-17,0.0061,14.7092,15.4838,0.1964
2020-07-20,0.0079,14.8990,15.3055,0.1736
2020-07-21,0.0060,14.2922,14.9616,0.1332
2020-07-22,0.0040,13.9724,14.4449,0.0742
2020-07-23,0.0104,14.2993,14.5691,0.0841
2020-07-24,0.0060,13.6897,14.2626,0.0477
2020-07-27,0.0046,13.1102,13.8461,-0.0007
2020-07-28,0.0052,12.8001,13.5110,-0.0402
2020-07-29,0.0056,12.4292,13.2306,-0.0738
2020-07-30,0.0099,12.3776,13.3768,-0.0610
2020-07-31,0.0113,12.7891,13.6511,-0.0337
2020-08-03,0.0037,12.3988,13.1862,-0.0866
2020-08-04,0.0031,12.3478,12.6887,-0.1424
2020-08-05,0.0021,11.8838,12.1258,-0.2051
2020-08-06,0.0050,11.7207,11.8764,-0.2331
2020-08-07,0.0046,11.0401,11.6010,-0.2639
2020-08-10,0.0058,10.7740,11.4595,-0.2799
2020-08-11,0.0093,10.2406,11.6563,-0.2591
2020-08-12,0.0050,9.7068,11.4346,-0.2836
2020-08-13,0.0050,9.4622,11.2252,-0.3066
2020-08-14,0.0035,9.3759,10.8807,-0.3441
2020-08-17,0.0017,9.0446,10.3933,-0.3971
2020-08-18,0.0052,8.8405,10.2633,-0.4112
2020-08-19,0.0053,8.7878,10.1555,-0.4229
2020-08-20,0.0060,8.9392,10.1180,-0.4272
2020-08-21,0.0038,8.4395,9.8722,-0.4539
2020-08-24,0.0031,8.2234,9.5752,-0.4854
2020-08-25,0.0035,8.1407,9.3358,-0.5107
2020-08-26,0.0055,8.1629,9.2992,-0.5137
2020-08-27,0.0067,8.2486,9.3796,-0.5041
2020-08-28,0.0044,7.8388,9.2404,-0.5184
2020-08-31,0.0040,7.2871,9.0678,-0.5363
2020-09-01,0.0058,7.4455,9.0775,-0.5344
2020-09-02,0.0083,7.8375,9.3204,-0.5074
2020-09-03,0.0199,9.1836,10.6557,-0.3624
2020-09-04,0.0264,10.7991,12.5300,-0.1598
2020-09-08,0.0077,11.0332,12.5104,-0.1633
2020-09-09,0.0108,11.4103,12.7895,-0.1343
2020-09-10,0.0150,11.8400,13.4479,-0.0644
2020-09-11,0.0122,12.3823,13.8019,-0.0278
2020-09-14,0.0074,12.5603,13.6748,-0.0437
2020-09-15,0.0062,12.7652,13.4415,-0.0712
2020-09-16,0.0079,13.2341,13.3912,-0.0789
2020-09-17,0.0096,13.5676,13.5016,-0.0690
2020-09-18,0.0131,14.1520,13.9359,-0.0239
2020-09-21,0.0122,14.6226,14.2645,0.0096
2020-09-22,0.0099,15.0853,14.3529,0.0167
2020-09-23,0.0116,15.7285,14.5975,0.0410
2020-09-24,0.0146,16.5643,15.1099,0.0946
2020-09-25,0.0122,17.0744,15.3696,0.1204
2020-09-28,0.0049,16.9362,14.9116,0.0677
2020-09-29,0.0057,17.0346,14.5644,0.0272
2020-09-30,0.0104,17.5171,14.6804,0.0377
2020-10-01,0.0074,17.6394,14.5073,0.0165
2020-10-02,0.0094,17.7273,14.5353,0.0178
2020-10-05,0.0045,16.5654,14.0937,-0.0326
2020-10-06,0.0134,15.5866,14.5285,0.0134
2020-10-07,0.0059,15.4487,14.2151,-0.0230
2020-10-08,0.0032,14.8746,13.6686,-0.0850
2020-10-09,0.0038,14.0324,13.2131,-0.1367
2020-10-12,0.0081,13.7208,13.1886,-0.1409
2020-10-13,0.0054,13.5732,12.9123,-0.1729
2020-10-14,0.0083,13.7343,12.9277,-0.1728
2020-10-15,0.0083,13.7600,12.9406,-0.1732
2020-10-16,0.0069,13.5582,12.8238,-0.1879
2020-10-19,0.0118,13.4661,13.1827,-0.1501
2020-10-20,0.0084,13.1780,13.1935,-0.1511
2020-10-21,0.0065,12.9179,13.0184,-0.1726
2020-10-22,0.0089,12.7125,13.0843,-0.1677
2020-10-23,0.0053,12.0132,12.8064,-0.2008
2020-10-26,0.0141,12.1541,13.3819,-0.1394
2020-10-27,0.0037,12.0637,12.9291,-0.1923
2020-10-28,0.0082,12.2499,12.9356,-0.1942
2020-10-29,0.0163,12.6932,13.7078,-0.1110
2020-10-30,0.0147,13.2418,14.2843,-0.0497
2020-11-02,0.0105,13.3191,14.4231,-0.0374
2020-11-03,0.0094,13.6869,14.4517,-0.0375
2020-11-04,0.0152,13.8217,15.0349,0.0243
2020-11-05,0.0075,13.9491,14.8516,0.0001
2020-11-06,0.0075,14.2741,14.6763,-0.0232
2020-11-09,0.0185,15.3846,15.5596,0.0725
2020-11-10,0.0091,15.4594,15.4886,0.0606
2020-11-11,0.0045,15.3905,14.9875,0.0002
2020-11-12,0.0090,15.4442,14.9460,-0.0083
2020-11-13,0.0058,15.2587,14.6041,-0.0509
2020-11-16,0.0031,14.9693,14.0228,-0.1207
2020-11-17,0.0068,14.5841,13.8244,-0.1470
2020-11-18,0.0067,14.4544,13.6334,-0.1726
2020-11-19,0.0072,14.5108,13.5029,-0.1911
2020-11-20,0.0030,14.0648,12.9777,-0.2549
2020-11-23,0.0071,14.1982,12.8744,-0.2703
2020-11-24,0.0061,13.5964,12.6875,-0.2955
2020-11-25,0.0033,13.5688,12.2416,-0.3506
2020-11-27,0.0029,13.1681,11.7845,-0.4070
2020-11-30,0.0075,12.5048,11.7901,-0.4102
2020-12-01,0.0056,11.8196,11.6182,-0.4338
2020-12-02,0.0043,11.3572,11.3342,-0.4703
2020-12-03,0.0049,11.0194,11.1226,-0.4984
2020-12-04,0.0026,10.0657,10.7039,-0.5506
2020-12-07,0.0035,9.7614,10.3971,-0.5898
2020-12-08,0.0047,9.5456,10.2171,-0.6142
2020-12-09,0.0082,8.7676,10.3878,-0.5975
2020-12-10,0.0062,8.5555,10.3598,-0.6043
2020-12-11,0.0062,8.6823,10.3261,-0.6115
2020-12-14,0.0088,8.6656,10.5433,-0.5891
2020-12-15,0.0049,8.5982,10.3806,-0.6116
2020-12-16,0.0043,8.6860,10.1634,-0.6406
2020-12-17,0.0023,8.3476,9.7701,-0.6907
2020-12-18,0.0075,8.4068,9.8970,-0.6792
2020-12-21,0.0127,8.8192,10.5102,-0.6100
2020-12-22,0.0038,8.8823,10.2441,-0.6459
2020-12-23,0.0042,8.6605,10.0254,-0.6763
2020-12-24,0.0023,8.3713,9.6451,-0.7261
2020-12-28,0.0026,8.3174,9.3138,-0.7701
2020-12-29,0.0049,8.4668,9.2206,-0.7853
2020-12-30,0.0026,8.1008,8.9188,-0.8256
2020-12-31,0.0050,8.0558,8.8626,-0.8361
2021-01-04,0.0174,9.0444,9.9896,-0.7033
2021-01-05,0.0065,9.1677,10.0139,-0.7044
2021-01-06,0.0134,9.9831,10.6891,-0.6264
2021-01-07,0.0059,10.1656,10.6133,-0.6398
2021-01-08,0.0079,10.4070,10.7244,-0.6305
2021-01-11,0.0053,10.1880,10.5887,-0.6515
2021-01-12,0.0064,10.1984,10.5617,-0.6591
2021-01-13,0.0053,10.1347,10.4357,-0.6790
2021-01-14,0.0047,9.8292,10.2613,-0.7049
2021-01-15,0.0065,9.9489,10.2665,-0.7087
2021-01-19,0.0035,9.8941,9.9871,-0.7479
2021-01-20,0.0056,10.1429,9.9179,-0.7610
2021-01-21,0.0029,9.7981,9.6014,-0.8050
2021-01-22,0.0040,9.1430,9.4069,-0.8335
2021-01-25,0.0114,9.7192,9.9331,-0.7711
2021-01-26,0.0036,9.6809,9.6847,-0.8060
2021-01-27,0.0135,10.5234,10.3863,-0.7211
2021-01-28,0.0129,11.3039,10.9941,-0.6482
2021-01-29,0.0118,11.8296,11.4625,-0.5927
2021-02-01,0.0085,12.2724,11.5840,-0.5807
2021-02-02,0.0076,12.4704,11.6174,-0.5799
2021-02-03,0.0054,11.5658,11.4393,-0.6059
2021-02-04,0.0033,11.3219,11.0693,-0.6564
2021-02-05,0.0033,10.5588,10.7197,-0.7044
2021-02-08,0.0021,10.2652,10.2721,-0.7649
2021-02-09,0.0028,9.8862,9.9261,-0.8122
2021-02-10,0.0082,10.1064,10.1158,-0.7906
2021-02-11,0.0064,10.1105,10.1224,-0.7930
2021-02-12,0.0043,10.0342,9.9266,-0.8213
2021-02-16,0.0046,10.0267,9.7733,-0.8442
2021-02-17,0.0056,9.9599,9.7236,-0.8537
2021-02-18,0.0067,10.1982,9.7770,-0.8499
2021-02-19,0.0044,10.1079,9.6066,-0.8746
2021-02-22,0.0049,10.2588,9.4989,-0.8910
2021-02-23,0.0161,11.1755,10.4656,-0.7675
2021-02-24,0.0094,11.0241,10.7376,-0.7336
2021-02-25,0.0148,11.8663,11.5021,-0.6348
2021-02-26,0.0124,11.7847,11.9918,-0.5712
2021-03-01,0.0090,11.4907,12.1329,-0.5522
2021-03-02,0.0044,10.9244,11.8194,-0.5916
2021-03-03,0.0073,10.8335,11.8050,-0.5906
2021-03-04,0.0209,11.8384,13.0913,-0.4202
2021-03-05,0.0213,13.0332,14.3301,-0.2565
2021-03-08,0.0107,13.5924,14.4914,-0.2334
2021-03-09,0.0087,13.9976,14.4469,-0.2369
2021-03-10,0.0056,14.2676,14.1160,-0.2766
2021-03-11,0.0071,14.5894,13.9447,-0.2951
2021-03-12,0.0045,14.3031,13.5326,-0.3442
2021-03-15,0.0073,14.3658,13.4131,-0.3540
2021-03-16,0.0046,14.3880,13.0479,-0.3959
2021-03-17,0.0077,14.6178,12.9968,-0.3961
2021-03-18,0.0087,14.8469,13.0424,-0.3832
2021-03-19,0.0078,14.9346,13.0072,-0.3813
2021-03-22,0.0063,15.0831,12.8302,-0.3994
2021-03-23,0.0074,15.2718,12.7668,-0.4023
2021-03-24,0.0082,14.6739,12.7840,-0.3936
2021-03-25,0.0110,14.7918,13.0655,-0.3457
2021-03-26,0.0062,14.1388,12.8676,-0.3695
2021-03-29,0.0069,13.7225,12.7507,-0.3821
2021-03-30,0.0042,13.3541,12.3820,-0.4369
2021-03-31,0.0048,13.3873,12.0955,-0.4811
2021-04-01,0.0025,13.0286,11.6125,-0.5625
2021-04-05,0.0053,11.8487,11.4237,-0.5957
2021-04-06,0.0031,10.4785,11.0362,-0.6683
2021-04-07,0.0024,9.8513,10.6047,-0.7542
2021-04-08,0.0025,9.3835,10.2040,-0.8398
2021-04-09,0.0031,9.1937,9.8885,-0.9147
2021-04-12,0.0029,8.8738,9.5679,-0.9953
2021-04-13,0.0036,8.8121,9.3406,-1.0606
2021-04-14,0.0046,8.6112,9.2196,-1.1035
2021-04-15,0.0034,8.5231,8.9949,-1.1717
2021-04-16,0.0030,8.1722,8.7449,-1.2482
2021-04-19,0.0045,7.8590,8.6509,-1.2879
2021-04-20,0.0059,7.7156,8.6985,-1.2917
2021-04-21,0.0048,7.6019,8.6368,-1.3229
2021-04-22,0.0079,7.6383,8.8709,-1.2735
2021-04-23,0.0071,7.5519,9.0130,-1.2470
2021-04-26,0.0020,6.8679,8.6589,-1.3602
2021-04-27,0.0029,6.6209,8.4142,-1.4426
2021-04-28,0.0033,6.3518,8.2255,-1.5098
2021-04-29,0.0070,6.5683,8.4011,-1.4664
2021-04-30,0.0030,6.4343,8.1846,-1.5409
2021-05-03,0.0036,6.5135,8.0360,-1.5934
2021-05-04,0.0083,6.7390,8.3460,-1.4995
2021-05-05,0.0043,6.8285,8.2559,-1.5315
2021-05-06,0.0080,7.2534,8.5266,-1.4438
2021-05-07,0.0051,7.4553,8.5049,-1.4497
2021-05-10,0.0056,7.6405,8.5248,-1.4394
2021-05-11,0.0086,8.0765,8.8353,-1.3306
2021-05-12,0.0087,8.4592,9.1341,-1.2250
2021-05-13,0.0079,8.7089,9.3401,-1.1521
2021-05-14,0.0063,8.9207,9.3751,-1.1394
2021-05-17,0.0049,9.0591,9.2767,-1.1731
2021-05-18,0.0046,9.0679,9.1619,-1.2126
2021-05-19,0.0092,9.3166,9.4922,-1.0911
2021-05-20,0.0066,9.4529,9.5546,-1.0644
2021-05-21,0.0060,9.3077,9.5507,-1.0614
2021-05-24,0.0053,9.1737,9.4831,-1.0809
2021-05-25,0.0045,9.3647,9.3415,-1.1275
2021-05-26,0.0031,9.3772,9.0716,-1.2231
2021-05-27,0.0026,9.3242,8.7767,-1.3282
2021-05-28,0.0023,8.9655,8.4673,-1.4390
2021-06-01,0.0057,9.1714,8.5061,-1.4161
2021-06-02,0.0032,9.1417,8.3009,-1.4850
2021-06-03,0.0062,8.9783,8.3891,-1.4407
2021-06-04,0.0030,8.8759,8.1674,-1.5145
2021-06-07,0.0028,8.4767,7.9404,-1.5891
2021-06-08,0.0046,8.4390,7.9064,-1.5885
2021-06-09,0.0023,8.1957,7.6556,-1.6693
2021-06-10,0.0047,7.8952,7.6396,-1.6597
2021-06-11,0.0026,7.4343,7.4295,-1.7243
2021-06-14,0.0034,7.0961,7.3116,-1.7569
2021-06-15,0.0029,6.8399,7.1455,-1.8122
2021-06-16,0.0074,7.0310,7.4216,-1.7025
2021-06-17,0.0061,7.1397,7.5551,-1.6454
2021-06-18,0.0038,6.7257,7.4603,-1.6743
2021-06-21,0.0046,6.5731,7.4522,-1.6712
2021-06-22,0.0056,6.5433,7.5369,-1.6309
2021-06-23,0.0023,6.3143,7.3017,-1.7145
2021-06-24,0.0019,6.1206,7.0468,-1.8067
2021-06-25,0.0023,6.0638,6.8431,-1.8790
2021-06-28,0.0028,6.0747,6.6956,-1.9278
2021-06-29,0.0022,6.0695,6.5044,-1.9934
2021-06-30,0.0022,5.7991,6.3205,-2.0554
2021-07-01,0.0017,5.6882,6.1066,-2.1257
2021-07-02,0.0029,5.4428,6.0173,-2.1445
2021-07-06,0.0066,5.7192,6.2861,-2.0181
2021-07-07,0.0051,5.8976,6.3967,-1.9564
2021-07-08,0.0068,6.0612,6.6615,-1.8340
2021-07-09,0.0038,6.1680,6.6200,-1.8367
2021-07-12,0.0032,6.0598,6.5298,-1.8585
2021-07-13,0.0037,6.1461,6.4950,-1.8609
2021-07-14,0.0050,6.2631,6.5807,-1.8164
2021-07-15,0.0044,6.3806,6.6065,-1.7955
2021-07-16,0.0063,6.2987,6.8117,-1.7007
2021-07-19,0.0089,6.5142,7.2533,-1.5106
2021-07-20,0.0090,6.9098,7.6751,-1.3295
2021-07-21,0.0025,6.7473,7.4493,-1.4120
2021-07-22,0.0031,6.5587,7.2965,-1.4631
2021-07-23,0.0033,6.6388,7.1767,-1.5005
2021-07-26,0.0021,6.6530,6.9472,-1.5812
2021-07-27,0.0067,6.9885,7.1722,-1.4762
2021-07-28,0.0046,7.1244,7.1763,-1.4616
2021-07-29,0.0036,7.2302,7.0895,-1.4836
2021-07-30,0.0036,7.3410,7.0100,-1.5025
2021-08-02,0.0053,7.6115,7.0957,-1.4550
2021-08-03,0.0069,7.9169,7.3318,-1.3474
2021-08-04,0.0017,7.5486,7.0577,-1.4456
2021-08-05,0.0018,7.2941,6.8013,-1.5347
2021-08-06,0.0016,6.8969,6.5414,-1.6232
2021-08-09,0.0022,6.7797,6.3594,-1.6789
2021-08-10,0.0024,6.7186,6.2079,-1.7212
2021-08-11,0.0021,6.5920,6.0328,-1.7714
2021-08-12,0.0035,6.4829,6.0088,-1.7617
2021-08-13,0.0011,6.2331,5.7542,-1.8408
2021-08-16,0.0063,6.2298,6.0063,-1.7248
2021-08-17,0.0068,6.0671,6.2913,-1.5998
2021-08-18,0.0070,5.9186,6.5836,-1.4751
2021-08-19,0.0075,6.2987,6.9023,-1.3430
2021-08-20,0.0041,6.3761,6.8799,-1.3419
2021-08-23,0.0048,6.4836,6.9204,-1.3175
2021-08-24,0.0016,6.4479,6.6614,-1.4061
2021-08-25,0.0024,6.1198,6.4901,-1.4608
2021-08-26,0.0027,5.9775,6.3557,-1.5007
2021-08-27,0.0038,5.9903,6.3344,-1.4978
2021-08-30,0.0031,5.9467,6.2453,-1.5201
2021-08-31,0.0022,5.7139,6.0835,-1.5688
2021-09-01,0.0023,5.3598,5.9342,-1.6117
2021-09-02,0.0033,5.4767,5.8912,-1.6145
2021-09-03,0.0031,5.5797,5.8346,-1.6197
2021-09-07,0.0028,5.6732,5.7505,-1.6340
2021-09-08,0.0043,5.8335,5.8180,-1.5938
2021-09-09,0.0053,6.0491,5.9706,-1.5243
2021-09-10,0.0073,6.4427,6.3056,-1.3916
2021-09-13,0.0074,6.7364,6.6353,-1.2628
2021-09-14,0.0062,7.1173,6.8230,-1.1859
2021-09-15,0.0061,7.1072,6.9983,-1.1139
2021-09-16,0.0066,7.0974,7.2115,-1.0289
2021-09-17,0.0047,6.9206,7.2258,-1.0157
2021-09-20,0.0144,7.4422,8.1632,-0.6707
2021-09-21,0.0070,7.6619,8.3419,-0.5998
2021-09-22,0.0069,7.8205,8.4946,-0.5382
2021-09-23,0.0072,8.2431,8.6735,-0.4666
2021-09-24,0.0046,8.4111,8.5932,-0.4900
2021-09-27,0.0034,8.4622,8.3970,-0.5565
2021-09-28,0.0070,8.7088,8.5641,-0.4880
2021-09-29,0.0049,8.8495,8.5184,-0.4991
2021-09-30,0.0085,9.3242,8.8183,-0.3795
2021-10-01,0.0129,10.1313,9.5219,-0.1052
2021-10-04,0.0104,10.6719,9.9447,0.0640
2021-10-05,0.0082,11.0552,10.1280,0.1413
2021-10-06,0.0105,11.6400,10.5230,0.3025
2021-10-07,0.0071,11.8466,10.5645,0.3262
2021-10-08,0.0036,11.7168,10.2688,0.2165
2021-10-11,0.0082,11.7877,10.4352,0.2875
2021-10-12,0.0047,11.5801,10.2556,0.2219
2021-10-13,0.0069,11.6391,10.3004,0.2446
2021-10-14,0.0044,11.5081,10.1020,0.1706
2021-10-15,0.0030,11.2322,9.7814,0.0477
2021-10-18,0.0057,11.3097,9.7392,0.0359
2021-10-19,0.0022,10.3858,9.3617,-0.1103
2021-10-20,0.0020,10.0064,8.9903,-0.2545
2021-10-21,0.0030,9.7130,8.7345,-0.3525
2021-10-22,0.0056,9.5861,8.7391,-0.3449
2021-10-25,0.0052,9.6291,8.7090,-0.3517
2021-10-26,0.0045,9.7156,8.6148,-0.3843
2021-10-27,0.0033,9.4322,8.4118,-0.4620
2021-10-28,0.0028,9.2738,8.1756,-0.5536
2021-10-29,0.0044,8.9644,8.1063,-0.5762
2021-11-01,0.0039,8.2777,7.9873,-0.6199
2021-11-02,0.0024,7.6692,7.7356,-0.7199
2021-11-03,0.0050,7.4315,7.7518,-0.7075
2021-11-04,0.0021,6.7932,7.4852,-0.8167
2021-11-05,0.0056,6.6817,7.5684,-0.7761
2021-11-08,0.0031,6.6466,7.4082,-0.8412
2021-11-09,0.0049,6.3940,7.4281,-0.8297
2021-11-10,0.0076,6.6119,7.7034,-0.7035
2021-11-11,0.0021,6.2439,7.4377,-0.8199
2021-11-12,0.0044,6.2411,7.4075,-0.8303
2021-11-15,0.0036,6.2870,7.3064,-0.8734
2021-11-16,0.0045,6.1970,7.2994,-0.8720
2021-11-17,0.0019,6.1792,7.0457,-0.9868
2021-11-18,0.0054,6.4368,7.1379,-0.9377
2021-11-19,0.0033,6.4577,7.0195,-0.9892
2021-11-22,0.0084,6.6741,7.3998,-0.7995
2021-11-23,0.0069,6.8018,7.6109,-0.6909
2021-11-24,0.0055,6.8797,7.6808,-0.6506
2021-11-26,0.0076,7.2077,7.9471,-0.5136
2021-11-29,0.0063,7.4727,8.0727,-0.4458
2021-11-30,0.0088,7.8010,8.4232,-0.2665
2021-12-01,0.0183,8.8930,9.6612,0.3545
2021-12-02,0.0100,9.4710,10.0373,0.5460
2021-12-03,0.0161,10.3072,10.9690,1.0128
2021-12-06,0.0095,10.8644,11.2114,1.1319
2021-12-07,0.0059,10.8904,11.1038,1.0753
2021-12-08,0.0044,10.9894,10.8563,0.9495
2021-12-09,0.0031,10.8573,10.5028,0.7729
2021-12-10,0.0057,10.7144,10.4135,0.7282
2021-12-13,0.0034,10.8143,10.1111,0.5780
2021-12-14,0.0081,11.0999,10.2804,0.6632
2021-12-15,0.0119,11.7256,10.7954,0.9187
2021-12-16,0.0101,12.1434,11.1053,1.0697
2021-12-17,0.0092,12.6927,11.3155,1.1685
2021-12-20,0.0084,12.9179,11.4352,1.2218
2021-12-21,0.0074,13.2333,11.4564,1.2281
2021-12-22,0.0050,12.9717,11.2408,1.1177
2021-12-23,0.0047,12.8067,11.0136,1.0021
2021-12-27,0.0041,12.7020,10.7473,0.8675
2021-12-28,0.0038,12.4120,10.4643,0.7253
2021-12-29,0.0038,12.2205,10.1976,0.5918
2021-12-30,0.0045,11.9005,10.0173,0.5008
2021-12-31,0.0029,10.7353,9.6915,0.3391
2022-01-03,0.0052,10.3674,9.6022,0.2961
2022-01-04,0.0064,9.6324,9.6340,0.3125
2022-01-05,0.0091,9.6063,9.9235,0.4567
2022-01-06,0.0081,9.7687,10.0979,0.5439
2022-01-07,0.0063,9.9089,10.0874,0.5404
2022-01-10,0.0137,10.7102,10.7897,0.8857
2022-01-11,0.0099,11.0282,11.0838,1.0286
2022-01-12,0.0063,11.2480,11.0182,0.9942
2022-01-13,0.0101,11.3966,11.3203,1.1386
2022-01-14,0.0069,11.0216,11.3004,1.1248
2022-01-18,0.0063,10.7397,11.2248,1.0833
2022-01-19,0.0101,10.8062,11.5116,1.2173
2022-01-20,0.0172,11.4704,12.4564,1.6634
2022-01-21,0.0120,11.8131,12.8481,1.8344
2022-01-24,0.0310,13.7784,15.0254,2.8282
2022-01-25,0.0201,14.9424,16.0377,3.2274
2022-01-26,0.0225,16.3291,17.2172,3.6628
2022-01-27,0.0177,17.3790,17.8689,3.8329
2022-01-28,0.0182,18.4718,18.5348,3.9883
2022-01-31,0.0114,18.9911,18.5085,3.8539
2022-02-01,0.0098,19.5140,18.3322,3.6741
2022-02-02,0.0072,19.6711,17.9225,3.4211
2022-02-03,0.0081,19.8002,17.6177,3.2248
2022-02-04,0.0136,20.1434,17.8606,3.2396
2022-02-07,0.0073,20.0860,17.4865,3.0307
2022-02-08,0.0086,20.2660,17.2594,2.8865
2022-02-09,0.0038,19.5157,16.5860,2.5957
2022-02-10,0.0148,19.8906,17.0047,2.6971
2022-02-11,0.0156,20.5924,17.4681,2.8060
2022-02-14,0.0098,20.5652,17.3490,2.7131
2022-02-15,0.0037,20.3215,16.6602,2.4369
2022-02-16,0.0091,20.5317,16.5280,2.3562
2022-02-17,0.0077,20.3544,16.2731,2.2388
2022-02-18,0.0097,19.7875,16.2179,2.1902
2022-02-22,0.0150,20.0205,16.6776,2.3091
2022-02-23,0.0136,18.7057,16.9684,2.3695
2022-02-24,0.0231,18.9344,18.1522,2.7048
2022-02-25,0.0103,18.0112,18.0416,2.6278
2022-02-28,0.0116,17.5542,18.0681,2.5962
2022-03-01,0.0139,17.2291,18.3124,2.6292
2022-03-02,0.0090,17.0447,18.0671,2.5160
2022-03-03,0.0102,17.0717,17.9514,2.4503
2022-03-04,0.0092,17.2173,17.7480,2.3672
2022-03-07,0.0104,17.3911,17.6726,2.3247
2022-03-08,0.0194,17.8254,18.4594,2.5290
2022-03-09,0.0098,18.0130,18.2858,2.4513
2022-03-10,0.0097,18.0939,18.1127,2.3758
2022-03-11,0.0103,18.5845,18.0062,2.3200
2022-03-14,0.0138,18.5019,18.2356,2.3581
2022-03-15,0.0087,17.9832,17.9716,2.2583
2022-03-16,0.0144,18.3358,18.2665,2.3134
2022-03-17,0.0081,18.6692,17.9429,2.1999
2022-03-18,0.0090,18.6641,17.7272,2.1192
2022-03-21,0.0091,18.7689,17.5323,2.0461
2022-03-22,0.0059,18.4824,17.0408,1.8966
2022-03-23,0.0050,17.7223,16.4932,1.7365
2022-03-24,0.0053,17.0966,16.0068,1.5970
2022-03-25,0.0065,15.8376,15.6619,1.4969
2022-03-28,0.0077,15.6426,15.4551,1.4346
2022-03-29,0.0062,15.2307,15.1176,1.3384
2022-03-30,0.0065,14.6680,14.8300,1.2562
2022-03-31,0.0063,14.4646,14.5374,1.1730
2022-04-01,0.0064,14.1782,14.2726,1.0980
2022-04-04,0.0050,13.8617,13.8912,0.9929
2022-04-05,0.0105,13.8683,14.0555,1.0303
2022-04-06,0.0083,13.0312,14.0046,1.0109
2022-04-07,0.0106,13.0909,14.1734,1.0483
2022-04-08,0.0072,12.8984,14.0046,0.9978
2022-04-11,0.0055,12.5368,13.6889,0.9098
2022-04-12,0.0132,12.4924,14.1214,1.0150
2022-04-13,0.0065,12.3218,13.8893,0.9483
2022-04-14,0.0078,11.8215,13.7988,0.9184
2022-04-18,0.0064,11.6913,13.5792,0.8557
2022-04-19,0.0080,11.6110,13.5241,0.8356
2022-04-20,0.0060,11.3747,13.2838,0.7683
2022-04-21,0.0154,12.0971,13.9573,0.9352
2022-04-22,0.0103,12.4952,14.0963,0.9642
2022-04-25,0.0152,13.2468,14.7007,1.1109
2022-04-26,0.0083,13.3834,14.6063,1.0784
2022-04-27,0.0131,13.7912,14.9767,1.1638
2022-04-28,0.0175,14.6493,15.7492,1.3493
2022-04-29,0.0166,15.4092,16.3811,1.4961
2022-05-02,0.0181,16.3001,17.1180,1.6657
2022-05-03,0.0087,16.4735,16.9169,1.5991
2022-05-04,0.0200,17.6100,17.8087,1.8029
2022-05-05,0.0209,18.3998,18.7331,2.0081
2022-05-06,0.0154,18.9364,19.0777,2.0664
2022-05-09,0.0124,19.0695,19.1099,2.0477
2022-05-10,0.0188,19.9472,19.7508,2.1735
2022-05-11,0.0195,21.0054,20.4236,2.3012
2022-05-12,0.0187,21.4235,20.9788,2.3955
2022-05-13,0.0094,21.6460,20.6157,2.2757
2022-05-16,0.0110,21.8861,20.4240,2.1996
2022-05-17,0.0081,22.0177,19.9727,2.0678
2022-05-18,0.0148,22.5331,20.1835,2.0886
2022-05-19,0.0125,23.0278,20.1669,2.0580
2022-05-20,0.0239,23.6684,21.2347,2.2657
2022-05-23,0.0099,23.6389,20.8997,2.1608
2022-05-24,0.0145,23.5874,21.0312,2.1599
2022-05-25,0.0108,23.7771,20.7959,2.0806
2022-05-26,0.0111,23.6303,20.6099,2.0145
2022-05-27,0.0067,22.8109,20.0120,1.8637
2022-05-31,0.0105,22.3508,19.8084,1.7998
2022-06-01,0.0141,22.0539,19.9655,1.8131
2022-06-02,0.0128,22.3628,19.9829,1.7968
2022-06-03,0.0062,21.3146,19.3700,1.6505
2022-06-06,0.0100,20.4876,19.1587,1.5904
2022-06-07,0.0108,20.1414,19.0416,1.5509
2022-06-08,0.0077,19.7918,18.6354,1.4529
2022-06-09,0.0122,19.2965,18.6807,1.4491
2022-06-10,0.0066,18.3179,18.1846,1.3347
2022-06-13,0.0129,17.8783,18.3203,1.3510
2022-06-14,0.0129,18.1417,18.4486,1.3657
2022-06-15,0.0211,18.9099,19.3549,1.5381
2022-06-16,0.0135,19.3138,19.4766,1.5483
2022-06-17,0.0136,19.2201,19.5992,1.5586
2022-06-21,0.0089,18.9474,19.2740,1.4786
2022-06-22,0.0152,18.2900,19.5670,1.5240
2022-06-23,0.0105,18.3397,19.3947,1.4756
2022-06-24,0.0085,17.8863,19.0452,1.3926
2022-06-27,0.0061,17.5291,18.4790,1.2676
2022-06-28,0.0176,18.0135,19.0424,1.3698
2022-06-29,0.0069,18.0257,18.5539,1.2609
2022-06-30,0.0150,18.3705,18.8722,1.3144
2022-07-01,0.0126,18.2518,18.9359,1.3166
2022-07-05,0.0156,18.4662,19.2853,1.3757
2022-07-06,0.0111,18.8426,19.1884,1.3452
2022-07-07,0.0063,18.5641,18.6372,1.2244
2022-07-08,0.0087,18.4061,18.3522,1.1579
2022-07-11,0.0045,18.1592,17.6763,1.0138
2022-07-12,0.0119,18.1382,17.7528,1.0212
2022-07-13,0.0126,18.5951,17.8881,1.0404
2022-07-14,0.0134,18.6340,18.0905,1.0729
2022-07-15,0.0044,17.9953,17.4279,0.9316
2022-07-18,0.0128,17.3624,17.5979,0.9584
2022-07-19,0.0077,16.9244,17.2731,0.8854
2022-07-20,0.0085,16.5415,17.0455,0.8324
2022-07-21,0.0108,16.6848,17.0541,0.8274
2022-07-22,0.0118,16.4232,17.1507,0.8401
2022-07-25,0.0057,16.0579,16.6630,0.7345
2022-07-26,0.0057,15.8431,16.2068,0.6355
2022-07-27,0.0108,16.2022,16.2634,0.6410
2022-07-28,0.0133,15.8792,16.5527,0.6941
2022-07-29,0.0082,15.9820,16.3431,0.6450
2022-08-01,0.0083,15.4765,16.1572,0.6008
2022-08-02,0.0102,15.3020,16.1638,0.5963
2022-08-03,0.0073,14.6767,15.8917,0.5343
2022-08-04,0.0044,14.1669,15.3561,0.4178
2022-08-05,0.0062,14.1567,15.0219,0.3427
2022-08-08,0.0095,14.2143,15.0266,0.3380
2022-08-09,0.0040,14.1803,14.5073,0.2235
2022-08-10,0.0037,13.5575,13.9891,0.1085
2022-08-11,0.0090,13.2826,14.0039,0.1055
2022-08-12,0.0061,12.7301,13.7433,0.0439
2022-08-15,0.0062,12.8653,13.5119,-0.0121
2022-08-16,0.0075,12.4685,13.4168,-0.0390
2022-08-17,0.0081,12.4978,13.3798,-0.0533
2022-08-18,0.0048,12.2195,13.0351,-0.1342
2022-08-19,0.0057,11.8308,12.7946,-0.1925
2022-08-22,0.0071,11.4777,12.7019,-0.2188
2022-08-23,0.0061,11.5067,12.5176,-0.2653
2022-08-24,0.0059,11.5194,12.3262,-0.3140
2022-08-25,0.0058,11.1427,12.1410,-0.3617
2022-08-26,0.0130,11.1194,12.6483,-0.2557
2022-08-29,0.0080,11.0987,12.6468,-0.2631
2022-08-30,0.0112,11.3151,12.9554,-0.2007
2022-08-31,0.0081,11.1528,12.9497,-0.2095
2022-09-01,0.0110,11.4292,13.2185,-0.1558
2022-09-02,0.0167,12.3601,14.0163,0.0199
2022-09-06,0.0094,12.6058,14.0721,0.0254
2022-09-07,0.0096,12.6114,14.1408,0.0339
2022-09-08,0.0092,13.0021,14.1670,0.0325
2022-09-09,0.0065,13.2118,13.9334,-0.0303
2022-09-12,0.0046,12.8822,13.5363,-0.1324
2022-09-13,0.0126,13.3738,13.9231,-0.0471
2022-09-14,0.0089,13.5757,13.9353,-0.0512
2022-09-15,0.0118,13.8983,14.2213,0.0112
2022-09-16,0.0079,13.8893,14.1247,-0.0192
2022-09-19,0.0080,14.1300,14.0386,-0.0472
2022-09-20,0.0083,14.3306,13.9906,-0.0650
2022-09-21,0.0171,15.0868,14.7790,0.1246
2022-09-22,0.0067,15.1314,14.5262,0.0559
2022-09-23,0.0142,15.7594,15.0056,0.1701
2022-09-26,0.0128,16.2864,15.3237,0.2442
2022-09-27,0.0169,16.5832,16.0140,0.4122
2022-09-28,0.0145,17.0816,16.4385,0.5136
2022-09-29,0.0126,17.1850,16.6499,0.5613
2022-09-30,0.0149,17.6982,17.0691,0.6620
2022-10-03,0.0138,17.9107,17.3585,0.7296
2022-10-04,0.0062,17.1138,16.9039,0.6072
2022-10-05,0.0150,17.5382,17.3212,0.7081
2022-10-06,0.0100,17.5723,17.2379,0.6807
2022-10-07,0.0121,17.7940,17.3575,0.7054
2022-10-10,0.0110,18.1344,17.3614,0.7002
2022-10-11,0.0141,18.8529,17.6640,0.7719
2022-10-12,0.0064,18.3816,17.2093,0.6483
2022-10-13,0.0281,19.8349,18.8555,1.0662
2022-10-14,0.0179,20.3012,19.4338,1.2065
2022-10-17,0.0073,20.2488,18.9584,1.0750
2022-10-18,0.0138,20.6878,19.1355,1.1123
2022-10-19,0.0118,20.9490,19.1108,1.0977
2022-10-20,0.0147,20.7686,19.3646,1.1554
2022-10-21,0.0137,21.3009,19.5075,1.1843
2022-10-24,0.0116,21.1026,19.4381,1.1582
2022-10-25,0.0066,20.6323,18.8976,1.0095
2022-10-26,0.0114,20.2137,18.8460,0.9890
2022-10-27,0.0094,19.8215,18.6064,0.9194
2022-10-28,0.0097,19.6016,18.4107,0.8613
2022-10-31,0.0053,18.8797,17.8147,0.6966
2022-11-01,0.0100,18.5936,17.6988,0.6596
2022-11-02,0.0199,19.6355,18.5366,0.8800
2022-11-03,0.0097,19.2329,18.3487,0.8234
2022-11-04,0.0165,19.7198,18.8173,0.9464
2022-11-07,0.0081,19.4191,18.4632,0.8435
2022-11-08,0.0134,19.6027,18.6321,0.8856
2022-11-09,0.0093,19.2378,18.3986,0.8152
2022-11-10,0.0090,19.4406,18.1554,0.7411
2022-11-11,0.0090,17.9944,17.9226,0.6695
2022-11-14,0.0088,17.2990,17.6807,0.5943
2022-11-15,0.0132,17.7496,17.8783,0.6467
2022-11-16,0.0043,17.0294,17.2126,0.4444
2022-11-17,0.0074,16.6999,16.8882,0.3406
2022-11-18,0.0078,16.1813,16.6219,0.2522
2022-11-21,0.0050,15.5266,16.1044,0.0840
2022-11-22,0.0064,15.1337,15.7441,-0.0388
2022-11-23,0.0046,14.9818,15.2339,-0.2119
2022-11-25,0.0023,14.2958,14.5378,-0.4489
2022-11-28,0.0077,14.1683,14.3960,-0.5096
2022-11-29,0.0069,13.9603,14.1908,-0.5924
2022-11-30,0.0162,14.7793,14.8801,-0.3767
2022-12-01,0.0085,14.6625,14.7931,-0.4165
2022-12-02,0.0081,13.7638,14.6728,-0.4672
2022-12-05,0.0087,13.6875,14.6206,-0.4927
2022-12-06,0.0120,13.3525,14.8907,-0.4070
2022-12-07,0.0063,13.2107,14.5936,-0.5172
2022-12-08,0.0064,12.6811,14.3274,-0.6182
2022-12-09,0.0072,12.5248,14.1553,-0.6881
2022-12-12,0.0058,12.2770,13.8544,-0.8042
2022-12-13,0.0172,12.9006,14.6653,-0.5278
2022-12-14,0.0152,13.3895,15.2349,-0.3341
2022-12-15,0.0102,13.1637,15.2948,-0.3213
2022-12-16,0.0097,13.5772,15.3052,-0.3257
2022-12-19,0.0083,13.6398,15.1740,-0.3816
2022-12-20,0.0077,13.6278,14.9954,-0.4551
2022-12-21,0.0067,13.7566,14.7378,-0.5584
2022-12-22,0.0157,14.4628,15.3493,-0.3392
2022-12-23,0.0076,14.6950,15.1554,-0.4211
2022-12-27,0.0057,14.9555,14.7923,-0.5688
2022-12-28,0.0100,15.1298,14.8548,-0.5568
2022-12-29,0.0066,15.1089,14.5958,-0.6698
2022-12-30,0.0071,14.4240,14.3977,-0.7617
2023-01-03,0.0148,14.9010,14.9408,-0.5642
2023-01-04,0.0104,15.0750,15.0308,-0.5446
2023-01-05,0.0046,14.7662,14.5680,-0.7493
2023-01-06,0.0134,14.8707,14.9730,-0.6000
2023-01-09,0.0104,15.1859,15.0681,-0.5764
2023-01-10,0.0060,15.1538,14.7329,-0.7346
2023-01-11,0.0046,14.9540,14.2848,-0.9405
2023-01-12,0.0107,15.3271,14.4462,-0.8850
2023-01-13,0.0080,14.6288,14.3418,-0.9451
2023-01-17,0.0053,13.8785,13.9854,-1.1145
2023-01-18,0.0105,13.9017,14.1494,-1.0560
2023-01-19,0.0065,13.6527,13.9149,-1.1751
2023-01-20,0.0090,13.7107,13.9402,-1.1768
2023-01-23,0.0100,13.8887,14.0599,-1.1304
2023-01-24,0.0055,13.7981,13.7442,-1.2785
2023-01-25,0.0114,13.4708,14.0030,-1.1568
2023-01-26,0.0076,13.4672,13.8852,-1.2031
2023-01-27,0.0075,13.5985,13.7638,-1.2483
2023-01-30,0.0069,13.3678,13.5973,-1.3123
2023-01-31,0.0050,13.2431,13.2566,-1.4527
2023-02-01,0.0178,14.0514,14.1574,-1.0394
2023-02-02,0.0085,13.5791,14.1199,-1.0479
2023-02-03,0.0100,13.5556,14.2295,-0.9910
2023-02-06,0.0052,13.6019,13.8732,-1.1418
2023-02-07,0.0122,13.5120,14.2065,-0.9850
2023-02-08,0.0056,13.1449,13.8851,-1.1201
2023-02-09,0.0115,13.5604,14.1444,-0.9971
2023-02-10,0.0048,13.5780,13.7538,-1.1630
2023-02-13,0.0050,13.1506,13.4084,-1.3058
2023-02-14,0.0110,13.3773,13.6520,-1.1884
2023-02-15,0.0063,13.4514,13.4303,-1.2758
2023-02-16,0.0072,13.1995,13.3103,-1.3183
2023-02-17,0.0058,13.1528,13.0672,-1.4133
2023-02-21,0.0054,12.8753,12.7938,-1.5197
2023-02-22,0.0070,12.6426,12.6891,-1.5517
2023-02-23,0.0104,13.0103,12.9190,-1.4397
2023-02-24,0.0063,12.6236,12.7400,-1.5031
2023-02-27,0.0077,12.6335,12.7105,-1.5018
2023-02-28,0.0049,12.4422,12.4185,-1.6107
2023-03-01,0.0055,12.3372,12.2004,-1.6863
2023-03-02,0.0090,12.6381,12.3227,-1.6184
2023-03-03,0.0058,11.7267,12.1311,-1.6821
2023-03-06,0.0058,11.5213,11.9564,-1.7371
2023-03-07,0.0077,11.3423,11.9703,-1.7132
2023-03-08,0.0054,11.3552,11.7658,-1.7789
2023-03-09,0.0148,11.5510,12.4722,-1.4726
2023-03-10,0.0137,12.1642,13.0276,-1.2327
2023-03-13,0.0173,12.6063,13.8953,-0.8673
2023-03-14,0.0108,13.0593,14.0905,-0.7803
2023-03-15,0.0100,13.4309,14.1931,-0.7318
2023-03-16,0.0127,13.5619,14.5547,-0.5771
2023-03-17,0.0080,13.6901,14.4404,-0.6188
2023-03-20,0.0047,13.4997,14.0198,-0.7866
2023-03-21,0.0052,13.4547,13.6774,-0.9213
2023-03-22,0.0152,14.2005,14.3071,-0.6553
2023-03-23,0.0157,14.8629,14.9462,-0.3873
2023-03-24,0.0103,14.8515,15.0264,-0.3517
2023-03-27,0.0059,14.8208,14.6822,-0.4918
2023-03-28,0.0049,14.6090,14.2693,-0.6598
2023-03-29,0.0033,14.4833,13.7254,-0.8806
2023-03-30,0.0045,14.4020,13.3264,-1.0403
2023-03-31,0.0049,14.0933,12.9922,-1.1722
2023-04-03,0.0036,13.9339,12.5597,-1.3427
2023-04-04,0.0068,14.0086,12.4533,-1.3792
2023-04-05,0.0047,13.7799,12.1493,-1.4958
2023-04-06,0.0054,13.7784,11.9322,-1.5745
2023-04-10,0.0053,13.0549,11.7169,-1.6509
2023-04-11,0.0037,12.3011,11.3679,-1.7776
2023-04-12,0.0068,11.5063,11.3337,-1.7776
2023-04-13,0.0052,11.0865,11.1537,-1.8356
2023-04-14,0.0085,10.9793,11.2973,-1.7645
2023-04-17,0.0044,10.3484,11.0377,-1.8518
2023-04-18,0.0048,10.1053,10.8282,-1.9175
2023-04-19,0.0042,10.0697,10.5795,-1.9968
2023-04-20,0.0058,10.1137,10.4989,-2.0099
2023-04-21,0.0041,9.2752,10.2628,-2.0817
2023-04-24,0.0042,8.4005,10.0425,-2.1420
2023-04-25,0.0046,7.9728,9.8780,-2.1788
2023-04-26,0.0051,7.9124,9.7666,-2.1925
2023-04-27,0.0059,7.9869,9.7425,-2.1741
2023-04-28,0.0042,8.0579,9.5597,-2.2119
2023-05-01,0.0039,8.0126,9.3535,-2.2548
2023-05-02,0.0109,8.4636,9.8261,-2.0571
2023-05-03,0.0090,8.8704,10.0959,-1.9367
2023-05-04,0.0050,8.7351,9.9669,-1.9587
2023-05-05,0.0073,8.9380,10.0678,-1.9008
2023-05-08,0.0032,8.7706,9.7646,-1.9844
2023-05-09,0.0022,8.5411,9.3902,-2.0902
2023-05-10,0.0094,8.9739,9.7261,-1.9519
2023-05-11,0.0040,8.7641,9.5261,-2.0003
2023-05-12,0.0073,8.9221,9.6536,-1.9390
2023-05-15,0.0051,8.6631,9.5609,-1.9554
2023-05-16,0.0035,8.5928,9.3170,-2.0215
2023-05-17,0.0069,8.7517,9.4109,-1.9716
2023-05-18,0.0056,8.8602,9.3840,-1.9620
2023-05-19,0.0052,8.8141,9.3170,-1.9669
2023-05-22,0.0050,8.8774,9.2316,-1.9779
2023-05-23,0.0056,8.9907,9.2159,-1.9695
2023-05-24,0.0042,8.9604,9.0628,-2.0063
2023-05-25,0.0061,9.0398,9.1003,-1.9791
2023-05-26,0.0062,9.0607,9.1425,-1.9500
2023-05-30,0.0057,9.1757,9.1406,-1.9358
2023-05-31,0.0047,9.2380,9.0381,-1.9537
2023-06-01,0.0085,9.0637,9.3100,-1.8448
2023-06-02,0.0056,8.8051,9.2849,-1.8384
2023-06-05,0.0052,8.8190,9.2221,-1.8450
2023-06-06,0.0038,8.5484,9.0267,-1.8943
2023-06-07,0.0052,8.7027,8.9805,-1.8920
2023-06-08,0.0049,8.9038,8.9066,-1.8987
2023-06-09,0.0050,8.5681,8.8485,-1.8990
2023-06-12,0.0039,8.5552,8.6848,-1.9344
2023-06-13,0.0035,8.2663,8.4988,-1.9752
2023-06-14,0.0087,8.5376,8.8173,-1.8492
2023-06-15,0.0088,8.9448,9.1309,-1.7279
2023-06-16,0.0049,8.7933,9.0451,-1.7423
2023-06-20,0.0052,8.7606,8.9989,-1.7439
2023-06-21,0.0037,8.6460,8.8107,-1.7926
2023-06-22,0.0032,8.5100,8.5844,-1.8521
2023-06-23,0.0040,8.3860,8.4511,-1.8809
2023-06-26,0.0050,8.4489,8.4232,-1.8743
2023-06-27,0.0055,8.4014,8.4393,-1.8525
2023-06-28,0.0047,8.2885,8.3790,-1.8547
2023-06-29,0.0030,8.0798,8.1598,-1.9101
2023-06-30,0.0042,8.0432,8.0700,-1.9209
2023-07-03,0.0021,7.5584,7.7893,-1.9942
2023-07-05,0.0027,7.3387,7.5785,-2.0433
2023-07-06,0.0058,7.3870,7.6790,-1.9923
2023-07-07,0.0068,7.6196,7.8692,-1.9133
2023-07-10,0.0029,7.4482,7.6765,-1.9575
2023-07-11,0.0045,7.4216,7.6473,-1.9475
2023-07-12,0.0039,7.3397,7.5617,-1.9543
2023-07-13,0.0036,7.3188,7.4487,-1.9696
2023-07-14,0.0042,7.3727,7.4049,-1.9629
2023-07-17,0.0039,7.0124,7.3351,-1.9651
2023-07-18,0.0059,6.7882,7.4551,-1.9061
2023-07-19,0.0032,6.6659,7.3157,-1.9302
2023-07-20,0.0051,6.6597,7.3655,-1.8939
2023-07-21,0.0023,6.5555,7.1440,-1.9425
2023-07-24,0.0031,6.5478,7.0080,-1.9632
2023-07-25,0.0040,6.5498,6.9718,-1.9528
2023-07-26,0.0053,6.5701,7.0582,-1.9043
2023-07-27,0.0089,6.8288,7.4821,-1.7537
2023-07-28,0.0034,6.7289,7.3535,-1.7747
2023-07-31,0.0032,6.7460,7.2174,-1.7977
2023-08-01,0.0026,6.6272,7.0344,-1.8340
2023-08-02,0.0048,6.8304,7.0718,-1.8030
2023-08-03,0.0052,7.0218,7.1453,-1.7620
2023-08-04,0.0090,7.2651,7.5783,-1.6146
2023-08-07,0.0026,6.9418,7.3672,-1.6614
2023-08-08,0.0061,7.1838,7.5095,-1.6027
2023-08-09,0.0045,7.1799,7.4854,-1.5941
2023-08-10,0.0106,7.6873,8.0489,-1.4133
2023-08-11,0.0048,7.7768,8.0194,-1.4098
2023-08-14,0.0038,7.7473,7.9043,-1.4312
2023-08-15,0.0047,7.8063,7.8788,-1.4263
2023-08-16,0.0061,7.8263,7.9914,-1.3815
2023-08-17,0.0063,8.0598,8.1140,-1.3348
2023-08-18,0.0067,8.1756,8.2618,-1.2816
2023-08-21,0.0071,8.5377,8.4427,-1.2200
2023-08-22,0.0042,8.6238,8.3373,-1.2416
2023-08-23,0.0050,8.6961,8.3124,-1.2400
2023-08-24,0.0072,8.8423,8.5027,-1.1773
2023-08-25,0.0098,8.9068,8.9212,-1.0507
2023-08-28,0.0038,8.9392,8.7470,-1.0942
2023-08-29,0.0060,9.1502,8.7932,-1.0741
2023-08-30,0.0039,9.2480,8.6389,-1.1109
2023-08-31,0.0037,9.1609,8.4703,-1.1509
2023-09-01,0.0059,9.2117,8.5238,-1.1278
2023-09-05,0.0022,8.6951,8.2232,-1.2040
2023-09-06,0.0068,9.0131,8.3741,-1.1524
2023-09-07,0.0037,8.8276,8.2223,-1.1858
2023-09-08,0.0039,8.7833,8.0996,-1.2105
2023-09-11,0.0035,8.2442,7.9469,-1.2432
2023-09-12,0.0045,8.2258,7.9005,-1.2460
2023-09-13,0.0040,8.2408,7.8113,-1.2608
2023-09-14,0.0047,8.2369,7.7864,-1.2575
2023-09-15,0.0045,8.1153,7.7515,-1.2569
2023-09-18,0.0037,7.9146,7.6356,-1.2782
2023-09-19,0.0053,7.8115,7.6821,-1.2551
2023-09-20,0.0063,7.7533,7.8245,-1.2061
2023-09-21,0.0041,7.7467,7.7479,-1.2173
2023-09-22,0.0059,7.8155,7.8450,-1.1811
2023-09-25,0.0044,7.6024,7.7948,-1.1852
2023-09-26,0.0053,7.2628,7.8279,-1.1666
2023-09-27,0.0088,7.6400,8.1946,-1.0582
2023-09-28,0.0075,7.7574,8.4218,-0.9885
2023-09-29,0.0076,8.0377,8.6431,-0.9209
2023-10-02,0.0066,8.2626,8.7574,-0.8826
2023-10-03,0.0090,8.4979,9.0903,-0.7851
2023-10-04,0.0067,8.8368,9.1827,-0.7534
2023-10-05,0.0069,8.8441,9.2853,-0.7189
2023-10-06,0.0136,9.5927,10.0219,-0.5100
2023-10-09,0.0067,9.8059,10.0600,-0.4935
2023-10-10,0.0069,10.0661,10.1175,-0.4716
2023-10-11,0.0052,10.1171,10.0051,-0.4970
2023-10-12,0.0087,10.4720,10.2368,-0.4260
2023-10-13,0.0095,10.8388,10.5286,-0.3379
2023-10-16,0.0049,10.8676,10.3654,-0.3775
2023-10-17,0.0082,11.2067,10.5199,-0.3265
2023-10-18,0.0077,11.3890,10.6230,-0.2898
2023-10-19,0.0096,11.6367,10.9011,-0.2016
2023-10-20,0.0051,11.7140,10.7373,-0.2421
2023-10-23,0.0111,12.1081,11.1516,-0.1111
2023-10-24,0.0064,12.2606,11.0951,-0.1194
2023-10-25,0.0053,12.2635,10.9339,-0.1598
2023-10-26,0.0075,12.1666,10.9921,-0.1338
2023-10-27,0.0073,12.1491,11.0294,-0.1138
2023-10-30,0.0064,12.0539,10.9743,-0.1228
2023-10-31,0.0064,12.0327,10.9221,-0.1313
2023-11-01,0.0059,11.8008,10.8329,-0.1522
2023-11-02,0.0045,11.6361,10.6132,-0.2156
2023-11-03,0.0054,11.5247,10.4897,-0.2481
2023-11-06,0.0040,10.8000,10.2408,-0.3226
2023-11-07,0.0047,10.6464,10.0723,-0.3717
2023-11-08,0.0051,10.5055,9.9514,-0.4057
2023-11-09,0.0050,10.4894,9.8288,-0.4411
2023-11-10,0.0075,10.3970,9.9547,-0.3910
2023-11-13,0.0044,10.0128,9.7793,-0.4459
2023-11-14,0.0060,10.0910,9.7595,-0.4466
2023-11-15,0.0040,9.7803,9.5589,-0.5122
2023-11-16,0.0035,9.4598,9.3159,-0.5946
2023-11-17,0.0031,8.9712,9.0568,-0.6839
2023-11-20,0.0054,8.9906,9.0280,-0.6891
2023-11-21,0.0026,8.3465,8.7333,-0.7933
2023-11-22,0.0036,8.1320,8.5517,-0.8555
2023-11-24,0.0011,7.8120,8.1399,-1.0044
2023-11-27,0.0021,7.4054,7.8535,-1.1055
2023-11-28,0.0041,7.1620,7.7724,-1.1279
2023-11-29,0.0056,7.1007,7.8355,-1.0956
2023-11-30,0.0048,6.9790,7.8182,-1.0938
2023-12-01,0.0050,6.9062,7.8234,-1.0841
2023-12-04,0.0039,6.8602,7.7264,-1.1134
2023-12-05,0.0039,6.7505,7.6378,-1.1393
2023-12-06,0.0047,6.8005,7.6232,-1.1368
2023-12-07,0.0033,6.6925,7.4756,-1.1856
2023-12-08,0.0038,6.5995,7.3933,-1.2088
2023-12-11,0.0025,6.4126,7.1886,-1.2785
2023-12-12,0.0043,6.1687,7.1658,-1.2777
2023-12-13,0.0060,6.2843,7.3033,-1.2148
2023-12-14,0.0066,6.3354,7.4964,-1.1320
2023-12-15,0.0031,6.2609,7.3377,-1.1867
2023-12-18,0.0030,6.2241,7.1816,-1.2406
2023-12-19,0.0018,6.1255,6.9264,-1.3333
2023-12-20,0.0082,6.3368,7.2917,-1.1823
2023-12-21,0.0053,6.5389,7.3558,-1.1499
2023-12-22,0.0054,6.6737,7.4267,-1.1145
2023-12-26,0.0033,6.8425,7.2950,-1.1611
2023-12-27,0.0022,6.8485,7.0669,-1.2461
2023-12-28,0.0018,6.6730,6.8119,-1.3410
2023-12-29,0.0051,6.6404,6.8916,-1.3011
2024-01-02,0.0047,6.6374,6.9271,-1.2787
2024-01-03,0.0035,6.5288,6.8489,-1.3022
2024-01-04,0.0058,6.6703,6.9887,-1.2383
2024-01-05,0.0059,6.8154,7.1271,-1.1753
2024-01-08,0.0056,6.8895,7.2366,-1.1233
2024-01-09,0.0049,7.0118,7.2663,-1.1053
2024-01-10,0.0041,7.0318,7.2218,-1.1186
2024-01-11,0.0086,7.4922,7.6074,-0.9503
2024-01-12,0.0048,7.5343,7.6125,-0.9420
2024-01-16,0.0052,7.4740,7.6472,-0.9213
2024-01-17,0.0044,7.3053,7.6072,-0.9325
2024-01-18,0.0061,7.5384,7.7355,-0.8708
2024-01-19,0.0061,7.7703,7.8477,-0.8162
2024-01-22,0.0035,7.8974,7.7128,-0.8690
2024-01-23,0.0031,7.5091,7.5416,-0.9380
2024-01-24,0.0048,7.4763,7.5493,-0.9286
2024-01-25,0.0041,7.3767,7.4832,-0.9516
2024-01-26,0.0036,7.4023,7.3803,-0.9914
2024-01-29,0.0041,7.5463,7.3285,-1.0085
2024-01-30,0.0021,7.5728,7.0912,-1.1090
2024-01-31,0.0058,7.6204,7.2142,-1.0466
2024-02-01,0.0052,7.6573,7.2768,-1.0110
2024-02-02,0.0080,7.9945,7.6025,-0.8567
2024-02-05,0.0053,7.9581,7.6512,-0.8290
2024-02-06,0.0032,7.7598,7.5000,-0.8944
2024-02-07,0.0034,7.5911,7.3745,-0.9478
2024-02-08,0.0019,7.3630,7.1086,-1.0687
2024-02-09,0.0031,7.2893,6.9806,-1.1243
2024-02-12,0.0044,6.9712,6.9800,-1.1201
2024-02-13,0.0071,7.1380,7.2328,-0.9928
2024-02-14,0.0058,7.1869,7.3520,-0.9290
2024-02-15,0.0033,7.1070,7.2290,-0.9841
2024-02-16,0.0045,6.9847,7.2260,-0.9801
2024-02-20,0.0052,6.9221,7.2899,-0.9427
2024-02-21,0.0048,7.0148,7.3051,-0.9291
2024-02-22,0.0050,7.1622,7.3442,-0.9032
2024-02-23,0.0038,7.0866,7.2685,-0.9351
2024-02-26,0.0028,6.9901,7.0975,-1.0157
2024-02-27,0.0032,6.9599,6.9798,-1.0693
2024-02-28,0.0026,6.8488,6.8120,-1.1485
2024-02-29,0.0058,7.1300,6.9600,-1.0650
2024-03-01,0.0043,7.0221,6.9550,-1.0603
2024-03-04,0.0031,6.8628,6.8325,-1.1165
2024-03-05,0.0070,6.7886,7.0912,-0.9747
2024-03-06,0.0049,6.7606,7.1354,-0.9445
2024-03-07,0.0042,6.8308,7.1035,-0.9542
2024-03-08,0.0085,7.2177,7.4894,-0.7447
2024-03-11,0.0046,7.4241,7.4765,-0.7456
2024-03-12,0.0075,7.7543,7.7426,-0.5985
2024-03-13,0.0036,7.6945,7.6209,-0.6595
2024-03-14,0.0067,7.6699,7.8043,-0.5550
2024-03-15,0.0044,7.5655,7.7576,-0.5766
2024-03-18,0.0041,7.6212,7.6805,-0.6173
2024-03-19,0.0047,7.6347,7.6673,-0.6223
2024-03-20,0.0054,7.6465,7.7196,-0.5881
2024-03-21,0.0024,7.4660,7.4816,-0.7277
2024-03-22,0.0020,7.2350,7.2190,-0.8899
2024-03-25,0.0018,7.0778,6.9528,-1.0663
2024-03-26,0.0031,7.0994,6.8281,-1.1620
2024-03-27,0.0040,7.1562,6.7980,-1.1973
2024-03-28,0.0024,7.1421,6.6234,-1.3319
2024-04-01,0.0044,7.0307,6.6424,-1.3301
2024-04-02,0.0033,6.9528,6.5582,-1.3998
2024-04-03,0.0042,7.0357,6.5640,-1.4025
2024-04-04,0.0096,7.2285,7.0818,-1.0176
2024-04-05,0.0070,7.3834,7.3217,-0.8347
2024-04-08,0.0028,7.2821,7.1510,-0.9657
2024-04-09,0.0087,7.2936,7.5484,-0.6502
2024-04-10,0.0054,7.3535,7.6076,-0.5983
2024-04-11,0.0095,7.5023,8.0533,-0.2309
2024-04-12,0.0072,7.7722,8.2530,-0.0587
2024-04-15,0.0120,8.1680,8.8972,0.4860
2024-04-16,0.0054,8.2380,8.8731,0.4797
2024-04-17,0.0081,8.5399,9.1094,0.6926
2024-04-18,0.0073,8.7345,9.2558,0.8295
2024-04-19,0.0080,8.9302,9.4594,1.0143
2024-04-22,0.0094,9.4603,9.7848,1.3035
2024-04-23,0.0044,9.6428,9.6140,1.1611
2024-04-24,0.0057,9.9410,9.5799,1.1354
2024-04-25,0.0088,10.3721,9.8406,1.3635
2024-04-26,0.0054,10.4825,9.7690,1.3009
2024-04-29,0.0048,10.6616,9.6418,1.1906
2024-04-30,0.0064,10.8159,9.6741,1.2179
2024-05-01,0.0115,11.4350,10.1880,1.6576
2024-05-02,0.0085,11.7624,10.3885,1.8246
2024-05-03,0.0052,11.4319,10.2604,1.7112
2024-05-06,0.0026,11.0990,9.8902,1.3912
2024-05-07,0.0029,11.1049,9.5728,1.1202
2024-05-08,0.0028,10.6581,9.2620,0.8535
2024-05-09,0.0037,10.5302,9.0571,0.6769
2024-05-10,0.0040,10.1198,8.8988,0.5432
2024-05-13,0.0032,9.8235,8.6744,0.3508
2024-05-14,0.0031,9.1573,8.4539,0.1624
2024-05-15,0.0038,9.0377,8.3057,0.0367
2024-05-16,0.0036,8.6992,8.1495,-0.0968
2024-05-17,0.0029,8.3699,7.9386,-0.2782
2024-05-20,0.0030,7.9968,7.7512,-0.4388
2024-05-21,0.0023,7.4626,7.5060,-0.6501
2024-05-22,0.0047,7.4907,7.5073,-0.6433
2024-05-23,0.0075,7.6280,7.7726,-0.4035
2024-05-24,0.0035,7.2296,7.6398,-0.5167
2024-05-28,0.0045,7.1602,7.6127,-0.5358
2024-05-29,0.0022,6.9643,7.3681,-0.7471
2024-05-30,0.0043,6.8017,7.3319,-0.7731
2024-05-31,0.0113,6.7847,7.9650,-0.2067
2024-06-03,0.0090,6.8173,8.3400,0.1307
2024-06-04,0.0053,6.8247,8.3440,0.1379
2024-06-05,0.0059,7.0776,8.4074,0.1978
2024-06-06,0.0035,7.1249,8.2386,0.0495
2024-06-07,0.0058,7.3517,8.2936,0.1013
2024-06-10,0.0039,7.3695,8.1693,-0.0075
2024-06-11,0.0059,7.5092,8.2403,0.0585
2024-06-12,0.0048,7.6245,8.2006,0.0246
2024-06-13,0.0051,7.7685,8.1901,0.0162
2024-06-14,0.0036,7.7585,8.0451,-0.1114
2024-06-17,0.0074,8.0470,8.2680,0.0923
2024-06-18,0.0021,7.9871,7.9746,-0.1684
2024-06-20,0.0057,8.1877,8.0377,-0.1081
2024-06-21,0.0034,8.2696,7.8785,-0.2487
2024-06-24,0.0054,8.3198,7.9207,-0.2082
2024-06-25,0.0033,7.9986,7.7566,-0.3539
2024-06-26,0.0035,8.0016,7.6285,-0.4666
2024-06-27,0.0028,7.8719,7.4386,-0.6340
2024-06-28,0.0088,8.3678,7.8293,-0.2795
2024-07-01,0.0042,8.3669,7.7643,-0.3367
2024-07-02,0.0039,7.8093,7.6688,-0.4212
2024-07-03,0.0024,7.3104,7.4329,-0.6323
2024-07-05,0.0037,7.1884,7.3377,-0.7169
2024-07-08,0.0026,6.9383,7.1464,-0.8862
2024-07-09,0.0019,6.8143,6.8970,-1.1045
2024-07-10,0.0040,6.6783,6.8611,-1.1312
2024-07-11,0.0061,6.8452,7.0330,-0.9736
2024-07-12,0.0077,6.9835,7.3465,-0.6923
2024-07-15,0.0065,7.1137,7.5246,-0.5335
2024-07-16,0.0029,6.9486,7.3465,-0.6923
2024-07-17,0.0041,6.9831,7.2956,-0.7377
2024-07-18,0.0091,7.1134,7.7277,-0.3526
2024-07-19,0.0064,7.4378,7.8753,-0.2228
2024-07-22,0.0048,7.3686,7.8574,-0.2408
2024-07-23,0.0042,7.4329,7.7899,-0.3040
2024-07-24,0.0071,7.5576,7.9945,-0.1242
2024-07-25,0.0126,8.2656,8.7181,0.5207
2024-07-26,0.0069,8.5177,8.8499,0.6336
2024-07-29,0.0054,8.7135,8.8335,0.6140
2024-07-30,0.0103,8.8299,9.2872,1.0148
2024-07-31,0.0072,9.0493,9.4112,1.1173
2024-08-01,0.0172,10.0565,10.4859,2.0581
2024-08-02,0.0103,10.6539,10.8338,2.3343
2024-08-05,0.0174,11.6944,11.8454,3.1543
2024-08-06,0.0155,12.6671,12.6093,3.6977
2024-08-07,0.0144,13.6109,13.2213,4.0592
2024-08-08,0.0099,14.0571,13.3682,4.0263
2024-08-09,0.0069,14.1124,13.2193,3.7806
2024-08-12,0.0061,13.9921,13.0101,3.5146
2024-08-13,0.0041,13.8123,12.6218,3.1457
2024-08-14,0.0060,14.0468,12.4334,2.9423
2024-08-15,0.0033,13.9869,12.0017,2.5840
2024-08-16,0.0039,13.5888,11.6499,2.2985
2024-08-19,0.0046,13.4496,11.3868,2.0856
2024-08-20,0.0044,13.4194,11.1200,1.8777
2024-08-21,0.0048,13.4610,10.9092,1.7144
2024-08-22,0.0072,13.4749,10.9442,1.7211
2024-08-23,0.0062,12.9878,10.8771,1.6589
2024-08-26,0.0057,12.8957,10.7633,1.5673
2024-08-27,0.0040,12.7908,10.5000,1.3793
2024-08-28,0.0075,12.5805,10.5887,1.4286
2024-08-29,0.0078,12.6280,10.6944,1.4882
2024-08-30,0.0078,11.9184,10.7981,1.5447
2024-09-03,0.0109,11.9671,11.1886,1.7867
2024-09-04,0.0061,11.1114,11.1008,1.7116
2024-09-05,0.0082,10.5627,11.2178,1.7699
2024-09-06,0.0107,10.2830,11.5610,1.9711
2024-09-09,0.0055,9.9547,11.3939,1.8417
2024-09-10,0.0072,9.9837,11.4000,1.8252
2024-09-11,0.0187,10.9333,12.4965,2.4869
2024-09-12,0.0071,11.1585,12.4227,2.4014
2024-09-13,0.0036,10.9762,12.0165,2.1180
2024-09-16,0.0034,10.9867,11.6230,1.8521
2024-09-17,0.0067,11.2031,11.5666,1.7973
2024-09-18,0.0090,11.5356,11.7275,1.8742
2024-09-19,0.0057,11.6371,11.5682,1.7579
2024-09-20,0.0050,11.6519,11.3492,1.6090
2024-09-23,0.0025,11.2947,10.9076,1.3308
2024-09-24,0.0045,11.1636,10.6776,1.1829
2024-09-25,0.0034,10.9898,10.3567,0.9827
2024-09-26,0.0054,11.0951,10.2505,0.9122
2024-09-27,0.0041,10.8332,10.0242,0.7714
2024-09-30,0.0065,10.7384,10.0443,0.7787
2024-10-01,0.0078,10.7379,10.1864,0.8587
2024-10-02,0.0055,10.3315,10.1015,0.8038
2024-10-03,0.0051,10.2566,9.9845,0.7312
2024-10-04,0.0060,10.0919,9.9610,0.7148
2024-10-07,0.0046,9.6358,9.8050,0.6203
2024-10-08,0.0040,9.5216,9.5992,0.4992
2024-10-09,0.0046,9.3245,9.4647,0.4208
2024-10-10,0.0037,8.1910,9.2491,0.2948
2024-10-11,0.0038,7.9429,9.0575,0.1829
2024-10-14,0.0039,7.9700,8.8875,0.0847
2024-10-15,0.0058,8.1488,8.9070,0.1005
2024-10-16,0.0037,7.9214,8.7270,-0.0036
2024-10-17,0.0029,7.4585,8.4750,-0.1503
2024-10-18,0.0031,7.2605,8.2614,-0.2740
2024-10-21,0.0051,7.2674,8.2495,-0.2757
2024-10-22,0.0047,7.4305,8.1994,-0.3008
2024-10-23,0.0079,7.6904,8.4594,-0.1371
2024-10-24,0.0039,7.7327,8.3249,-0.2133
2024-10-25,0.0074,7.8798,8.5260,-0.0846
2024-10-28,0.0021,7.7326,8.2176,-0.2685
2024-10-29,0.0053,7.6385,8.2274,-0.2566
2024-10-30,0.0044,7.3771,8.1493,-0.2993
2024-10-31,0.0047,7.3179,8.1120,-0.3168
2024-11-01,0.0060,7.3858,8.2000,-0.2562
2024-11-04,0.0054,7.3362,8.2211,-0.2378
2024-11-05,0.0038,7.2722,8.0887,-0.3159
2024-11-06,0.0052,7.3628,8.1001,-0.3040
2024-11-07,0.0034,7.2695,7.9380,-0.4017
2024-11-08,0.0037,7.2719,7.8171,-0.4733
2024-11-11,0.0035,7.2498,7.6836,-0.5529
2024-11-12,0.0055,7.3712,7.7489,-0.5065
2024-11-13,0.0050,7.3100,7.7596,-0.4950
2024-11-14,0.0044,7.3633,7.7155,-0.5181
2024-11-15,0.0060,7.6030,7.8263,-0.4436
2024-11-18,0.0046,7.7189,7.7977,-0.4580
2024-11-19,0.0065,7.8283,7.9515,-0.3574
2024-11-20,0.0072,8.0203,8.1611,-0.2219
2024-11-21,0.0090,8.1066,8.5322,0.0145
2024-11-22,0.0022,7.9740,8.2262,-0.1792
2024-11-25,0.0067,7.9236,8.3697,-0.0886
2024-11-26,0.0032,8.0040,8.1721,-0.2151
2024-11-27,0.0038,7.8953,8.0476,-0.2950
2024-11-29,0.0037,7.8449,7.9167,-0.3786
2024-12-02,0.0020,7.6382,7.6330,-0.5585
2024-12-03,0.0021,7.3383,7.3719,-0.7230
2024-12-04,0.0029,7.1471,7.2017,-0.8291
2024-12-05,0.0021,7.0176,6.9673,-0.9751
2024-12-06,0.0021,6.7849,6.7527,-1.1070
2024-12-09,0.0035,6.7902,6.6782,-1.1501
2024-12-10,0.0034,6.7679,6.6047,-1.1923
2024-12-11,0.0029,6.7180,6.4811,-1.2662
2024-12-12,0.0023,6.4760,6.3137,-1.3663
2024-12-13,0.0047,6.4524,6.3807,-1.3187
2024-12-16,0.0028,6.3328,6.2688,-1.3816
2024-12-17,0.0026,6.0758,6.1425,-1.4529
2024-12-18,0.0156,6.9035,7.2578,-0.7585
2024-12-19,0.0068,6.9233,7.4689,-0.6290
2024-12-20,0.0153,7.5331,8.4759,-0.0040
2024-12-23,0.0083,7.4765,8.7568,0.1681
2024-12-24,0.0038,7.6040,8.5979,0.0660
2024-12-26,0.0048,7.4611,8.5390,0.0261
2024-12-27,0.0079,7.8135,8.7753,0.1700
2024-12-30,0.0085,8.1623,9.0542,0.3400
2024-12-31,0.0061,8.3436,9.0913,0.3585
2025-01-02,0.0121,9.1102,9.7030,0.7373
2025-01-03,0.0048,9.3195,9.5815,0.6549
2025-01-06,0.0072,9.6450,9.6888,0.7165
2025-01-07,0.0097,10.2201,10.0298,0.9244
2025-01-08,0.0063,10.5359,10.0294,0.9169
2025-01-10,0.0074,10.8317,10.1310,0.9734
2025-01-13,0.0054,10.9834,10.0415,0.9097
2025-01-14,0.0079,11.3615,10.1880,0.9945
2025-01-15,0.0047,11.5373,10.0197,0.8818
2025-01-16,0.0030,11.4075,9.7008,0.6757
2025-01-17,0.0043,11.5178,9.5287,0.5627
2025-01-21,0.0038,11.6054,9.3172,0.4256
2025-01-22,0.0028,10.6410,9.0268,0.2399
2025-01-23,0.0027,10.3341,8.7451,0.0599
2025-01-24,0.0041,9.4875,8.6088,-0.0288
2025-01-27,0.0046,9.2064,8.5275,-0.0826
2025-01-28,0.0084,9.5486,8.8137,0.0949
2025-01-29,0.0055,9.6037,8.8112,0.0899
2025-01-30,0.0066,9.5072,8.9096,0.1485
2025-01-31,0.0087,9.5291,9.2079,0.3329
2025-02-03,0.0113,9.9251,9.7349,0.6619
2025-02-04,0.0045,9.3444,9.5762,0.5557
2025-02-05,0.0050,9.3561,9.4771,0.4882
2025-02-06,0.0042,9.1306,9.3065,0.3756
2025-02-07,0.0075,8.9623,9.4584,0.4678
2025-02-10,0.0026,8.6831,9.1405,0.2609
2025-02-11,0.0034,8.3847,8.9194,0.1155
2025-02-12,0.0065,8.4620,9.0000,0.1623
2025-02-13,0.0053,8.2664,8.9626,0.1336
2025-02-14,0.0023,8.0881,8.6432,-0.0756
2025-02-18,0.0034,8.1202,8.4473,-0.2050
2025-02-19,0.0032,8.0381,8.2470,-0.3374
2025-02-20,0.0055,8.1691,8.2773,-0.3210
2025-02-21,0.0068,8.4715,8.4305,-0.2252
2025-02-24,0.0063,8.7418,8.5251,-0.1673
2025-02-25,0.0096,9.1579,8.9263,0.0896
2025-02-26,0.0090,9.4930,9.2482,0.2946
2025-02-27,0.0100,9.6145,9.6442,0.5473
2025-02-28,0.0104,9.9793,10.0515,0.8067
2025-03-03,0.0169,10.7587,11.0575,1.4530
2025-03-04,0.0157,11.2878,11.8936,1.9773
2025-03-05,0.0128,11.4014,12.4027,2.2775
2025-03-06,0.0112,11.9119,12.7270,2.4507
2025-03-07,0.0136,12.5627,13.2591,2.7410
2025-03-10,0.0147,13.3559,13.8609,3.0541
2025-03-11,0.0132,13.7905,14.2872,3.2401
2025-03-12,0.0118,14.4855,14.5552,3.3167
2025-03-13,0.0086,14.8769,14.5024,3.2060
2025-03-14,0.0060,14.8424,14.2046,2.9661
2025-03-17,0.0079,15.0424,14.1067,2.8514
2025-03-18,0.0056,15.2938,13.7955,2.6268
2025-03-19,0.0106,15.8401,13.9789,2.6796
2025-03-20,0.0097,16.3277,14.0610,2.6755
2025-03-21,0.0075,16.4755,13.9288,2.5590
2025-03-24,0.0045,16.3030,13.5255,2.3069
2025-03-25,0.0032,16.0720,13.0233,2.0137
2025-03-26,0.0089,16.0212,13.0906,2.0249
2025-03-27,0.0076,15.9154,13.0294,1.9703
2025-03-28,0.0092,15.8597,13.1283,1.9996
2025-03-31,0.0150,16.2092,13.7669,2.3022
2025-04-01,0.0109,15.7582,13.9817,2.3806
2025-04-02,0.0119,15.4697,14.2789,2.4963
2025-04-03,0.0089,15.1696,14.2667,2.4547
2025-04-04,0.0154,15.4837,14.8750,2.7167
2025-04-07,0.0562,18.7014,19.3324,4.7154
2025-04-08,0.0424,20.7997,22.2137,5.6770
2025-04-09,0.0423,22.9971,24.9075,6.3011
2025-04-10,0.0306,24.4141,26.3238,6.2969
2025-04-11,0.0173,25.0727,26.3947,5.8553
2025-04-14,0.0126,25.5713,26.0116,5.3617
2025-04-15,0.0082,25.5893,25.2280,4.8384
2025-04-16,0.0183,26.5445,25.4530,4.6715
2025-04-17,0.0093,26.4483,24.8158,4.2934
2025-04-21,0.0156,26.8958,24.8115,4.1265
2025-04-22,0.0099,27.0792,24.2654,3.8385
2025-04-23,0.0146,27.8433,24.2046,3.7006
2025-04-24,0.0097,28.3305,23.6755,3.4601
2025-04-25,0.0084,28.2916,23.0548,3.2174
2025-04-28,0.0109,28.5415,22.7105,3.0584
2025-04-29,0.0061,28.3054,21.9311,2.8078
2025-04-30,0.0174,28.4890,22.2729,2.8327
2025-05-01,0.0074,28.2206,21.6391,2.6320
2025-05-02,0.0057,27.7534,20.8882,2.4150
2025-05-05,0.0061,27.5432,20.2146,2.2255
2025-05-06,0.0080,26.9856,19.7634,2.0936
2025-05-07,0.0094,23.4495,19.4721,2.0020
2025-05-08,0.0106,21.0398,19.3087,1.9416
2025-05-09,0.0055,18.2615,18.6762,1.7791
2025-05-12,0.0060,16.4074,18.1302,1.6399
2025-05-13,0.0066,15.5946,17.6686,1.5223
2025-05-14,0.0041,14.9526,17.0001,1.3616
2025-05-15,0.0050,14.7174,16.4610,1.2319
2025-05-16,0.0053,13.7372,15.9768,1.1159
2025-05-19,0.0059,13.4787,15.5824,1.0209
2025-05-20,0.0052,12.6937,15.1431,0.9170
2025-05-21,0.0109,12.7691,15.2721,0.9382
2025-05-22,0.0063,12.1391,14.9572,0.8621
2025-05-23,0.0072,11.9531,14.7486,0.8097
2025-05-27,0.0045,11.6602,14.2943,0.7039
2025-05-28,0.0057,11.2702,13.9843,0.6304
2025-05-29,0.0078,11.3946,13.8852,0.6034
2025-05-30,0.0094,10.7892,13.9469,0.6117
2025-06-02,0.0081,10.8453,13.8834,0.5924
2025-06-03,0.0053,10.8080,13.5509,0.5141
2025-06-04,0.0028,10.5563,13.0003,0.3883
2025-06-05,0.0080,10.5535,12.9785,0.3796
2025-06-06,0.0043,10.1680,12.6086,0.2942
2025-06-09,0.0032,9.6116,12.1559,0.1909
2025-06-10,0.0040,9.4993,11.8110,0.1115
2025-06-11,0.0061,9.5029,11.6815,0.0798
2025-06-12,0.0032,9.2508,11.2891,-0.0100
2025-06-13,0.0070,9.4699,11.2795,-0.0148
2025-06-16,0.0046,9.4358,11.0407,-0.0705
2025-06-17,0.0048,9.4012,10.8381,-0.1180
2025-06-18,0.0054,9.3630,10.7040,-0.1504
2025-06-20,0.0070,9.4999,10.7298,-0.1470
2025-06-23,0.0083,9.3045,10.8774,-0.1167
2025-06-24,0.0038,9.1141,10.5862,-0.1842
2025-06-25,0.0031,8.7987,10.2425,-0.2635
2025-06-26,0.0035,8.7177,9.9566,-0.3297
2025-06-27,0.0059,8.7319,9.9247,-0.3392
2025-06-30,0.0044,8.4794,9.7510,-0.3805
2025-07-01,0.0036,8.0403,9.5075,-0.4376
2025-07-02,0.0030,7.6506,9.2193,-0.5040
2025-07-03,0.0028,7.4661,8.9342,-0.5697
2025-07-07,0.0063,7.7339,8.9980,-0.5570
2025-07-08,0.0027,7.3363,8.7154,-0.6224
2025-07-09,0.0038,7.2977,8.5526,-0.6608
2025-07-10,0.0042,7.3708,8.4355,-0.6891
2025-07-11,0.0036,7.3362,8.2701,-0.7285
2025-07-14,0.0036,7.1498,8.1183,-0.7648
2025-07-15,0.0045,7.2449,8.0594,-0.7797
2025-07-16,0.0075,7.2811,8.2893,-0.7289
2025-07-17,0.0034,7.1898,8.1148,-0.7694
2025-07-18,0.0030,7.0523,7.9146,-0.8158
2025-07-21,0.0036,6.9157,7.7837,-0.8463
2025-07-22,0.0039,6.6766,7.6835,-0.8690
2025-07-23,0.0037,6.3246,7.5702,-0.8942
2025-07-24,0.0022,6.2073,7.3298,-0.9480
2025-07-25,0.0024,6.1588,7.1203,-0.9944
2025-07-28,0.0027,6.1013,6.9493,-1.0313
2025-07-29,0.0037,5.9330,6.8857,-1.0427
2025-07-30,0.0064,6.0849,7.0858,-0.9945
2025-07-31,0.0070,6.3409,7.3248,-0.9381
2025-08-01,0.0069,6.6368,7.5404,-0.8869
2025-08-04,0.0033,6.6726,7.4012,-0.9154
2025-08-05,0.0052,6.5865,7.4484,-0.9006
2025-08-06,0.0046,6.7293,7.4388,-0.8983
2025-08-07,0.0082,7.0618,7.7715,-0.8189
2025-08-08,0.0029,6.9676,7.5825,-0.8557
2025-08-11,0.0045,7.0384,7.5575,-0.8553
2025-08-12,0.0046,7.1106,7.5395,-0.8532
2025-08-13,0.0038,7.0610,7.4529,-0.8665
2025-08-14,0.0033,6.7437,7.3192,-0.8901
2025-08-15,0.0034,6.7453,7.2050,-0.9094
2025-08-18,0.0019,6.6610,6.9532,-0.9590
2025-08-19,0.0052,6.7803,7.0303,-0.9359
2025-08-20,0.0071,7.0243,7.2828,-0.8747
2025-08-21,0.0044,7.0826,7.2670,-0.8732
2025-08-22,0.0066,7.4149,7.4634,-0.8254
2025-08-25,0.0026,7.4300,7.2649,-0.8648
2025-08-26,0.0031,7.4636,7.1277,-0.8903
2025-08-27,0.0026,7.3805,6.9486,-0.9248
2025-08-28,0.0042,7.2079,6.9274,-0.9245
2025-08-29,0.0043,7.0090,6.9253,-0.9203
2025-09-02,0.0060,6.9458,7.0853,-0.8809
2025-09-03,0.0041,7.0083,7.0520,-0.8836
2025-09-04,0.0044,6.9489,7.0455,-0.8804
2025-09-05,0.0085,7.2465,7.4350,-0.7912
2025-09-08,0.0027,6.8360,7.2507,-0.8269
2025-09-09,0.0037,6.8971,7.1699,-0.8398
2025-09-10,0.0039,6.8522,7.1131,-0.8471
2025-09-11,0.0040,6.8082,7.0663,-0.8523
2025-09-12,0.0021,6.6797,6.8462,-0.8947
2025-09-15,0.0015,6.5454,6.5797,-0.9458
2025-09-16,0.0024,6.4663,6.4103,-0.9756
2025-09-17,0.0078,6.9165,6.7733,-0.8914
2025-09-18,0.0048,6.8842,6.8206,-0.8759
2025-09-19,0.0041,6.6596,6.8027,-0.8744
2025-09-22,0.0039,6.6227,6.7692,-0.8760
2025-09-23,0.0047,6.4733,6.8071,-0.8626
2025-09-24,0.0045,6.6175,6.8297,-0.8527
2025-09-25,0.0053,6.7832,6.9274,-0.8273
2025-09-26,0.0039,6.8839,6.8872,-0.8315
2025-09-29,0.0035,6.8332,6.8058,-0.8447
2025-09-30,0.0044,6.8378,6.8167,-0.8383
2025-10-01,0.0050,6.7580,6.8827,-0.8205
2025-10-02,0.0038,6.7343,6.8318,-0.8275
2025-10-03,0.0047,6.7601,6.8709,-0.8154
2025-10-06,0.0033,6.3634,6.7711,-0.8326
2025-10-07,0.0049,6.5288,6.8350,-0.8154
2025-10-08,0.0028,6.4608,6.6935,-0.8414
2025-10-09,0.0045,6.5052,6.7213,-0.8319
2025-10-10,0.0140,7.2630,7.6527,-0.6336
2025-10-13,0.0041,7.4126,7.5860,-0.6456
2025-10-14,0.0128,8.2685,8.3536,-0.4833
2025-10-15,0.0118,8.9794,8.9734,-0.3529
2025-10-16,0.0109,9.2108,9.4743,-0.2481
2025-10-17,0.0064,9.3372,9.5187,-0.2394
2025-10-20,0.0039,9.3219,9.3195,-0.2818
2025-10-21,0.0032,9.2634,9.0613,-0.3366
2025-10-22,0.0082,9.5319,9.3001,-0.2874
2025-10-23,0.0041,9.4980,9.1304,-0.3239
2025-10-24,0.0032,9.3352,8.8850,-0.3763
2025-10-27,0.0021,9.1988,8.5555,-0.4457
2025-10-28,0.0041,9.2467,8.4343,-0.4714
2025-10-29,0.0068,9.4267,8.5743,-0.4419
2025-10-30,0.0051,9.4382,8.5494,-0.4475
2025-10-31,0.0057,9.5816,8.5792,-0.4416
