Date,daily_vol_gk,sigma_roll_ann,sigma_ewma_ann,IDV_ZScore
2010-01-04,0.0068,,,
2010-01-05,0.0077,,,
2010-01-06,0.0110,,,
2010-01-07,0.0093,,,
2010-01-08,0.0085,,,
2010-01-11,0.0131,,,
2010-01-12,0.0105,,,
2010-01-13,0.0218,,,
2010-01-14,0.0044,,,
2010-01-15,0.0124,16.7578,13.7513,
2010-01-19,0.0179,17.8172,14.6309,
2010-01-20,0.0179,18.6967,15.4553,
2010-01-21,0.0167,19.3023,16.1221,
2010-01-22,0.0232,20.5492,17.3604,
2010-01-25,0.0157,20.8365,17.8103,
2010-01-26,0.0378,23.2866,20.3439,
2010-01-27,0.0380,25.4641,22.7415,
2010-01-28,0.0163,25.4859,22.9284,
2010-01-29,0.0323,26.8413,24.6271,
2010-02-01,0.0154,26.7215,24.6162,
2010-02-02,0.0107,26.2555,24.1553,
2010-02-03,0.0163,26.9716,24.2576,
2010-02-04,0.0196,27.8723,24.6696,
2010-02-05,0.0165,28.2851,24.7612,
2010-02-08,0.0131,28.5713,24.5211,
2010-02-09,0.0099,28.6727,23.9916,
2010-02-10,0.0081,28.2980,23.3241,
2010-02-11,0.0166,28.7557,23.5021,
2010-02-12,0.0207,28.6746,24.0624,
2010-02-16,0.0061,28.8025,23.2005,
2010-02-17,0.0109,28.6905,22.8514,
2010-02-18,0.0096,28.0615,22.3924,
2010-02-19,0.0073,27.2614,21.7429,
2010-02-22,0.0100,26.7547,21.3941,
2010-02-23,0.0178,26.3481,21.8038,
2010-02-24,0.0103,25.9399,21.4727,
2010-02-25,0.0155,24.2505,21.6579,
2010-02-26,0.0086,22.0309,21.1801,
2010-03-01,0.0098,21.5412,20.8436,
2010-03-02,0.0099,19.8524,20.5394,
2010-03-03,0.0064,19.1743,19.9194,
2010-03-04,0.0065,18.8559,19.3391,
2010-03-05,0.0119,18.5206,19.3080,
2010-03-08,0.0053,17.4407,18.6563,
2010-03-09,0.0184,17.5861,19.2919,
2010-03-10,0.0066,17.0980,18.7649,
2010-03-11,0.0053,16.7494,18.1416,
2010-03-12,0.0058,16.5754,17.6059,
2010-03-15,0.0161,16.5408,18.0833,
2010-03-16,0.0078,15.5643,17.7384,
2010-03-17,0.0098,15.8407,17.6041,
2010-03-18,0.0074,15.5720,17.2523,
2010-03-19,0.0106,15.6462,17.2227,
2010-03-22,0.0142,16.1673,17.5400,
2010-03-23,0.0126,16.3593,17.6854,
2010-03-24,0.0069,15.5334,17.2768,
2010-03-25,0.0089,15.4280,17.0846,
2010-03-26,0.0090,14.9399,16.9180,
2010-03-29,0.0066,14.7896,16.5352,
2010-03-30,0.0095,14.7647,16.4461,
2010-03-31,0.0063,14.4916,16.0616,
2010-04-01,0.0175,15.3311,16.7681,
2010-04-05,0.0063,15.3211,16.3642,
2010-04-06,0.0089,15.1011,16.2344,
2010-04-07,0.0092,15.3944,16.1367,
2010-04-08,0.0102,14.7758,16.1441,
2010-04-09,0.0041,14.5845,15.5649,
2010-04-12,0.0037,14.4629,14.9804,
2010-04-13,0.0047,14.3808,14.5309,
2010-04-14,0.0049,13.5350,14.1271,
2010-04-15,0.0063,13.4202,13.8749,
2010-04-16,0.0186,14.0860,14.8113,
2010-04-19,0.0177,14.8632,15.6063,
2010-04-20,0.0151,15.2053,16.1065,
2010-04-21,0.0123,15.0667,16.3162,
2010-04-22,0.0208,15.6909,17.3215,
2010-04-23,0.0119,16.0728,17.4159,
2010-04-26,0.0097,16.1390,17.2988,
2010-04-27,0.0153,16.6117,17.7150,
2010-04-28,0.0203,17.6409,18.5812,
2010-04-29,0.0167,18.1858,19.0558,
2010-04-30,0.0166,18.9663,19.4983,
2010-05-03,0.0120,18.5444,19.4668,
2010-05-04,0.0147,19.1765,19.6976,
2010-05-05,0.0252,20.4085,20.9201,
2010-05-06,0.1824,33.5034,37.0408,
2010-05-07,0.0608,37.3218,40.6051,
2010-05-10,0.0145,38.1105,39.5520,
2010-05-11,0.0234,39.5998,39.4047,
2010-05-12,0.0099,39.9914,37.9832,
2010-05-13,0.0202,41.1506,37.6329,
2010-05-14,0.0192,42.1320,37.2069,
2010-05-17,0.0237,42.5230,37.2361,
2010-05-18,0.0201,42.7060,36.9161,
2010-05-19,0.0227,43.2853,36.8676,
2010-05-20,0.0198,43.8497,36.5429,
2010-05-21,0.0302,44.5556,37.2240,
2010-05-24,0.0131,44.6487,36.2415,
2010-05-25,0.0237,45.7020,36.3221,
2010-05-26,0.0186,45.9536,35.9138,
2010-05-27,0.0116,45.2996,34.8641,
2010-05-28,0.0156,45.2139,34.2538,
2010-06-01,0.0186,45.3620,33.9710,
2010-06-02,0.0120,45.3624,33.0717,
2010-06-03,0.0129,45.2307,32.3202,
2010-06-04,0.0191,44.7700,32.2048,
2010-06-07,0.0157,32.1689,31.7711,
2010-06-08,0.0210,29.1602,31.8607,
2010-06-09,0.0171,29.3559,31.5788,
2010-06-10,0.0208,29.1597,31.6627,
2010-06-11,0.0128,29.3802,30.9835,
2010-06-14,0.0136,28.8746,30.4162,
2010-06-15,0.0069,27.9393,29.2446,
2010-06-16,0.0124,27.0819,28.6713,
2010-06-17,0.0084,26.1957,27.7486,
2010-06-18,0.0083,25.1029,26.8732,
2010-06-21,0.0203,25.1421,27.1976,
2010-06-22,0.0109,23.6844,26.6027,
2010-06-23,0.0156,23.8696,26.4908,
2010-06-24,0.0125,23.0251,26.0923,
2010-06-25,0.0088,22.2866,25.3674,
2010-06-28,0.0135,22.4281,25.1287,
2010-06-29,0.0199,22.7570,25.5169,
2010-06-30,0.0182,22.7248,25.7178,
2010-07-01,0.0296,24.0565,26.9916,
2010-07-02,0.0203,24.6103,27.3027,
2010-07-06,0.0179,24.5139,27.3669,
2010-07-07,0.0152,24.4723,27.1709,
2010-07-08,0.0192,24.3399,27.3698,
2010-07-09,0.0112,23.8957,26.7977,
2010-07-12,0.0189,23.7539,26.9898,
2010-07-13,0.0258,24.7334,27.8252,
2010-07-14,0.0172,25.0048,27.7893,
2010-07-15,0.0259,26.4450,28.5900,
2010-07-16,0.0166,26.7588,28.4513,0.6209
2010-07-19,0.0277,28.2180,29.3804,0.7451
2010-07-20,0.0293,29.8058,30.4077,0.8816
2010-07-21,0.0158,29.4596,30.0838,0.8311
2010-07-22,0.0125,29.5786,29.4657,0.7406
2010-07-23,0.0089,29.0725,28.5443,0.6090
2010-07-26,0.0063,28.6032,27.4313,0.4513
2010-07-27,0.0094,28.6496,26.6846,0.3452
2010-07-28,0.0140,28.6914,26.4195,0.3066
2010-07-29,0.0167,28.4518,26.4283,0.3067
2010-07-30,0.0128,28.0429,26.0593,0.2534
2010-08-02,0.0073,26.3598,25.1919,0.1297
2010-08-03,0.0102,25.5954,24.6479,0.0519
2010-08-04,0.0107,25.0530,24.1879,-0.0139
2010-08-05,0.0071,24.4421,23.4130,-0.1248
2010-08-06,0.0105,23.7834,23.0074,-0.1826
2010-08-09,0.0070,23.4605,22.2902,-0.2853
2010-08-10,0.0078,22.6252,21.7002,-0.3695
2010-08-11,0.0103,21.4573,21.3814,-0.4142
2010-08-12,0.0151,21.3053,21.5407,-0.3894
2010-08-13,0.0047,19.7008,20.6946,-0.5111
2010-08-16,0.0097,19.1791,20.3723,-0.5560
2010-08-17,0.0145,18.1835,20.5317,-0.5302
2010-08-18,0.0085,16.6081,20.1049,-0.5905
2010-08-19,0.0114,16.2764,19.9812,-0.6060
2010-08-20,0.0138,16.3792,20.0988,-0.5860
2010-08-23,0.0120,16.6164,20.0384,-0.5923
2010-08-24,0.0106,16.9453,19.8500,-0.6175
2010-08-25,0.0155,17.4055,20.1381,-0.5721
2010-08-26,0.0088,17.0141,19.7725,-0.6239
2010-08-27,0.0208,17.3250,20.5720,-0.5022
2010-08-30,0.0140,17.4211,20.6754,-0.4848
2010-08-31,0.0119,17.7646,20.5639,-0.4996
2010-09-01,0.0129,17.9696,20.5558,-0.4988
2010-09-02,0.0099,17.9105,20.2670,-0.5403
2010-09-03,0.0077,17.9584,19.7876,-0.6103
2010-09-07,0.0085,17.8108,19.4135,-0.6642
2010-09-08,0.0122,18.2055,19.4093,-0.6619
2010-09-09,0.0084,18.2491,19.0472,-0.7138
2010-09-10,0.0083,18.0978,18.6968,-0.7636
2010-09-13,0.0060,17.4095,18.1499,-0.8427
2010-09-14,0.0086,17.7084,17.8840,-0.8787
2010-09-15,0.0047,17.3345,17.2592,-0.9687
2010-09-16,0.0117,17.1248,17.3410,-0.9508
2010-09-17,0.0097,17.2155,17.2201,-0.9638
2010-09-20,0.0122,17.2794,17.3499,-0.9387
2010-09-21,0.0113,17.0895,17.3861,-0.9281
2010-09-22,0.0084,16.8133,17.1405,-0.9603
2010-09-23,0.0155,17.1834,17.5924,-0.8865
2010-09-24,0.0072,16.5539,17.2226,-0.9381
2010-09-27,0.0067,16.3909,16.8267,-0.9932
2010-09-28,0.0405,17.8768,19.6751,-0.5542
2010-09-29,0.0094,17.5221,19.3854,-0.5964
2010-09-30,0.0184,18.0189,19.9772,-0.5035
2010-10-01,0.0103,17.8267,19.7623,-0.5348
2010-10-04,0.0111,17.9200,19.6385,-0.5519
2010-10-05,0.0113,18.1922,19.5398,-0.5651
2010-10-06,0.0165,18.7915,19.9358,-0.5020
2010-10-07,0.0084,18.5060,19.5405,-0.5614
2010-10-08,0.0097,18.6000,19.2889,-0.5984
2010-10-11,0.0062,18.4376,18.7194,-0.6846
2010-10-12,0.0154,19.1464,19.0642,-0.6284
2010-10-13,0.0051,18.8768,18.4037,-0.7288
2010-10-14,0.0047,18.8752,17.7458,-0.8283
2010-10-15,0.0178,19.3347,18.3774,-0.7262
2010-10-18,0.0105,19.3970,18.2728,-0.7396
2010-10-19,0.0292,20.6797,19.9557,-0.4734
2010-10-20,0.0165,21.0737,20.3319,-0.4129
2010-10-21,0.0172,21.7373,20.7457,-0.3465
2010-10-22,0.0080,21.1636,20.2584,-0.4224
2010-10-25,0.0072,21.1628,19.7277,-0.5049
2010-10-26,0.0091,21.3442,19.4100,-0.5536
2010-10-27,0.0099,19.0286,19.1858,-0.5873
2010-10-28,0.0155,19.4970,19.5157,-0.5330
2010-10-29,0.0096,18.8285,19.2573,-0.5724
2010-11-01,0.0068,18.5630,18.7510,-0.6511
2010-11-02,0.0055,18.1395,18.1543,-0.7439
2010-11-03,0.0095,17.9994,17.9682,-0.7707
2010-11-04,0.0100,17.5139,17.8467,-0.7871
2010-11-05,0.0060,17.3347,17.3509,-0.8631
2010-11-08,0.0061,17.0638,16.8894,-0.9331
2010-11-09,0.0116,17.4748,16.9817,-0.9142
2010-11-10,0.0114,17.1679,17.0442,-0.9002
2010-11-11,0.0087,17.4412,16.8492,-0.9274
2010-11-12,0.0247,18.9534,18.1899,-0.7088
2010-11-15,0.0094,18.3147,17.9901,-0.7383
2010-11-16,0.0173,18.8338,18.5627,-0.6437
2010-11-17,0.0146,17.7294,18.8368,-0.5975
2010-11-18,0.0094,17.1921,18.6031,-0.6333
2010-11-19,0.0068,16.4124,18.1382,-0.7062
2010-11-22,0.0106,16.6158,18.0636,-0.7158
2010-11-23,0.0114,16.9308,18.0616,-0.7136
2010-11-24,0.0061,16.7028,17.5565,-0.7928
2010-11-26,0.0104,16.7411,17.4918,-0.8004
2010-11-29,0.0135,16.5825,17.7235,-0.7599
2010-11-30,0.0063,16.3345,17.2602,-0.8323
2010-12-01,0.0057,16.2525,16.7704,-0.9085
2010-12-02,0.0091,16.5202,16.6299,-0.9276
2010-12-03,0.0051,16.1872,16.1155,-1.0071
2010-12-06,0.0081,16.0413,15.9214,-1.0340
2010-12-07,0.0071,16.1195,15.6396,-1.0749
2010-12-08,0.0082,16.2825,15.4862,-1.0946
2010-12-09,0.0061,15.8697,15.1425,-1.1448
2010-12-10,0.0051,15.3985,14.7217,-1.2069
2010-12-13,0.0072,15.2867,14.5252,-1.2321
2010-12-14,0.0073,13.9713,14.3479,-1.2540
2010-12-15,0.0084,13.8957,14.2834,-1.2574
2010-12-16,0.0055,13.0015,13.9516,-1.3036
2010-12-17,0.0028,12.1126,13.3824,-1.3871
2010-12-20,0.0110,12.2330,13.6276,-1.3394
2010-12-21,0.0046,12.0616,13.2454,-1.3924
2010-12-22,0.0045,11.5951,12.8766,-1.4424
2010-12-23,0.0034,10.9924,12.4263,-1.5043
2010-12-27,0.0078,11.1240,12.4252,-1.4943
2010-12-28,0.0034,10.5940,12.0006,-1.5511
2010-12-29,0.0023,9.7534,11.5026,-1.6181
2010-12-30,0.0041,9.5854,11.2009,-1.6532
2010-12-31,0.0047,9.5075,10.9765,-1.6754
2011-01-03,0.0090,9.5021,11.1768,-1.6314
2011-01-04,0.0091,9.8033,11.3690,-1.5896
2011-01-05,0.0061,9.6486,11.2649,-1.5943
2011-01-06,0.0046,9.4634,11.0291,-1.6191
2011-01-07,0.0085,9.4866,11.1816,-1.5840
2011-01-10,0.0107,9.8327,11.5323,-1.5194
2011-01-11,0.0097,10.1796,11.7651,-1.4739
2011-01-12,0.0045,9.9775,11.4914,-1.5062
2011-01-13,0.0056,9.8527,11.3388,-1.5196
2011-01-14,0.0068,9.7360,11.3079,-1.5199
2011-01-18,0.0337,11.8704,13.8440,-1.1300
2011-01-19,0.0170,12.9424,14.6320,-1.0083
2011-01-20,0.0158,13.3082,15.2631,-0.9107
2011-01-21,0.0116,13.8411,15.4542,-0.8795
2011-01-24,0.0114,14.3654,15.6134,-0.8530
2011-01-25,0.0110,14.9379,15.7204,-0.8328
2011-01-26,0.0083,14.9733,15.5662,-0.8508
2011-01-27,0.0037,14.9971,14.9831,-0.9334
2011-01-28,0.0172,16.1232,15.7250,-0.8145
2011-01-31,0.0101,16.5818,15.7478,-0.8051
2011-02-01,0.0068,16.7441,15.4550,-0.8435
2011-02-02,0.0035,16.3256,14.8594,-0.9271
2011-02-03,0.0118,16.5304,15.0887,-0.8858
2011-02-04,0.0040,16.3758,14.5666,-0.9576
2011-02-07,0.0088,16.6937,14.5332,-0.9555
2011-02-08,0.0062,16.5150,14.2503,-0.9909
2011-02-09,0.0063,16.1832,13.9989,-1.0214
2011-02-10,0.0234,17.2219,15.3925,-0.8059
2011-02-11,0.0076,17.4560,15.1960,-0.8294
2011-02-14,0.0036,17.2992,14.6237,-0.9091
2011-02-15,0.0046,17.1322,14.1853,-0.9681
2011-02-16,0.0076,15.1546,14.0569,-0.9806
2011-02-17,0.0072,14.4120,13.8964,-0.9980
2011-02-18,0.0139,14.2625,14.3834,-0.9197
2011-02-22,0.0145,14.4822,14.9040,-0.8369
2011-02-23,0.0103,14.3999,14.9925,-0.8188
2011-02-24,0.0139,14.6204,15.4146,-0.7515
2011-02-25,0.0053,14.3929,14.9920,-0.8096
2011-02-28,0.0071,14.6481,14.7650,-0.8385
2011-03-01,0.0120,14.2507,15.0192,-0.7966
2011-03-02,0.0113,14.3416,15.1988,-0.7664
2011-03-03,0.0064,14.3114,14.9011,-0.8068
2011-03-04,0.0050,14.4262,14.4834,-0.8643
2011-03-07,0.0177,14.8732,15.2984,-0.7415
2011-03-08,0.0102,15.3368,15.3477,-0.7312
2011-03-09,0.0074,15.2268,15.1290,-0.7605
2011-03-10,0.0089,15.4318,15.0686,-0.7668
2011-03-11,0.0089,15.6265,15.0134,-0.7727
2011-03-14,0.0103,14.6331,15.0945,-0.7584
2011-03-15,0.0147,15.1695,15.5917,-0.6838
2011-03-16,0.0276,16.9838,17.2816,-0.4362
2011-03-17,0.0184,18.0296,18.0015,-0.3313
2011-03-18,0.0125,18.4020,18.1134,-0.3155
2011-03-21,0.0071,18.3997,17.7067,-0.3752
2011-03-22,0.0068,17.8642,17.2903,-0.4359
2011-03-23,0.0089,17.4411,17.1033,-0.4632
2011-03-24,0.0136,17.6908,17.3744,-0.4237
2011-03-25,0.0081,17.2557,17.1054,-0.4632
2011-03-28,0.0061,17.3212,16.6639,-0.5279
2011-03-29,0.0080,17.3939,16.4282,-0.5624
2011-03-30,0.0060,16.9411,16.0122,-0.6233
2011-03-31,0.0066,16.5790,15.6759,-0.6717
2011-04-01,0.0122,17.0102,15.8928,-0.6395
2011-04-04,0.0115,17.5032,16.0369,-0.6183
2011-04-05,0.0126,17.1158,16.2705,-0.5842
2011-04-06,0.0128,17.3138,16.5110,-0.5493
2011-04-07,0.0092,17.4519,16.3965,-0.5667
2011-04-08,0.0094,17.4929,16.3117,-0.5802
2011-04-11,0.0103,17.6008,16.3179,-0.5808
2011-04-12,0.0066,17.3214,15.9686,-0.6336
2011-04-13,0.0074,16.7655,15.7129,-0.6727
2011-04-14,0.0071,15.2158,15.4430,-0.7129
2011-04-15,0.0097,14.5538,15.4390,-0.7134
2011-04-18,0.0238,15.4073,16.7802,-0.5169
2011-04-19,0.0099,15.6142,16.7141,-0.5269
2011-04-20,0.0085,15.7452,16.5223,-0.5545
2011-04-21,0.0109,15.8953,16.5706,-0.5468
2011-04-25,0.0051,15.2494,16.0598,-0.6208
2011-04-26,0.0098,15.3774,16.0310,-0.6238
2011-04-27,0.0099,15.6654,16.0168,-0.6240
2011-04-28,0.0085,15.7049,15.8697,-0.6432
2011-04-29,0.0134,16.2677,16.1963,-0.5930
2011-05-02,0.0080,16.3760,15.9853,-0.6214
2011-05-03,0.0087,16.1130,15.8524,-0.6381
2011-05-04,0.0097,15.9784,15.8293,-0.6380
2011-05-05,0.0095,15.7471,15.7839,-0.6396
2011-05-06,0.0055,15.1955,15.3587,-0.6999
2011-05-09,0.0054,14.9089,14.9522,-0.7587
2011-05-10,0.0061,14.6545,14.6334,-0.8059
2011-05-11,0.0091,14.5637,14.6260,-0.8045
2011-05-12,0.0099,14.8136,14.6930,-0.7914
2011-05-13,0.0078,14.8431,14.5510,-0.8116
2011-05-16,0.0144,15.4004,15.0530,-0.7271
2011-05-17,0.0085,15.3109,14.9597,-0.7397
2011-05-18,0.0085,14.1538,14.8716,-0.7521
2011-05-19,0.0072,13.9540,14.6684,-0.7847
2011-05-20,0.0095,14.0275,14.6919,-0.7796
2011-05-23,0.0112,14.0499,14.8782,-0.7447
2011-05-24,0.0074,14.2291,14.6947,-0.7765
2011-05-25,0.0103,14.2657,14.7939,-0.7569
2011-05-26,0.0049,13.8810,14.3693,-0.8349
2011-05-27,0.0051,13.6170,13.9884,-0.9063
2011-05-31,0.0070,13.1322,13.8170,-0.9387
2011-06-01,0.0139,13.5821,14.3157,-0.8388
2011-06-02,0.0075,13.4921,14.1695,-0.8654
2011-06-03,0.0068,13.2707,13.9685,-0.9039
2011-06-06,0.0130,13.5390,14.3728,-0.8184
2011-06-07,0.0070,13.6520,14.1746,-0.8573
2011-06-08,0.0088,13.9068,14.1602,-0.8581
2011-06-09,0.0053,13.8463,13.8128,-0.9311
2011-06-10,0.0099,13.9023,13.9251,-0.9048
2011-06-13,0.0069,13.6758,13.7487,-0.9415
2011-06-14,0.0071,13.6220,13.5957,-0.9722
2011-06-15,0.0102,13.3039,13.7541,-0.9326
2011-06-16,0.0224,14.3529,15.0605,-0.6300
2011-06-17,0.0136,14.7405,15.4547,-0.5334
2011-06-20,0.0157,15.3809,16.0234,-0.3952
2011-06-21,0.0164,15.9022,16.6224,-0.2481
2011-06-22,0.0133,16.0590,16.8905,-0.1774
2011-06-23,0.0179,16.8488,17.5815,-0.0052
2011-06-24,0.0145,17.1655,17.9064,0.0803
2011-06-27,0.0115,17.6666,17.9265,0.0927
2011-06-28,0.0062,17.7529,17.4409,-0.0176
2011-06-29,0.0087,17.8841,17.2277,-0.0621
2011-06-30,0.0067,17.3382,16.8340,-0.1510
2011-07-01,0.0141,17.8354,17.1631,-0.0595
2011-07-05,0.0095,18.0412,17.0417,-0.0809
2011-07-06,0.0141,18.1176,17.3580,0.0101
2011-07-07,0.0066,18.0896,16.9454,-0.0872
2011-07-08,0.0108,18.2424,16.9572,-0.0748
2011-07-11,0.0132,18.8395,17.1943,-0.0014
2011-07-12,0.0181,19.4636,17.8902,0.2002
2011-07-13,0.0071,19.4793,17.4955,0.1050
2011-07-14,0.0087,19.6066,17.2782,0.0581
2011-07-15,0.0094,19.5442,17.1371,0.0313
2011-07-18,0.0111,18.6896,17.1636,0.0546
2011-07-19,0.0098,18.4037,17.0714,0.0443
2011-07-20,0.0114,18.0799,17.1352,0.0827
2011-07-21,0.0112,17.6914,17.1779,0.1157
2011-07-22,0.0105,17.4842,17.1517,0.1258
2011-07-25,0.0134,17.1477,17.4030,0.2313
2011-07-26,0.0066,16.5541,16.9907,0.1028
2011-07-27,0.0138,16.7309,17.2884,0.2284
2011-07-28,0.0160,17.4688,17.7709,0.4299
2011-07-29,0.0197,18.2985,18.5834,0.7672
2011-08-01,0.0126,18.7455,18.6715,0.8288
2011-08-02,0.0102,18.4547,18.5239,0.7954
2011-08-03,0.0205,19.2807,19.3616,1.1606
2011-08-04,0.0167,19.4824,19.7929,1.3605
2011-08-05,0.0381,21.8602,22.2303,2.3829
2011-08-08,0.0249,22.9267,23.2687,2.8026
2011-08-09,0.0314,24.3020,24.8600,3.4087
2011-08-10,0.0196,24.4125,25.2352,3.4957
2011-08-11,0.0198,25.3708,25.6073,3.5737
2011-08-12,0.0100,25.4655,25.0226,3.2808
2011-08-15,0.0112,25.5988,24.5847,3.0587
2011-08-16,0.0135,25.7827,24.3962,2.9420
2011-08-17,0.0117,25.9232,24.0470,2.7703
2011-08-18,0.0202,26.5849,24.5260,2.9016
2011-08-19,0.0187,27.1494,24.8365,2.9653
2011-08-22,0.0133,27.3557,24.6107,2.8386
2011-08-23,0.0230,28.0801,25.3271,3.0377
2011-08-24,0.0151,28.7215,25.2477,2.9581
2011-08-25,0.0137,28.7100,25.0355,2.8369
2011-08-26,0.0133,28.5063,24.7965,2.7178
2011-08-29,0.0057,27.4439,23.8488,2.3740
2011-08-30,0.0098,27.2335,23.3559,2.1906
2011-08-31,0.0163,27.6901,23.5025,2.2205
2011-09-01,0.0094,26.8534,22.9873,2.0346
2011-09-02,0.0116,26.4646,22.7111,1.9290
2011-09-06,0.0163,24.8167,22.8971,1.9728
2011-09-07,0.0061,23.3942,22.1031,1.7033
2011-09-08,0.0112,21.8704,21.8444,1.6091
2011-09-09,0.0175,21.7100,22.1985,1.7100
2011-09-12,0.0124,21.1492,22.0461,1.6476
2011-09-13,0.0102,21.1676,21.6983,1.5249
2011-09-14,0.0111,21.1659,21.4577,1.4371
2011-09-15,0.0063,20.6240,20.7739,1.2128
2011-09-16,0.0059,20.1838,20.0875,0.9905
2011-09-19,0.0221,20.3306,20.9890,1.2660
2011-09-20,0.0196,20.3981,21.5968,1.4457
2011-09-21,0.0118,20.2861,21.4244,1.3811
2011-09-22,0.0230,20.2824,22.3272,1.6477
2011-09-23,0.0104,19.9227,21.9745,1.5254
2011-09-26,0.0220,20.5489,22.7477,1.7460
2011-09-27,0.0131,20.5378,22.6321,1.6992
2011-09-28,0.0118,20.9994,22.3958,1.6166
2011-09-29,0.0225,21.9568,23.1965,1.8462
2011-09-30,0.0106,21.5300,22.8148,1.7192
2011-10-03,0.0150,21.9504,22.8707,1.7238
2011-10-04,0.0529,25.0713,26.5337,2.7720
2011-10-05,0.0330,26.3404,28.0894,3.1609
2011-10-06,0.0233,27.6434,28.6256,3.2387
2011-10-07,0.0144,27.8862,28.2815,3.0733
2011-10-10,0.0116,27.4414,27.6889,2.8518
2011-10-11,0.0169,27.7828,27.6373,2.7854
2011-10-12,0.0138,28.0533,27.2948,2.6461
2011-10-13,0.0082,27.8289,26.4357,2.3809
2011-10-14,0.0084,27.9846,25.6495,2.1467
2011-10-17,0.0179,28.8913,25.8129,2.1612
2011-10-18,0.0148,28.3395,25.6756,2.1028
2011-10-19,0.0181,28.2289,25.8629,2.1280
2011-10-20,0.0081,27.9501,25.0832,1.9139
2011-10-21,0.0126,27.1638,24.7758,1.8213
2011-10-24,0.0127,27.3435,24.5026,1.7384
2011-10-25,0.0116,26.5580,24.1344,1.6336
2011-10-26,0.0166,26.8222,24.2685,1.6534
2011-10-27,0.0116,26.8087,23.9169,1.5552
2011-10-28,0.0060,25.5607,23.0539,1.3347
2011-10-31,0.0140,25.8163,23.0028,1.3137
2011-11-01,0.0111,25.5257,22.6813,1.2270
2011-11-02,0.0085,22.1723,22.1304,1.0861
2011-11-03,0.0128,20.6429,22.0232,1.0536
2011-11-04,0.0070,19.4099,21.3698,0.8897
2011-11-07,0.0069,18.8391,20.7418,0.7331
2011-11-08,0.0094,18.6732,20.3927,0.6447
2011-11-09,0.0115,18.2685,20.2687,0.6112
2011-11-10,0.0199,18.7260,20.9450,0.7700
2011-11-11,0.0152,19.2562,21.1349,0.8120
2011-11-14,0.0111,19.4575,20.9204,0.7565
2011-11-15,0.0132,19.1020,20.9196,0.7533
2011-11-16,0.0101,18.7488,20.6308,0.6815
2011-11-17,0.0131,18.3642,20.6362,0.6803
2011-11-18,0.0070,18.2784,20.0619,0.5402
2011-11-21,0.0108,18.1453,19.8882,0.4965
2011-11-22,0.0095,17.9031,19.6031,0.4264
2011-11-23,0.0115,17.8976,19.5219,0.4049
2011-11-25,0.0126,17.5966,19.5534,0.4104
2011-11-28,0.0104,17.5024,19.3661,0.3638
2011-11-29,0.0157,18.2347,19.6990,0.4412
2011-11-30,0.0073,17.7256,19.2076,0.3211
2011-12-01,0.0124,17.8239,19.2377,0.3258
2011-12-02,0.0091,17.8711,18.9528,0.2549
2011-12-05,0.0108,17.7183,18.8438,0.2261
2011-12-06,0.0091,17.8791,18.5838,0.1610
2011-12-07,0.0075,17.9255,18.1814,0.0620
2011-12-08,0.0094,17.9257,17.9860,0.0124
2011-12-09,0.0053,17.4523,17.4102,-0.1287
2011-12-12,0.0080,16.5575,17.1304,-0.1987
2011-12-13,0.0134,16.4254,17.3827,-0.1411
2011-12-14,0.0145,16.6851,17.7206,-0.0630
2011-12-15,0.0071,16.2257,17.3329,-0.1602
2011-12-16,0.0084,16.0946,17.0942,-0.2220
2011-12-19,0.0081,15.7175,16.8366,-0.2882
2011-12-20,0.0093,15.8914,16.7095,-0.3233
2011-12-21,0.0095,15.7899,16.6090,-0.3524
2011-12-22,0.0048,15.4330,16.0709,-0.4891
2011-12-23,0.0045,14.9052,15.5366,-0.6250
2011-12-27,0.0092,14.6434,15.4774,-0.6453
2011-12-28,0.0102,14.6286,15.5160,-0.6426
2011-12-29,0.0086,14.0939,15.4061,-0.6774
2011-12-30,0.0043,13.8709,14.8913,-0.8137
2012-01-03,0.0053,13.3368,14.5074,-0.9172
2012-01-04,0.0077,13.2271,14.3682,-0.9591
2012-01-05,0.0089,13.0828,14.3524,-0.9703
2012-01-06,0.0045,12.7306,13.9182,-1.0880
2012-01-09,0.0091,12.8539,13.9510,-1.0868
2012-01-10,0.0064,12.6278,13.7246,-1.1506
2012-01-11,0.0059,12.6775,13.4671,-1.2215
2012-01-12,0.0068,12.5883,13.3114,-1.2669
2012-01-13,0.0030,11.8000,12.7996,-1.4038
2012-01-17,0.0050,11.0816,12.5073,-1.4836
2012-01-18,0.0042,10.8634,12.1576,-1.5689
2012-01-19,0.0072,10.7731,12.1156,-1.5720
2012-01-20,0.0075,10.7303,12.1028,-1.5662
2012-01-23,0.0075,10.5975,12.0924,-1.5594
2012-01-24,0.0062,10.3525,11.9602,-1.5828
2012-01-25,0.0130,10.9735,12.4835,-1.4414
2012-01-26,0.0073,11.1841,12.4298,-1.4470
2012-01-27,0.0062,10.9629,12.2783,-1.4780
2012-01-30,0.0088,10.8593,12.3783,-1.4445
2012-01-31,0.0079,10.8072,12.3910,-1.4331
2012-02-01,0.0044,10.8133,12.0648,-1.5059
2012-02-02,0.0048,10.7744,11.8015,-1.5629
2012-02-03,0.0061,10.6515,11.6698,-1.5860
2012-02-06,0.0071,10.5203,11.6506,-1.5823
2012-02-07,0.0062,10.6508,11.5429,-1.6001
2012-02-08,0.0068,10.4772,11.4994,-1.6027
2012-02-09,0.0173,11.2975,12.4538,-1.3649
2012-02-10,0.0126,11.8032,12.9097,-1.2481
2012-02-13,0.0087,11.9453,12.9665,-1.2295
2012-02-14,0.0088,12.3813,13.0248,-1.2118
2012-02-15,0.0352,14.6623,15.5930,-0.5893
2012-02-16,0.0223,16.0328,16.7850,-0.3022
2012-02-17,0.0104,16.2740,16.7692,-0.3094
2012-02-21,0.0113,16.5617,16.8397,-0.2950
2012-02-22,0.0089,16.6635,16.6733,-0.3378
2012-02-23,0.0114,17.0512,16.7547,-0.3198
2012-02-24,0.0048,16.4271,16.2040,-0.4558
2012-02-27,0.0157,17.0601,16.7248,-0.3301
2012-02-28,0.0093,17.2914,16.6069,-0.3612
2012-02-29,0.0155,17.8003,17.0884,-0.2452
2012-03-01,0.0115,18.0730,17.1621,-0.2292
2012-03-02,0.0055,18.1539,16.6516,-0.3569
2012-03-05,0.0245,19.6421,17.9882,-0.0310
2012-03-06,0.0222,20.8635,19.0243,0.2212
2012-03-07,0.0179,21.6792,19.5916,0.3574
2012-03-08,0.0116,22.0831,19.5163,0.3348
2012-03-09,0.0059,22.0140,18.9075,0.1806
2012-03-12,0.0055,21.1214,18.2927,0.0252
2012-03-13,0.0104,20.9546,18.1880,-0.0038
2012-03-14,0.0199,21.7965,18.9889,0.1918
2012-03-15,0.0211,22.7293,19.8612,0.4059
2012-03-16,0.0135,21.0944,19.9592,0.4282
2012-03-19,0.0148,20.5276,20.1751,0.4795
2012-03-20,0.0169,21.0213,20.5780,0.5763
2012-03-21,0.0096,20.8940,20.2595,0.4942
2012-03-22,0.0104,21.0138,20.0389,0.4365
2012-03-23,0.0074,20.7172,19.5447,0.3119
2012-03-26,0.0119,21.2532,19.5019,0.2989
2012-03-27,0.0083,20.6933,19.1194,0.2017
2012-03-28,0.0128,20.9555,19.1883,0.2162
2012-03-29,0.0104,20.5662,19.0242,0.1726
2012-03-30,0.0113,20.5497,18.9610,0.1538
2012-04-02,0.0127,21.1006,19.0368,0.1697
2012-04-03,0.0107,20.0595,18.9184,0.1375
2012-04-04,0.0101,19.1427,18.7436,0.0916
2012-04-05,0.0108,18.6027,18.6474,0.0656
2012-04-09,0.0129,18.7014,18.7530,0.0896
2012-04-10,0.0166,19.5088,19.2073,0.2000
2012-04-11,0.0116,19.9701,19.1558,0.1844
2012-04-12,0.0120,20.0917,19.1524,0.1805
2012-04-13,0.0152,19.7387,19.4507,0.2514
2012-04-16,0.0218,19.7908,20.3610,0.4741
2012-04-17,0.0323,21.2090,22.2160,0.9303
2012-04-18,0.0195,21.5637,22.7434,1.0541
2012-04-19,0.0200,21.7928,23.2808,1.1787
2012-04-20,0.0218,22.7170,23.9647,1.3372
2012-04-23,0.0250,23.8168,24.9075,1.5559
2012-04-24,0.0158,24.4474,24.9157,1.5430
2012-04-25,0.0126,24.5054,24.6238,1.4579
2012-04-26,0.0130,24.8614,24.3825,1.3865
2012-04-27,0.0063,24.3730,23.5203,1.1664
2012-04-30,0.0113,24.4466,23.1890,1.0772
2012-05-01,0.0184,24.9825,23.5512,1.1560
2012-05-02,0.0084,24.6511,22.9339,0.9983
2012-05-03,0.0097,24.5745,22.4852,0.8825
2012-05-04,0.0100,24.5698,22.0904,0.7806
2012-05-07,0.0114,24.6161,21.8518,0.7167
2012-05-08,0.0159,24.8467,22.0557,0.7599
2012-05-09,0.0152,24.7435,22.1818,0.7840
2012-05-10,0.0081,24.4798,21.6195,0.6415
2012-05-11,0.0124,24.5096,21.5060,0.6081
2012-05-14,0.0115,24.2291,21.3095,0.5547
2012-05-15,0.0112,23.4303,21.1017,0.4988
2012-05-16,0.0183,22.3736,21.5809,0.6103
2012-05-17,0.0146,21.9978,21.6729,0.6271
2012-05-18,0.0279,22.5949,23.0269,0.9514
2012-05-21,0.0183,22.3300,23.3923,1.0329
2012-05-22,0.0229,22.1686,24.1660,1.2128
2012-05-23,0.0199,22.4824,24.6141,1.3117
2012-05-24,0.0151,22.6697,24.5762,1.2917
2012-05-25,0.0089,22.3636,23.9522,1.1301
2012-05-29,0.0107,22.6945,23.5326,1.0195
2012-05-30,0.0126,22.7874,23.3178,0.9594
2012-05-31,0.0119,22.2941,23.0506,0.8866
2012-06-01,0.0122,22.5835,22.8280,0.8251
2012-06-04,0.0239,23.6528,23.7330,1.0402
2012-06-05,0.0101,23.6580,23.2699,0.9186
2012-06-06,0.0096,23.5174,22.7833,0.7917
2012-06-07,0.0059,22.7577,21.9741,0.5852
2012-06-08,0.0107,22.4159,21.6745,0.5048
2012-06-11,0.0127,22.7628,21.5797,0.4753
2012-06-12,0.0121,22.7406,21.4405,0.4346
2012-06-13,0.0096,22.6009,21.0720,0.3360
2012-06-14,0.0077,22.3354,20.5439,0.1967
2012-06-15,0.0053,21.3482,19.8128,0.0065
2012-06-18,0.0143,21.3273,19.9845,0.0457
2012-06-19,0.0071,19.7609,19.4661,-0.0901
2012-06-20,0.0099,19.1207,19.2385,-0.1511
2012-06-21,0.0101,18.1565,19.0466,-0.2026
2012-06-22,0.0076,17.2242,18.6271,-0.3113
2012-06-25,0.0092,16.7769,18.3848,-0.3739
2012-06-26,0.0088,16.7697,18.1233,-0.4412
2012-06-27,0.0059,16.4089,17.5988,-0.5758
2012-06-28,0.0100,16.2157,17.4965,-0.6024
2012-06-29,0.0100,16.0753,17.4017,-0.6275
2012-07-02,0.0085,15.8000,17.1713,-0.6866
2012-07-03,0.0053,14.3967,16.6474,-0.8203
2012-07-05,0.0141,14.7034,16.9959,-0.7304
2012-07-06,0.0079,14.5802,16.7306,-0.7981
2012-07-09,0.0072,14.6853,16.4170,-0.8775
2012-07-10,0.0136,14.9038,16.7260,-0.7976
2012-07-11,0.0121,14.8638,16.8778,-0.7572
2012-07-12,0.0127,14.9053,17.0730,-0.7066
2012-07-13,0.0082,14.7938,16.8261,-0.7691
2012-07-16,0.0074,14.7726,16.5260,-0.8448
2012-07-17,0.0089,15.0468,16.3815,-0.8804
2012-07-18,0.0056,14.3880,15.9289,-0.9939
2012-07-19,0.0104,14.6323,15.9617,-0.9833
2012-07-20,0.0087,14.5450,15.8343,-1.0133
2012-07-23,0.0192,15.2330,16.7135,-0.7887
2012-07-24,0.0113,15.5101,16.7832,-0.7700
2012-07-25,0.0133,15.8178,17.0393,-0.7049
2012-07-26,0.0112,15.9939,17.0803,-0.6941
2012-07-27,0.0136,16.5739,17.3492,-0.6251
2012-07-30,0.0132,16.8114,17.5612,-0.5699
2012-07-31,0.0071,16.5875,17.1804,-0.6648
2012-08-01,0.0125,16.8858,17.3390,-0.6229
2012-08-02,0.0111,17.3216,17.3543,-0.6166
2012-08-03,0.0071,16.7876,16.9875,-0.7061
2012-08-06,0.0096,16.9150,16.8833,-0.7269
2012-08-07,0.0077,16.9491,16.6035,-0.7914
2012-08-08,0.0077,16.5051,16.3418,-0.8508
2012-08-09,0.0034,15.8472,15.6878,-1.0093
2012-08-10,0.0018,15.0237,14.9167,-1.1968
2012-08-13,0.0039,14.6998,14.3911,-1.3205
2012-08-14,0.0094,14.8444,14.4193,-1.3029
2012-08-15,0.0070,14.7006,14.2199,-1.3427
2012-08-16,0.0048,14.6461,13.8284,-1.4301
2012-08-17,0.0067,14.3686,13.6375,-1.4663
2012-08-20,0.0080,14.3152,13.5824,-1.4682
2012-08-21,0.0223,14.5458,14.8872,-1.1280
2012-08-22,0.0179,15.0446,15.6950,-0.9155
2012-08-23,0.0087,14.7004,15.5827,-0.9371
2012-08-24,0.0145,14.9491,16.0244,-0.8174
2012-08-27,0.0066,14.4178,15.6872,-0.8969
2012-08-28,0.0057,13.8542,15.2889,-0.9916
2012-08-29,0.0051,13.7019,14.8526,-1.0953
2012-08-30,0.0067,13.2665,14.6021,-1.1506
2012-08-31,0.0120,13.3328,14.8652,-1.0742
2012-09-04,0.0073,13.3491,14.6684,-1.1159
2012-09-05,0.0051,13.0082,14.2737,-1.2076
2012-09-06,0.0073,12.9792,14.1139,-1.2383
2012-09-07,0.0066,12.8978,13.8991,-1.2825
2012-09-10,0.0151,13.7790,14.5019,-1.1191
2012-09-11,0.0139,14.6921,14.9525,-0.9960
2012-09-12,0.0146,15.5004,15.4433,-0.8639
2012-09-13,0.0099,15.5418,15.4604,-0.8529
2012-09-14,0.0092,15.7093,15.4097,-0.8596
2012-09-17,0.0052,15.7398,14.9851,-0.9612
2012-09-18,0.0057,15.6635,14.6287,-1.0439
2012-09-19,0.0041,15.3711,14.1457,-1.1573
2012-09-20,0.0065,14.1817,13.9182,-1.2052
2012-09-21,0.0054,13.2376,13.5945,-1.2764
2012-09-24,0.0119,13.4805,13.9143,-1.1857
2012-09-25,0.0155,13.5566,14.5520,-1.0166
2012-09-26,0.0117,13.9472,14.7953,-0.9475
2012-09-27,0.0168,14.7833,15.5039,-0.7621
2012-09-28,0.0105,15.1988,15.5783,-0.7369
2012-10-01,0.0185,16.0853,16.4012,-0.5229
2012-10-02,0.0169,16.4551,17.0223,-0.3602
2012-10-03,0.0076,16.4797,16.7270,-0.4289
2012-10-04,0.0082,16.7143,16.5044,-0.4800
2012-10-05,0.0104,16.9479,16.5052,-0.4739
2012-10-08,0.0094,17.1561,16.4091,-0.4934
2012-10-09,0.0188,17.4335,17.2110,-0.2717
2012-10-10,0.0087,17.0453,17.0098,-0.3188
2012-10-11,0.0113,16.7944,17.0611,-0.2973
2012-10-12,0.0113,16.9001,17.1143,-0.2752
2012-10-15,0.0124,17.1452,17.2732,-0.2234
2012-10-16,0.0161,17.9656,17.7705,-0.0745
2012-10-17,0.0087,18.1902,17.5299,-0.1353
2012-10-18,0.0116,18.7508,17.5793,-0.1127
2012-10-19,0.0136,19.2870,17.8212,-0.0342
2012-10-22,0.0178,20.2256,18.4460,0.1579
2012-10-23,0.0180,20.6869,19.0560,0.3475
2012-10-24,0.0176,20.8478,19.5880,0.5148
2012-10-25,0.0157,21.1507,19.9107,0.6210
2012-10-26,0.0264,21.8807,21.2322,1.0283
2012-10-31,0.0169,22.3644,21.5724,1.1361
2012-11-01,0.0103,21.7468,21.2575,1.0453
2012-11-02,0.0176,21.8008,21.6552,1.1699
2012-11-05,0.0123,22.1533,21.5262,1.1322
2012-11-06,0.0102,22.3056,21.2075,1.0368
2012-11-07,0.0158,22.7146,21.4414,1.1083
2012-11-08,0.0231,23.7531,22.3577,1.3839
2012-11-09,0.0264,24.3328,23.5331,1.7309
2012-11-12,0.0160,24.8823,23.6450,1.7519
2012-11-13,0.0178,25.3767,23.9210,1.8229
2012-11-14,0.0109,25.3443,23.5219,1.6933
2012-11-15,0.0176,25.7370,23.7911,1.7626
2012-11-16,0.0330,27.0134,25.5056,2.2496
2012-11-19,0.0213,27.9694,26.0054,2.3674
2012-11-20,0.0182,28.4684,26.1749,2.3861
2012-11-21,0.0133,28.4413,25.8670,2.2681
2012-11-23,0.0107,27.9072,25.3362,2.0921
2012-11-26,0.0134,27.5605,25.0959,2.0020
2012-11-27,0.0114,27.0928,24.6761,1.8651
2012-11-28,0.0154,27.0664,24.6604,1.8430
2012-11-29,0.0108,25.8823,24.2049,1.7011
2012-11-30,0.0067,25.1092,23.3926,1.4658
2012-12-03,0.0075,24.9021,22.7075,1.2687
2012-12-04,0.0100,24.3287,22.2958,1.1491
2012-12-05,0.0193,24.8563,22.7931,1.2776
2012-12-06,0.0406,27.1529,25.2920,1.9408
2012-12-07,0.0234,27.7260,26.0030,2.1073
2012-12-10,0.0219,27.6303,26.5251,2.2170
2012-12-11,0.0158,26.8235,26.4339,2.1632
2012-12-12,0.0116,26.4874,25.9482,2.0095
2012-12-13,0.0157,26.3256,25.8822,1.9681
2012-12-14,0.0163,26.7325,25.8780,1.9436
2012-12-17,0.0231,27.1429,26.5230,2.0830
2012-12-18,0.0166,25.9062,26.5153,2.0544
2012-12-19,0.0091,24.9841,25.7926,1.8498
2012-12-20,0.0117,24.4970,25.3613,1.7227
2012-12-21,0.0100,24.2485,24.7891,1.5640
2012-12-24,0.0075,24.0057,24.0170,1.3594
2012-12-26,0.0089,23.6607,23.4212,1.2012
2012-12-27,0.0160,24.0046,23.5352,1.2194
2012-12-28,0.0088,23.5038,22.9569,1.0675
2012-12-31,0.0248,24.5621,23.9372,1.2992
2013-01-02,0.0164,25.2921,24.0607,1.3184
2013-01-03,0.0091,25.4103,23.4844,1.1667
2013-01-04,0.0124,25.5924,23.2556,1.1015
2013-01-07,0.0190,25.5692,23.6659,1.1930
2013-01-08,0.0135,23.5231,23.5345,1.1514
2013-01-09,0.0104,22.5418,23.1145,1.0398
2013-01-10,0.0169,22.1635,23.3332,1.0852
2013-01-11,0.0085,21.6146,22.7418,0.9321
2013-01-14,0.0126,21.6927,22.5761,0.8841
2013-01-15,0.0161,21.7297,22.7590,0.9222
2013-01-16,0.0192,21.9536,23.2244,1.0301
2013-01-17,0.0078,20.7979,22.5724,0.8614
2013-01-18,0.0080,20.1483,21.9833,0.7082
2013-01-22,0.0158,20.6564,22.1727,0.7495
2013-01-23,0.0127,20.7295,22.0507,0.7127
2013-01-24,0.0201,21.4936,22.6400,0.8559
2013-01-25,0.0294,23.1482,24.0815,1.2159
2013-01-28,0.0219,24.1325,24.7221,1.3707
2013-01-29,0.0125,23.8733,24.4314,1.2879
2013-01-30,0.0125,24.1556,24.1551,1.2093
2013-01-31,0.0063,22.7632,23.3091,0.9843
2013-02-01,0.0156,22.7079,23.4006,1.0016
2013-02-04,0.0150,23.1500,23.4210,1.0009
2013-02-05,0.0198,23.7129,23.9051,1.1219
2013-02-06,0.0214,23.8965,24.5079,1.2747
2013-02-07,0.0234,24.6413,25.2644,1.4683
2013-02-08,0.0157,25.0421,25.2456,1.4567
2013-02-11,0.0167,25.0279,25.3185,1.4699
2013-02-12,0.0156,25.5641,25.2837,1.4523
2013-02-13,0.0157,25.8017,25.2647,1.4384
2013-02-14,0.0112,25.4266,24.8138,1.3082
2013-02-15,0.0104,24.7563,24.3113,1.1643
2013-02-19,0.0136,25.1974,24.1499,1.1114
2013-02-20,0.0067,25.0996,23.3429,0.8833
2013-02-21,0.0101,24.6635,22.9012,0.7560
2013-02-22,0.0076,24.2769,22.2483,0.5717
2013-02-25,0.0125,23.7041,22.1040,0.5269
2013-02-26,0.0209,23.0603,22.7666,0.7029
2013-02-27,0.0179,22.7568,23.1037,0.7890
2013-02-28,0.0096,22.5355,22.6312,0.6531
2013-03-01,0.0079,22.1879,22.0249,0.4809
2013-03-04,0.0103,22.4901,21.6875,0.3832
2013-03-05,0.0193,22.7635,22.2208,0.5255
2013-03-06,0.0124,22.5689,22.0667,0.4777
2013-03-07,0.0159,22.2680,22.2531,0.5248
2013-03-08,0.0108,21.4687,21.9478,0.4370
2013-03-11,0.0195,21.1748,22.4876,0.5830
2013-03-12,0.0153,21.1440,22.5966,0.6095
2013-03-13,0.0150,21.0203,22.6726,0.6261
2013-03-14,0.0068,20.3588,21.9631,0.4259
2013-03-15,0.0078,19.7561,21.3839,0.2622
2013-03-18,0.0162,20.1390,21.6482,0.3326
2013-03-19,0.0182,20.7286,22.0786,0.4492
2013-03-20,0.0102,20.4693,21.7244,0.3491
2013-03-21,0.0118,20.8499,21.5425,0.2972
2013-03-22,0.0097,20.8223,21.1741,0.1945
2013-03-25,0.0123,21.1806,21.0763,0.1666
2013-03-26,0.0057,20.6662,20.3542,-0.0336
2013-03-27,0.0073,19.6411,19.8300,-0.1790
2013-03-28,0.0127,19.2493,19.8497,-0.1740
2013-04-01,0.0181,19.8913,20.3813,-0.0282
2013-04-02,0.0189,20.7266,20.9626,0.1308
2013-04-03,0.0113,20.8017,20.7836,0.0793
2013-04-04,0.0135,20.3627,20.8180,0.0868
2013-04-05,0.0086,20.0781,20.3895,-0.0334
2013-04-08,0.0081,19.4914,19.9372,-0.1599
2013-04-09,0.0095,19.3929,19.6468,-0.2416
2013-04-10,0.0144,19.0111,19.8435,-0.1884
2013-04-11,0.0110,18.6863,19.7019,-0.2288
2013-04-12,0.0054,17.9608,19.0375,-0.4131
2013-04-15,0.0091,18.1353,18.7659,-0.4879
2013-04-16,0.0074,18.1086,18.3449,-0.6036
2013-04-17,0.0285,19.0368,19.9611,-0.1558
2013-04-18,0.0202,19.1893,20.6849,0.0446
2013-04-19,0.0258,20.3704,21.9025,0.3829
2013-04-22,0.0170,20.7671,22.2098,0.4689
2013-04-23,0.0164,21.2766,22.4434,0.5350
2013-04-24,0.0353,23.0115,24.4553,1.0927
2013-04-25,0.0111,23.4236,24.0497,0.9821
2013-04-26,0.0142,23.9401,23.9546,0.9578
2013-04-29,0.0176,24.3101,24.1930,1.0252
2013-04-30,0.0183,24.3228,24.4800,1.1048
2013-05-01,0.0153,24.0485,24.4698,1.0998
2013-05-02,0.0115,24.0635,24.0993,0.9949
2013-05-03,0.0061,23.5096,23.2368,0.7559
2013-05-06,0.0101,23.6226,22.8056,0.6362
2013-05-07,0.0165,24.2561,23.0065,0.6912
2013-05-08,0.0132,24.5333,22.8811,0.6552
2013-05-09,0.0107,24.2469,22.5230,0.5549
2013-05-10,0.0126,24.3680,22.3731,0.5128
2013-05-13,0.0089,24.6308,21.8796,0.3762
2013-05-14,0.0152,25.0903,22.0166,0.4138
2013-05-15,0.0267,26.5515,23.2416,0.7511
2013-05-16,0.0266,26.4077,24.3828,1.0618
2013-05-17,0.0122,25.8062,24.0834,0.9739
2013-05-20,0.0199,25.3620,24.5374,1.0936
2013-05-21,0.0180,25.4365,24.7804,1.1543
2013-05-22,0.0157,25.3810,24.7898,1.1529
2013-05-23,0.0141,23.7838,24.6485,1.1113
2013-05-24,0.0059,23.3894,23.7345,0.8617
2013-05-28,0.0112,23.1663,23.3772,0.7661
2013-05-29,0.0109,22.6593,23.0113,0.6684
2013-05-30,0.0134,22.2922,22.9067,0.6413
2013-05-31,0.0112,21.9831,22.6014,0.5587
2013-06-03,0.0156,22.2923,22.7326,0.5958
2013-06-04,0.0096,22.5578,22.2866,0.4740
2013-06-05,0.0111,22.6294,22.0027,0.3968
2013-06-06,0.0183,22.7675,22.4257,0.5154
2013-06-07,0.0151,22.9160,22.5223,0.5432
2013-06-10,0.0178,23.4562,22.8664,0.6381
2013-06-11,0.0150,23.6371,22.9238,0.6525
2013-06-12,0.0119,23.8609,22.6792,0.5836
2013-06-13,0.0128,23.6761,22.5355,0.5427
2013-06-14,0.0102,22.4236,22.1512,0.4358
2013-06-17,0.0087,21.0675,21.6491,0.2968
2013-06-18,0.0077,20.7231,21.0798,0.1393
2013-06-19,0.0075,19.7817,20.5277,-0.0136
2013-06-20,0.0178,19.7662,20.9919,0.1132
2013-06-21,0.0189,20.0080,21.5332,0.2601
2013-06-24,0.0170,20.2277,21.8642,0.3485
2013-06-25,0.0150,20.9121,21.9795,0.3771
2013-06-26,0.0134,21.0756,21.9335,0.3609
2013-06-27,0.0110,21.0861,21.6675,0.2842
2013-06-28,0.0187,21.4894,22.1516,0.4136
2013-07-01,0.0164,21.8809,22.3850,0.4733
2013-07-02,0.0163,21.9297,22.5906,0.5250
2013-07-03,0.0093,21.9045,22.1215,0.3906
2013-07-05,0.0126,22.0244,21.9985,0.3518
2013-07-08,0.0159,21.8435,22.1938,0.4008
2013-07-09,0.0181,22.0635,22.5816,0.5033
2013-07-10,0.0109,21.5389,22.2611,0.4088
2013-07-11,0.0099,21.1554,21.8716,0.2949
2013-07-12,0.0104,21.0474,21.5541,0.2011
2013-07-15,0.0104,20.8687,21.2527,0.1119
2013-07-16,0.0094,20.8120,20.8738,0.0010
2013-07-17,0.0065,20.6481,20.2419,-0.1815
2013-07-18,0.0066,20.5649,19.6523,-0.3527
2013-07-19,0.0106,20.8005,19.4828,-0.4054
2013-07-22,0.0054,19.8629,18.8281,-0.5969
2013-07-23,0.0092,19.1265,18.5714,-0.6751
2013-07-24,0.0148,18.9594,18.8696,-0.5954
2013-07-25,0.0085,18.4661,18.5431,-0.6926
2013-07-26,0.0072,18.0012,18.1174,-0.8179
2013-07-29,0.0121,18.0822,18.1824,-0.8015
2013-07-30,0.0115,17.5324,18.1830,-0.8036
2013-07-31,0.0119,17.1895,18.2224,-0.7939
2013-08-01,0.0054,16.3650,17.6389,-0.9629
2013-08-02,0.0073,16.2131,17.2754,-1.0682
2013-08-05,0.0113,16.1083,17.3112,-1.0578
2013-08-06,0.0142,15.9827,17.6295,-0.9664
2013-08-07,0.0078,15.2082,17.3152,-1.0582
2013-08-08,0.0086,15.0388,17.0973,-1.1218
2013-08-09,0.0089,14.9575,16.9152,-1.1754
2013-08-12,0.0118,15.0563,17.0196,-1.1471
2013-08-13,0.0308,16.5958,18.9300,-0.5992
2013-08-14,0.0154,17.0457,19.2574,-0.5118
2013-08-15,0.0189,17.9826,19.9029,-0.3316
2013-08-16,0.0051,17.8711,19.1932,-0.5504
2013-08-19,0.0129,18.0430,19.2678,-0.5383
2013-08-20,0.0085,18.2806,18.9254,-0.6525
2013-08-21,0.0082,18.2080,18.5714,-0.7723
2013-08-22,0.0101,17.8512,18.4200,-0.8319
2013-08-23,0.0049,17.5827,17.7821,-1.0371
2013-08-26,0.0133,18.0423,17.9812,-0.9820
2013-08-27,0.0199,18.6342,18.8001,-0.7354
2013-08-28,0.0127,18.7252,18.8785,-0.7175
2013-08-29,0.0077,18.4094,18.4781,-0.8501
2013-08-30,0.0071,18.5388,18.0424,-0.9955
2013-09-03,0.0181,19.3543,18.6823,-0.8035
2013-09-04,0.0084,19.1362,18.3587,-0.9178
2013-09-05,0.0078,18.6525,18.0047,-1.0417
2013-09-06,0.0135,19.0812,18.2081,-0.9876
2013-09-09,0.0060,18.8861,17.6909,-1.1690
2013-09-10,0.0210,19.8064,18.6326,-0.8749
2013-09-11,0.0133,19.9271,18.7861,-0.8394
2013-09-12,0.0130,18.5813,18.8948,-0.8163
2013-09-13,0.0090,18.1005,18.6185,-0.9213
2013-09-16,0.0168,17.9386,19.0984,-0.7685
2013-09-17,0.0161,18.7724,19.4875,-0.6456
2013-09-18,0.0084,18.4376,19.1226,-0.7821
2013-09-19,0.0096,18.5189,18.8913,-0.8750
2013-09-20,0.0126,18.8525,18.9597,-0.8656
2013-09-23,0.0195,19.5611,19.6779,-0.6274
2013-09-24,0.0082,19.8124,19.2812,-0.7875
2013-09-25,0.0068,19.3231,18.7737,-0.9933
2013-09-26,0.0068,18.3287,18.2922,-1.1921
2013-09-27,0.0056,17.7971,17.7312,-1.4194
2013-09-30,0.0107,18.0251,17.6869,-1.4530
2013-10-01,0.0099,18.2383,17.5674,-1.5104
2013-10-02,0.0105,17.6681,17.5172,-1.5412
2013-10-03,0.0142,18.1112,17.8219,-1.4316
2013-10-04,0.0087,18.1790,17.5855,-1.5258
2013-10-07,0.0104,17.9499,17.5254,-1.5534
2013-10-08,0.0091,18.1842,17.3444,-1.6285
2013-10-09,0.0137,17.6297,17.6083,-1.5324
2013-10-10,0.0074,17.1809,17.2577,-1.6742
2013-10-11,0.0101,16.9661,17.1875,-1.7014
2013-10-14,0.0088,16.9523,16.9962,-1.7758
2013-10-15,0.0091,16.3705,16.8403,-1.8351
2013-10-16,0.0046,15.5031,16.2720,-2.0502
2013-10-17,0.0045,15.2051,15.7246,-2.2500
2013-10-18,0.0034,14.7383,15.1090,-2.4641
2013-10-21,0.0131,14.7739,15.4492,-2.3162
2013-10-22,0.0268,15.3239,17.0711,-1.6949
2013-10-23,0.0056,15.1238,16.5786,-1.8748
2013-10-24,0.0107,15.4169,16.6026,-1.8550
2013-10-25,0.0088,15.5728,16.4478,-1.8991
2013-10-28,0.0104,15.9334,16.4518,-1.8814
2013-10-29,0.0238,16.9212,17.7289,-1.3964
2013-10-30,0.0127,17.1374,17.8793,-1.3307
2013-10-31,0.0079,16.9402,17.5619,-1.4366
2013-11-01,0.0112,16.7118,17.5761,-1.4202
2013-11-04,0.0085,16.6941,17.3322,-1.4970
2013-11-05,0.0079,16.4980,17.0402,-1.5894
2013-11-06,0.0082,16.4248,16.7961,-1.6628
2013-11-07,0.0120,16.2998,16.9354,-1.5976
2013-11-08,0.0092,16.4363,16.7971,-1.6312
2013-11-11,0.0098,16.4144,16.7270,-1.6398
2013-11-12,0.0090,16.4262,16.5782,-1.6758
2013-11-13,0.0065,16.2300,16.2001,-1.7911
2013-11-14,0.0077,16.4614,15.9619,-1.8544
2013-11-15,0.0059,16.5657,15.5644,-1.9707
2013-11-18,0.0095,17.0247,15.5368,-1.9603
2013-11-19,0.0073,16.5886,15.3018,-2.0224
2013-11-20,0.0066,15.0639,15.0114,-2.1025
2013-11-21,0.0094,15.3519,15.0054,-2.0831
2013-11-22,0.0049,14.9154,14.5738,-2.2058
2013-11-25,0.0057,14.6807,14.2449,-2.2892
2013-11-26,0.0120,14.7991,14.5304,-2.1643
2013-11-27,0.0122,13.9270,14.8239,-2.0408
2013-11-29,0.0112,13.8120,15.0037,-1.9576
2013-12-02,0.0154,14.3738,15.5667,-1.7495
2013-12-03,0.0064,14.0116,15.2443,-1.8366
2013-12-04,0.0105,14.1590,15.3260,-1.7895
2013-12-05,0.0095,14.2833,15.3109,-1.7751
2013-12-06,0.0064,14.1477,14.9998,-1.8596
2013-12-09,0.0090,13.9166,14.9556,-1.8583
2013-12-10,0.0081,13.8308,14.8280,-1.8857
2013-12-11,0.0127,14.0441,15.1448,-1.7690
2013-12-12,0.0064,13.8520,14.8489,-1.8509
2013-12-13,0.0070,13.8881,14.6201,-1.9094
2013-12-16,0.0092,14.0049,14.6238,-1.8920
2013-12-17,0.0076,14.1383,14.4747,-1.9265
2013-12-18,0.0164,14.6561,15.1649,-1.6895
2013-12-19,0.0057,14.5365,14.8016,-1.7948
2013-12-20,0.0078,14.6243,14.6518,-1.8282
2013-12-23,0.0097,14.6449,14.6933,-1.7978
2013-12-24,0.0069,14.7910,14.4645,-1.8535
2013-12-26,0.0061,14.8184,14.1768,-1.9256
2013-12-27,0.0046,14.2612,13.7642,-2.0351
2013-12-30,0.0093,14.0405,13.8256,-1.9911
2013-12-31,0.0052,13.5841,13.4903,-2.0740
2014-01-02,0.0057,12.8547,13.2250,-2.1327
2014-01-03,0.0106,13.1691,13.4393,-2.0400
2014-01-06,0.0156,13.5569,14.1179,-1.8065
2014-01-07,0.0093,13.5400,14.1540,-1.7770
2014-01-08,0.0072,13.6017,13.9901,-1.8095
2014-01-09,0.0093,13.6281,14.0396,-1.7753
2014-01-10,0.0100,13.7720,14.1483,-1.7242
2014-01-13,0.0152,13.9631,14.7468,-1.5246
2014-01-14,0.0072,14.0232,14.5505,-1.5701
2014-01-15,0.0100,14.2519,14.6277,-1.5320
2014-01-16,0.0066,14.0483,14.3744,-1.5947
2014-01-17,0.0099,14.2150,14.4503,-1.5566
2014-01-21,0.0085,13.6181,14.3899,-1.5599
2014-01-22,0.0121,14.1000,14.6802,-1.4583
2014-01-23,0.0133,14.5174,15.0637,-1.3306
2014-01-24,0.0107,14.5970,15.1807,-1.2844
2014-01-27,0.0116,14.9572,15.3766,-1.2161
2014-01-28,0.0178,15.8398,16.1461,-0.9765
2014-01-29,0.0116,16.3725,16.2867,-0.9269
2014-01-30,0.0134,16.6801,16.5843,-0.8297
2014-01-31,0.0091,16.9760,16.4562,-0.8618
2014-02-03,0.0118,17.4333,16.5893,-0.8144
2014-02-04,0.0086,17.2866,16.4169,-0.8602
2014-02-05,0.0101,16.8722,16.3947,-0.8601
2014-02-06,0.0073,16.7227,16.1058,-0.9420
2014-02-07,0.0073,16.7281,15.8316,-1.0202
2014-02-10,0.0143,17.1046,16.2450,-0.8860
2014-02-11,0.0090,17.0286,16.1256,-0.9173
2014-02-12,0.0082,16.5031,15.9434,-0.9684
2014-02-13,0.0083,16.5809,15.7732,-1.0160
2014-02-14,0.0060,16.2770,15.3941,-1.1293
2014-02-18,0.0072,16.3253,15.1557,-1.1973
2014-02-19,0.0140,16.6420,15.5838,-1.0532
2014-02-20,0.0104,16.7875,15.6388,-1.0279
2014-02-21,0.0099,16.6230,15.6469,-1.0174
2014-02-24,0.0086,16.2721,15.5302,-1.0466
2014-02-25,0.0076,16.0386,15.3250,-1.1038
2014-02-26,0.0104,15.9433,15.3922,-1.0739
2014-02-27,0.0118,15.4947,15.5955,-1.0008
2014-02-28,0.0139,15.6615,15.9793,-0.8699
2014-03-03,0.0092,15.3443,15.8957,-0.8898
2014-03-04,0.0065,15.1468,15.5600,-0.9905
2014-03-05,0.0073,14.8078,15.3197,-1.0599
2014-03-06,0.0081,14.7665,15.1715,-1.0991
2014-03-07,0.0079,14.5988,15.0127,-1.1415
2014-03-10,0.0059,14.4956,14.6767,-1.2402
2014-03-11,0.0081,14.5574,14.5661,-1.2659
2014-03-12,0.0066,13.9776,14.3248,-1.3334
2014-03-13,0.0114,14.1626,14.5538,-1.2496
2014-03-14,0.0094,14.2512,14.5776,-1.2320
2014-03-17,0.0054,14.0354,14.2174,-1.3371
2014-03-18,0.0063,14.0645,13.9683,-1.4053
2014-03-19,0.0095,14.2418,14.0389,-1.3711
2014-03-20,0.0070,13.7064,13.8594,-1.4167
2014-03-21,0.0098,13.6644,13.9648,-1.3710
2014-03-24,0.0071,13.4497,13.8030,-1.4105
2014-03-25,0.0070,13.3236,13.6380,-1.4502
2014-03-26,0.0107,13.5551,13.8380,-1.3741
2014-03-27,0.0078,13.3648,13.7547,-1.3884
2014-03-28,0.0059,12.9200,13.4957,-1.4574
2014-03-31,0.0057,12.3057,13.2315,-1.5265
2014-04-01,0.0050,11.9864,12.9105,-1.6120
2014-04-02,0.0042,11.8131,12.5356,-1.7120
2014-04-03,0.0056,11.6875,12.3184,-1.7612
2014-04-04,0.0083,11.7032,12.3702,-1.7267
2014-04-07,0.0108,11.9265,12.6607,-1.6204
2014-04-08,0.0098,12.2211,12.8370,-1.5510
2014-04-09,0.0069,12.1300,12.7220,-1.5710
2014-04-10,0.0087,12.2852,12.7870,-1.5364
2014-04-11,0.0077,12.0037,12.7535,-1.5322
2014-04-14,0.0067,11.8005,12.6293,-1.5551
2014-04-15,0.0138,12.4386,13.1900,-1.3745
2014-04-16,0.0094,12.6717,13.2962,-1.3310
2014-04-17,0.0100,12.7033,13.4470,-1.2750
2014-04-21,0.0085,12.8228,13.4536,-1.2629
2014-04-22,0.0059,12.5259,13.2092,-1.3257
2014-04-23,0.0074,12.5461,13.1182,-1.3426
2014-04-24,0.0116,12.8955,13.4345,-1.2414
2014-04-25,0.0059,12.5297,13.1859,-1.3090
2014-04-28,0.0166,13.1891,13.9725,-1.0645
2014-04-29,0.0076,13.3123,13.8557,-1.0942
2014-04-30,0.0111,13.7210,14.0848,-1.0188
2014-05-01,0.0101,14.1085,14.2009,-0.9780
2014-05-02,0.0054,14.1962,13.8591,-1.0787
2014-05-05,0.0066,14.2680,13.6529,-1.1362
2014-05-06,0.0090,14.3172,13.6867,-1.1183
2014-05-07,0.0110,14.3285,13.9124,-1.0403
2014-05-08,0.0096,14.3106,13.9911,-1.0088
2014-05-09,0.0071,14.3271,13.8276,-1.0536
2014-05-12,0.0050,14.0443,13.4700,-1.1600
2014-05-13,0.0042,13.7791,13.0613,-1.2816
2014-05-14,0.0066,13.7662,12.9024,-1.3231
2014-05-15,0.0081,13.3353,12.9037,-1.3155
2014-05-16,0.0111,13.4636,13.1889,-1.2195
2014-05-19,0.0094,13.4251,13.2975,-1.1798
2014-05-20,0.0066,13.2814,13.1320,-1.2312
2014-05-21,0.0048,13.1971,12.8007,-1.3391
2014-05-22,0.0067,13.1440,12.6673,-1.3824
2014-05-23,0.0065,12.7609,12.5280,-1.4281
2014-05-27,0.0064,12.7996,12.3825,-1.4733
2014-05-28,0.0065,12.0407,12.2611,-1.5093
2014-05-29,0.0070,11.9953,12.1898,-1.5272
2014-05-30,0.0162,12.3820,13.0062,-1.2372
2014-06-02,0.0128,12.5903,13.4493,-1.0763
2014-06-03,0.0076,12.7591,13.3654,-1.1009
2014-06-04,0.0108,13.0811,13.5944,-1.0138
2014-06-05,0.0073,12.9572,13.4756,-1.0503
2014-06-06,0.0061,12.5902,13.2516,-1.1259
2014-06-09,0.0148,12.9836,13.8656,-0.8981
2014-06-10,0.0106,13.2513,14.0470,-0.8273
2014-06-11,0.0095,13.5968,14.1115,-0.7992
2014-06-12,0.0122,14.2011,14.4258,-0.6766
2014-06-13,0.0103,14.4835,14.5408,-0.6279
2014-06-16,0.0088,14.5349,14.5086,-0.6347
2014-06-17,0.0067,14.2023,14.2784,-0.7180
2014-06-18,0.0072,14.0333,14.1087,-0.7781
2014-06-19,0.0068,14.0454,13.9098,-0.8496
2014-06-20,0.0110,14.5143,14.1226,-0.7601
2014-06-23,0.0072,14.5530,13.9587,-0.8197
2014-06-24,0.0116,14.9379,14.2269,-0.7077
2014-06-25,0.0082,15.0743,14.1513,-0.7335
2014-06-26,0.0091,15.2670,14.1665,-0.7226
2014-06-27,0.0053,15.1422,13.8238,-0.8594
2014-06-30,0.0112,14.7580,14.0580,-0.7581
2014-07-01,0.0071,14.3238,13.8909,-0.8258
2014-07-02,0.0069,14.2684,13.7106,-0.9015
2014-07-03,0.0064,13.9312,13.4941,-0.9938
2014-07-07,0.0074,13.9364,13.3879,-1.0390
2014-07-08,0.0205,15.0226,14.5378,-0.5216
2014-07-09,0.0088,14.5709,14.5054,-0.5319
2014-07-10,0.0126,14.7216,14.8382,-0.3716
2014-07-11,0.0076,14.5746,14.6701,-0.4448
2014-07-14,0.0083,14.2784,14.5776,-0.4835
2014-07-15,0.0094,14.2103,14.5977,-0.4679
2014-07-16,0.0101,14.3036,14.6797,-0.4210
2014-07-17,0.0159,14.9953,15.3108,-0.0964
2014-07-18,0.0118,15.3418,15.5158,0.0158
2014-07-21,0.0067,15.3309,15.2187,-0.1283
2014-07-22,0.0058,14.9347,14.8537,-0.3100
2014-07-23,0.0162,15.6197,15.5091,0.0360
2014-07-24,0.0066,15.2388,15.2043,-0.1159
2014-07-25,0.0070,15.1488,14.9566,-0.2395
2014-07-28,0.0095,15.1803,14.9632,-0.2303
2014-07-29,0.0061,15.2363,14.6432,-0.3938
2014-07-30,0.0072,14.9355,14.4492,-0.4909
2014-07-31,0.0119,15.2952,14.7120,-0.3448
2014-08-01,0.0107,15.5866,14.8496,-0.2660
2014-08-04,0.0091,15.7927,14.8244,-0.2748
2014-08-05,0.0097,15.9675,14.8586,-0.2517
2014-08-06,0.0056,14.8375,14.4965,-0.4415
2014-08-07,0.0134,15.1873,14.9074,-0.2146
2014-08-08,0.0111,15.0746,15.0740,-0.1202
2014-08-11,0.0079,15.0989,14.9224,-0.1985
2014-08-12,0.0093,15.1782,14.9147,-0.1985
2014-08-13,0.0053,14.8682,14.5239,-0.4049
2014-08-14,0.0055,14.5235,14.1760,-0.5901
2014-08-15,0.0096,14.0515,14.2426,-0.5478
2014-08-18,0.0090,13.8420,14.2478,-0.5390
2014-08-19,0.0066,13.8404,14.0247,-0.6600
2014-08-20,0.0080,14.0085,13.9432,-0.7011
2014-08-21,0.0058,13.2223,13.6626,-0.8571
2014-08-22,0.0063,13.2053,13.4471,-0.9760
2014-08-25,0.0060,13.1310,13.2113,-1.1057
2014-08-26,0.0031,12.6453,12.7107,-1.3889
2014-08-27,0.0111,13.0256,13.0050,-1.2110
2014-08-28,0.0074,13.0434,12.9316,-1.2492
2014-08-29,0.0043,12.4723,12.5660,-1.4586
2014-09-02,0.0068,12.1793,12.4631,-1.5098
2014-09-03,0.0198,12.9918,13.6049,-0.8221
2014-09-04,0.0158,13.4516,14.2916,-0.4015
2014-09-05,0.0077,13.6098,14.1628,-0.4735
2014-09-08,0.0068,13.1093,13.9631,-0.5898
2014-09-09,0.0488,15.9564,17.7737,1.7582
2014-09-10,0.0148,16.4770,18.1161,1.9758
2014-09-11,0.0112,16.6157,18.0916,1.9697
2014-09-12,0.0072,16.7609,17.6931,1.7364
2014-09-15,0.0085,16.9891,17.4426,1.5921
2014-09-16,0.0154,17.4257,17.8634,1.8723
2014-09-17,0.0082,17.3662,17.5763,1.7147
2014-09-18,0.0054,17.2739,17.0372,1.3906
2014-09-19,0.0100,17.4274,16.9683,1.3644
2014-09-22,0.0099,17.7340,16.8926,1.3346
2014-09-23,0.0111,18.0913,16.9335,1.3918
2014-09-24,0.0112,18.4818,16.9804,1.4491
2014-09-25,0.0134,19.2656,17.2412,1.6454
2014-09-26,0.0093,19.1307,17.0938,1.5575
2014-09-29,0.0091,19.2540,16.9305,1.4525
2014-09-30,0.0071,19.4621,16.5871,1.2233
2014-10-01,0.0111,19.7812,16.6450,1.2714
2014-10-02,0.0150,19.4188,17.0793,1.5797
2014-10-03,0.0082,18.8480,16.8382,1.4204
2014-10-06,0.0084,18.9082,16.6326,1.2837
2014-10-07,0.0089,19.0665,16.4841,1.1870
2014-10-08,0.0153,16.5308,16.9485,1.5210
2014-10-09,0.0119,16.3131,17.0661,1.6107
2014-10-10,0.0121,16.3838,17.1937,1.7025
2014-10-13,0.0101,16.6048,17.1276,1.6560
2014-10-14,0.0093,16.6666,16.9887,1.5568
2014-10-15,0.0288,17.6765,18.7092,2.7499
2014-10-16,0.0163,18.2842,19.1371,2.9954
2014-10-17,0.0158,19.0680,19.4920,3.1686
2014-10-20,0.0085,18.9550,19.1335,2.8653
2014-10-21,0.0116,19.0878,19.0951,2.7864
2014-10-22,0.0103,19.0288,18.9296,2.6458
2014-10-23,0.0085,18.8297,18.6059,2.4066
2014-10-24,0.0065,18.3025,18.1048,2.0656
2014-10-27,0.0050,17.9778,17.4964,1.6654
2014-10-28,0.0049,17.6656,16.9157,1.2901
2014-10-29,0.0053,17.5363,16.4101,0.9743
2014-10-30,0.0096,17.4273,16.3414,0.9393
2014-10-31,0.0055,16.7022,15.8803,0.6486
2014-11-03,0.0132,17.0792,16.1862,0.8551
2014-11-04,0.0107,17.2478,16.2321,0.8912
2014-11-05,0.0075,17.1395,15.9712,0.7250
2014-11-06,0.0064,16.4727,15.6262,0.5025
2014-11-07,0.0048,15.9331,15.1432,0.1893
2014-11-10,0.0041,15.3323,14.6291,-0.1458
2014-11-11,0.0066,15.0685,14.3846,-0.3029
2014-11-12,0.0079,14.9636,14.2781,-0.3687
2014-11-13,0.0102,13.5574,14.3894,-0.2900
2014-11-14,0.0178,13.6747,15.2243,0.2706
2014-11-17,0.0244,14.3236,16.6316,1.2069
2014-11-18,0.0074,14.2365,16.3350,1.0052
2014-11-19,0.0112,14.2030,16.4222,1.0582
2014-11-20,0.0097,14.1574,16.3596,1.0109
2014-11-21,0.0075,14.0806,16.0933,0.8301
2014-11-24,0.0089,14.2623,15.9720,0.7452
2014-11-25,0.0113,14.7397,16.0931,0.8197
2014-11-26,0.0052,14.7568,15.6182,0.5024
2014-11-28,0.0078,14.9454,15.4281,0.3749
2014-12-01,0.0448,17.6021,18.7656,2.5389
2014-12-02,0.0175,18.5141,19.3082,2.8377
2014-12-03,0.0075,18.0831,18.8655,2.5120
2014-12-04,0.0115,18.1468,18.8309,2.4516
2014-12-05,0.0070,18.1129,18.3713,2.1364
2014-12-08,0.0165,18.8721,18.8388,2.3896
2014-12-09,0.0225,20.2111,19.8503,2.9461
2014-12-10,0.0157,21.0814,20.1504,3.0557
2014-12-11,0.0150,21.7157,20.3738,3.1135
2014-12-12,0.0140,22.1760,20.4879,3.1051
2014-12-15,0.0311,23.7550,22.2162,3.9431
2014-12-16,0.0254,24.3266,23.3016,4.3484
2014-12-17,0.0147,23.5952,23.3027,4.1774
2014-12-18,0.0118,23.9336,23.0323,3.8990
2014-12-19,0.0096,23.8101,22.5620,3.5574
2014-12-22,0.0085,23.7208,22.0185,3.2130
2014-12-23,0.0039,23.4484,21.0695,2.7120
2014-12-24,0.0031,23.0108,20.0981,2.2273
2014-12-26,0.0117,23.0407,20.0094,2.1565
2014-12-29,0.0066,23.1495,19.4366,1.8729
2014-12-30,0.0095,23.2752,19.1758,1.7358
2014-12-31,0.0125,20.8396,19.2196,1.7372
2015-01-02,0.0238,21.3114,20.3294,2.2061
2015-01-05,0.0178,22.0925,20.8096,2.3835
2015-01-06,0.0186,22.6278,21.3328,2.5692
2015-01-07,0.0093,22.8022,20.9429,2.3620
2015-01-08,0.0163,22.7858,21.2354,2.4480
2015-01-09,0.0189,22.5140,21.7606,2.6243
2015-01-12,0.0157,22.5164,21.9491,2.6543
2015-01-13,0.0239,23.1839,22.9057,2.9844
2015-01-14,0.0121,23.0382,22.6843,2.8352
2015-01-15,0.0126,21.6468,22.5277,2.7194
2015-01-16,0.0146,20.8317,22.5674,2.6842
2015-01-20,0.0154,20.8858,22.6807,2.6777
2015-01-21,0.0177,21.3261,23.0023,2.7473
2015-01-22,0.0128,21.5696,22.8406,2.6372
2015-01-23,0.0134,21.9412,22.7486,2.5576
2015-01-26,0.0091,22.3305,22.2463,2.3362
2015-01-27,0.0121,23.0132,22.0646,2.2375
2015-01-28,0.0117,23.0099,21.8538,2.1335
2015-01-29,0.0171,23.8043,22.1712,2.2168
2015-01-30,0.0176,24.4188,22.5206,2.3076
2015-02-02,0.0183,24.8561,22.9148,2.4086
2015-02-03,0.0088,23.7260,22.3788,2.1936
2015-02-04,0.0118,23.2683,22.1594,2.0919
2015-02-05,0.0058,22.2985,21.3796,1.8078
2015-02-06,0.0090,22.2748,20.9571,1.6493
2015-02-09,0.0057,21.4782,20.2450,1.3984
2015-02-10,0.0067,20.5558,19.6674,1.1968
2015-02-11,0.0089,20.0426,19.3349,1.0789
2015-02-12,0.0105,19.0313,19.1741,1.0189
2015-02-13,0.0091,18.8012,18.8867,0.9177
2015-02-17,0.0107,18.6549,18.7735,0.8744
2015-02-18,0.0051,17.9356,18.1323,0.6574
2015-02-19,0.0038,17.0617,17.4105,0.4156
2015-02-20,0.0067,16.2359,17.0078,0.2804
2015-02-23,0.0112,16.1143,17.0525,0.2933
2015-02-24,0.0125,16.0421,17.2169,0.3455
2015-02-25,0.0133,16.3658,17.4544,0.4213
2015-02-26,0.0221,17.1180,18.5079,0.7653
2015-02-27,0.0104,17.0175,18.3838,0.7199
2015-03-02,0.0108,16.5414,18.3096,0.6917
2015-03-03,0.0076,15.7837,17.9360,0.5653
2015-03-04,0.0062,14.8702,17.4542,0.4037
2015-03-05,0.0128,15.1729,17.6272,0.4577
2015-03-06,0.0148,15.4001,17.9793,0.5699
2015-03-09,0.0247,16.8332,19.2561,0.9837
2015-03-10,0.0168,17.4215,19.7021,1.1218
2015-03-11,0.0085,17.6328,19.3316,0.9925
2015-03-12,0.0154,18.2877,19.6340,1.0832
2015-03-13,0.0156,18.7915,19.9382,1.1734
2015-03-16,0.0106,18.7995,19.7514,1.1036
2015-03-17,0.0075,18.6791,19.2776,0.9417
2015-03-18,0.0137,18.9041,19.4244,0.9819
2015-03-19,0.0082,19.1385,19.0395,0.8498
2015-03-20,0.0139,19.9021,19.2254,0.9032
2015-03-23,0.0074,19.9505,18.7749,0.7504
2015-03-24,0.0078,19.6936,18.3898,0.6195
2015-03-25,0.0114,19.6165,18.3769,0.6097
2015-03-26,0.0107,19.4163,18.2925,0.5769
2015-03-27,0.0078,18.3379,17.9369,0.4559
2015-03-30,0.0071,18.0955,17.5416,0.3220
2015-03-31,0.0087,17.9395,17.3215,0.2451
2015-04-01,0.0112,18.2072,17.3444,0.2475
2015-04-02,0.0076,18.3117,17.0298,0.1386
2015-04-06,0.0108,18.1601,17.0373,0.1354
2015-04-07,0.0088,17.7092,16.8566,0.0698
2015-04-08,0.0079,16.4407,16.6024,-0.0201
2015-04-09,0.0102,15.9427,16.5803,-0.0326
2015-04-10,0.0093,16.0053,16.4759,-0.0728
2015-04-13,0.0079,15.4457,16.2445,-0.1559
2015-04-14,0.0069,14.7909,15.9270,-0.2682
2015-04-15,0.0060,14.4423,15.5417,-0.4041
2015-04-16,0.0055,14.2938,15.1333,-0.5469
2015-04-17,0.0086,13.9100,15.0452,-0.5805
2015-04-20,0.0131,14.2818,15.3915,-0.4658
2015-04-21,0.0062,13.6962,15.0585,-0.5831
2015-04-22,0.0117,14.0227,15.2693,-0.5148
2015-04-23,0.0106,14.2340,15.3609,-0.4877
2015-04-24,0.0076,13.9396,15.1587,-0.5609
2015-04-27,0.0105,13.9233,15.2469,-0.5346
2015-04-28,0.0193,14.7958,16.1734,-0.2173
2015-04-29,0.0163,15.4911,16.7600,-0.0178
2015-04-30,0.0149,15.9568,17.1735,0.1219
2015-05-01,0.0229,16.8415,18.3200,0.5159
2015-05-04,0.0120,17.1739,18.3656,0.5265
2015-05-05,0.0094,17.0672,18.1587,0.4489
2015-05-06,0.0176,17.7278,18.7429,0.6474
2015-05-07,0.0114,17.9879,18.7033,0.6277
2015-05-08,0.0071,17.7479,18.2527,0.4644
2015-05-11,0.0094,17.7533,18.0548,0.3898
2015-05-12,0.0115,18.0215,18.0666,0.3885
2015-05-13,0.0073,18.0551,17.6821,0.2472
2015-05-14,0.0065,18.0920,17.2380,0.0840
2015-05-15,0.0069,18.1957,16.8585,-0.0570
2015-05-18,0.0095,18.2631,16.7518,-0.1006
2015-05-19,0.0060,17.7289,16.3227,-0.2598
2015-05-20,0.0089,17.9335,16.1915,-0.3126
2015-05-21,0.0074,17.6118,15.9290,-0.4138
2015-05-22,0.0071,17.3517,15.6533,-0.5206
2015-05-26,0.0148,17.8991,16.1233,-0.3563
2015-05-27,0.0088,17.7710,15.9922,-0.4119
2015-05-28,0.0046,16.6539,15.4665,-0.6140
2015-05-29,0.0071,15.9525,15.2117,-0.7170
2015-06-01,0.0071,15.3661,14.9792,-0.8094
2015-06-02,0.0073,14.1882,14.7733,-0.8905
2015-06-03,0.0050,13.6588,14.3647,-1.0472
2015-06-04,0.0090,13.6319,14.3639,-1.0501
2015-06-05,0.0060,12.7595,14.0765,-1.1605
2015-06-08,0.0120,12.8069,14.3767,-1.0513
2015-06-09,0.0133,13.2757,14.7764,-0.9031
2015-06-10,0.0067,13.0737,14.5325,-0.9968
2015-06-11,0.0088,12.8735,14.5034,-1.0091
2015-06-12,0.0046,12.6645,14.0693,-1.1722
2015-06-15,0.0075,12.7454,13.9439,-1.2176
2015-06-16,0.0077,12.8115,13.8453,-1.2524
2015-06-17,0.0060,12.5463,13.5853,-1.3479
2015-06-18,0.0051,12.4772,13.2592,-1.4672
2015-06-19,0.0057,12.2381,13.0105,-1.5566
2015-06-22,0.0054,12.0836,12.7443,-1.6499
2015-06-23,0.0034,11.8017,12.3044,-1.8056
2015-06-24,0.0141,11.7482,12.9078,-1.5742
2015-06-25,0.0067,11.5871,12.7668,-1.6201
2015-06-26,0.0069,11.7635,12.6568,-1.6536
2015-06-29,0.0102,12.0015,12.8705,-1.5700
2015-06-30,0.0071,11.9958,12.7713,-1.6007
2015-07-01,0.0051,11.8318,12.4912,-1.6968
2015-07-02,0.0052,11.8421,12.2325,-1.7839
2015-07-06,0.0057,11.5920,12.0445,-1.8445
2015-07-07,0.0134,12.1514,12.6011,-1.6373
2015-07-08,0.0072,11.7880,12.5319,-1.6534
2015-07-09,0.0205,12.3366,13.7336,-1.2145
2015-07-10,0.0136,12.8574,14.2085,-1.0405
2015-07-13,0.0075,12.7570,14.0723,-1.0881
2015-07-14,0.0072,12.9531,13.9112,-1.1443
2015-07-15,0.0069,12.9057,13.7355,-1.2051
2015-07-16,0.0056,12.7442,13.4460,-1.3054
2015-07-17,0.0067,12.7976,13.2771,-1.3594
2015-07-20,0.0110,13.2417,13.5292,-1.2627
2015-07-21,0.0099,13.5524,13.6557,-1.2125
2015-07-22,0.0118,14.0339,13.9574,-1.1020
2015-07-23,0.0102,14.5440,14.0875,-1.0518
2015-07-24,0.0096,14.2042,14.1558,-1.0246
2015-07-27,0.0084,14.3381,14.1086,-1.0392
2015-07-28,0.0078,14.4074,14.0054,-1.0732
2015-07-29,0.0070,14.1666,13.8348,-1.1315
2015-07-30,0.0050,14.0083,13.4783,-1.2548
2015-07-31,0.0076,14.1933,13.3888,-1.2822
2015-08-03,0.0252,15.7067,14.9833,-0.7182
2015-08-04,0.0228,16.9988,16.2582,-0.2692
2015-08-05,0.0301,18.2575,18.1479,0.3960
2015-08-06,0.0139,18.7614,18.3809,0.4737
2015-08-07,0.0094,17.9251,18.1779,0.3974
2015-08-10,0.0121,17.8086,18.2393,0.4150
2015-08-11,0.0184,18.6317,18.8983,0.6439
2015-08-12,0.0333,20.6030,20.9315,1.3552
2015-08-13,0.0103,20.8613,20.6601,1.2485
2015-08-14,0.0110,21.2689,20.4686,1.1712
2015-08-17,0.0116,21.6391,20.3449,1.1184
2015-08-18,0.0087,21.4610,19.9485,0.9703
2015-08-19,0.0096,21.4426,19.6667,0.8635
2015-08-20,0.0151,21.6951,19.9259,0.9479
2015-08-21,0.0305,23.2330,21.6356,1.5408
2015-08-24,0.1067,30.5718,30.4979,4.4818
2015-08-25,0.0264,31.9313,31.1831,4.5139
2015-08-26,0.0281,33.4689,31.9929,4.5732
2015-08-27,0.0200,34.4522,31.9820,4.3853
2015-08-28,0.0093,34.7766,30.9453,3.9363
2015-08-31,0.0153,35.3601,30.5431,3.7071
2015-09-01,0.0257,35.3963,31.1539,3.7684
2015-09-02,0.0168,34.9389,30.8823,3.5868
2015-09-03,0.0128,33.6289,30.2440,3.3241
2015-09-04,0.0124,33.5182,29.6117,3.0831
2015-09-08,0.0139,33.8525,29.1561,2.9028
2015-09-09,0.0179,34.2899,29.1099,2.8324
2015-09-10,0.0172,34.1949,28.9970,2.7497
2015-09-11,0.0076,32.2567,27.9821,2.4528
2015-09-14,0.0103,32.2577,27.2890,2.2470
2015-09-15,0.0128,32.3923,26.8693,2.1148
2015-09-16,0.0067,32.0186,25.8907,1.8540
2015-09-17,0.0142,32.4356,25.6870,1.7852
2015-09-18,0.0136,32.7354,25.4386,1.7073
2015-09-21,0.0064,32.0804,24.5262,1.4742
2015-09-22,0.0104,30.5574,24.0409,1.3465
2015-09-23,0.0080,23.0955,23.3569,1.1740
2015-09-24,0.0169,22.3791,23.5678,1.2148
2015-09-25,0.0135,21.2694,23.4364,1.1746
2015-09-28,0.0108,20.5691,23.0564,1.0767
2015-09-29,0.0293,22.0821,24.4618,1.3970
2015-09-30,0.0180,22.2905,24.7111,1.4427
2015-10-01,0.0148,21.4684,24.6360,1.4126
2015-10-02,0.0179,21.5513,24.8599,1.4519
2015-10-05,0.0139,21.6349,24.6882,1.3996
2015-10-06,0.0120,21.6027,24.3487,1.3097
2015-10-07,0.0141,21.6205,24.2312,1.2720
2015-10-08,0.0122,21.1919,23.9406,1.1954
2015-10-09,0.0133,20.8976,23.7671,1.1466
2015-10-12,0.0054,20.7299,22.8547,0.9304
2015-10-13,0.0098,20.6902,22.4191,0.8248
2015-10-14,0.0110,20.5535,22.1194,0.7509
2015-10-15,0.0088,20.7171,21.6319,0.6360
2015-10-16,0.0084,20.2794,21.1322,0.5196
2015-10-19,0.0091,19.9391,20.7283,0.4260
2015-10-20,0.0162,20.6787,21.0304,0.4931
2015-10-21,0.0115,20.7669,20.8661,0.4537
2015-10-22,0.0059,20.6078,20.1721,0.2940
2015-10-23,0.0121,20.2406,20.1115,0.2788
2015-10-26,0.0125,20.1699,20.0982,0.2739
2015-10-27,0.0150,20.4858,20.3167,0.3212
2015-10-28,0.0151,19.4125,20.5340,0.3676
2015-10-29,0.0107,18.8594,20.3221,0.3159
2015-10-30,0.0070,18.2707,19.7686,0.1864
2015-11-02,0.0101,17.6821,19.5429,0.1316
2015-11-03,0.0134,17.6443,19.6426,0.1514
2015-11-04,0.0113,17.5929,19.5411,0.1252
2015-11-05,0.0138,17.5713,19.6848,0.1549
2015-11-06,0.0069,17.1725,19.1645,0.0324
2015-11-09,0.0101,16.9332,18.9760,-0.0144
2015-11-10,0.0121,17.4418,18.9920,-0.0148
2015-11-11,0.0134,17.7094,19.1253,0.0117
2015-11-12,0.0065,17.3712,18.5971,-0.1146
2015-11-13,0.0132,17.7062,18.7430,-0.0850
2015-11-16,0.0133,18.0749,18.8812,-0.0564
2015-11-17,0.0084,18.0218,18.5455,-0.1363
2015-11-18,0.0089,17.4682,18.2810,-0.1998
2015-11-19,0.0168,17.8705,18.7886,-0.0839
2015-11-20,0.0063,17.9052,18.2629,-0.2083
2015-11-23,0.0118,17.8863,18.2930,-0.2035
2015-11-24,0.0106,17.7367,18.2004,-0.2274
2015-11-25,0.0048,16.9673,17.5632,-0.3780
2015-11-27,0.0041,16.1406,16.9041,-0.5337
2015-11-30,0.0098,16.0690,16.8198,-0.5553
2015-12-01,0.0090,16.2243,16.6722,-0.5875
2015-12-02,0.0109,16.2849,16.7086,-0.5762
2015-12-03,0.0140,16.3310,17.0365,-0.4976
2015-12-04,0.0152,16.6240,17.4605,-0.3970
2015-12-07,0.0116,16.4589,17.5210,-0.3820
2015-12-08,0.0098,16.6721,17.3991,-0.4090
2015-12-09,0.0116,16.7893,17.4642,-0.3915
2015-12-10,0.0087,16.5286,17.2424,-0.4405
2015-12-11,0.0113,16.3736,17.2855,-0.4275
2015-12-14,0.0183,17.2652,17.9911,-0.2604
2015-12-15,0.0132,17.2651,18.1732,-0.2144
2015-12-16,0.0204,17.8034,19.0238,-0.0116
2015-12-17,0.0120,18.0797,19.0277,-0.0067
2015-12-18,0.0178,18.7511,19.5802,0.1263
2015-12-21,0.0120,18.3811,19.5437,0.1207
2015-12-22,0.0083,18.5332,19.1643,0.0341
2015-12-23,0.0076,18.2110,18.7343,-0.0650
2015-12-24,0.0040,17.7155,17.9911,-0.2382
2015-12-28,0.0089,18.0297,17.7623,-0.2900
2015-12-29,0.0133,18.7227,17.9643,-0.2410
2015-12-30,0.0068,18.5002,17.5362,-0.3403
2015-12-31,0.0106,18.6187,17.4949,-0.3484
2016-01-04,0.0161,19.0149,17.9810,-0.2317
2016-01-05,0.0147,19.0728,18.3056,-0.1529
2016-01-06,0.0175,19.2450,18.8704,-0.0175
2016-01-07,0.0225,20.0677,19.8829,0.2223
2016-01-08,0.0136,20.3603,19.9879,0.2484
2016-01-11,0.0121,20.3926,19.9385,0.2386
2016-01-12,0.0126,20.6889,19.9415,0.2414
2016-01-13,0.0207,21.3993,20.7177,0.4275
2016-01-14,0.0327,22.4901,22.5919,0.8714
2016-01-15,0.0161,22.7091,22.7739,0.9140
2016-01-19,0.0201,22.6847,23.3176,1.0413
2016-01-20,0.0335,24.3056,25.1063,1.4582
2016-01-21,0.0210,24.5488,25.6005,1.5675
2016-01-22,0.0133,24.6531,25.3342,1.4983
2016-01-25,0.0101,24.7855,24.7743,1.3622
2016-01-26,0.0200,25.7240,25.1901,1.4524
2016-01-27,0.0174,26.7408,25.3406,1.4795
2016-01-28,0.0160,27.2746,25.3436,1.4719
2016-01-29,0.0146,27.3755,25.2178,1.4356
2016-02-01,0.0096,27.5886,24.6230,1.2936
2016-02-02,0.0115,27.6587,24.2448,1.2036
2016-02-03,0.0185,27.8359,24.5492,1.2692
2016-02-04,0.0150,27.8542,24.5028,1.2537
2016-02-05,0.0176,27.8617,24.7052,1.2935
2016-02-08,0.0156,27.3380,24.7077,1.2868
2016-02-09,0.0142,27.3849,24.5823,1.2506
2016-02-10,0.0128,27.4370,24.3229,1.1841
2016-02-11,0.0161,27.7000,24.3943,1.1924
2016-02-12,0.0112,26.9780,23.9936,1.0948
2016-02-16,0.0128,25.4703,23.7715,1.0381
2016-02-17,0.0118,25.1415,23.4684,0.9640
2016-02-18,0.0119,24.5271,23.1963,0.8970
2016-02-19,0.0070,22.5298,22.4756,0.7303
2016-02-22,0.0062,21.4093,21.7159,0.5558
2016-02-23,0.0092,21.0970,21.2891,0.4565
2016-02-24,0.0181,21.7046,21.7375,0.5528
2016-02-25,0.0101,20.9610,21.3987,0.4733
2016-02-26,0.0103,20.4206,21.0957,0.4031
2016-02-29,0.0114,20.0743,20.9171,0.3608
2016-03-01,0.0157,20.1509,21.1534,0.4111
2016-03-02,0.0087,20.0791,20.7119,0.3098
2016-03-03,0.0068,19.7176,20.1129,0.1733
2016-03-04,0.0159,19.5268,20.4249,0.2408
2016-03-07,0.0126,19.3461,20.3982,0.2327
2016-03-08,0.0094,18.7283,20.0685,0.1581
2016-03-09,0.0091,18.2381,19.7315,0.0826
2016-03-10,0.0145,18.2594,19.9316,0.1269
2016-03-11,0.0054,17.7038,19.2511,-0.0252
2016-03-14,0.0069,17.0082,18.7504,-0.1363
2016-03-15,0.0082,16.7848,18.4068,-0.2120
2016-03-16,0.0083,16.4446,18.0912,-0.2816
2016-03-17,0.0100,16.3064,17.9549,-0.3108
2016-03-18,0.0084,16.0397,17.6775,-0.3715
2016-03-21,0.0167,16.7681,18.2058,-0.2524
2016-03-22,0.0108,17.1196,18.1451,-0.2654
2016-03-23,0.0075,16.9908,17.7703,-0.3486
2016-03-24,0.0090,16.3040,17.5644,-0.3939
2016-03-28,0.0059,15.9818,17.0700,-0.5032
2016-03-29,0.0104,15.9899,17.0370,-0.5096
2016-03-30,0.0105,15.9243,17.0193,-0.5130
2016-03-31,0.0051,15.1281,16.4862,-0.6311
2016-04-01,0.0094,15.1837,16.3948,-0.6504
2016-04-04,0.0116,15.5465,16.5119,-0.6236
2016-04-05,0.0082,14.9641,16.3062,-0.6686
2016-04-06,0.0107,14.8194,16.3443,-0.6595
2016-04-07,0.0125,15.0574,16.5578,-0.6118
2016-04-08,0.0103,15.1466,16.5438,-0.6149
2016-04-11,0.0115,14.9152,16.6435,-0.5928
2016-04-12,0.0101,15.2706,16.6081,-0.6012
2016-04-13,0.0069,15.2718,16.2675,-0.6776
2016-04-14,0.0061,15.1163,15.8769,-0.7653
2016-04-15,0.0104,15.2750,15.9132,-0.7583
2016-04-18,0.0104,15.3064,15.9471,-0.7520
2016-04-19,0.0102,15.4462,15.9663,-0.7486
2016-04-20,0.0131,15.1754,16.2561,-0.6854
2016-04-21,0.0075,14.9258,15.9978,-0.7443
2016-04-22,0.0118,15.2525,16.1635,-0.7083
2016-04-25,0.0077,15.1485,15.9230,-0.7633
2016-04-26,0.0090,15.3865,15.8269,-0.7857
2016-04-27,0.0187,16.0135,16.6585,-0.5998
2016-04-28,0.0198,16.7121,17.5438,-0.4020
2016-04-29,0.0166,17.5805,18.0734,-0.2841
2016-05-02,0.0126,17.8168,18.1845,-0.2590
2016-05-03,0.0140,17.9993,18.4241,-0.2053
2016-05-04,0.0140,18.4358,18.6537,-0.1542
2016-05-05,0.0092,18.3275,18.4144,-0.2076
2016-05-06,0.0114,18.2425,18.3967,-0.2113
2016-05-09,0.0088,18.1336,18.1352,-0.2699
2016-05-10,0.0111,18.1061,18.1047,-0.2768
2016-05-11,0.0054,17.7500,17.5329,-0.4046
2016-05-12,0.0200,18.7387,18.3827,-0.2146
2016-05-13,0.0125,19.2188,18.4701,-0.1961
2016-05-16,0.0183,19.8176,19.1052,-0.0555
2016-05-17,0.0106,19.8366,18.9715,-0.0876
2016-05-18,0.0095,19.7811,18.7394,-0.1421
2016-05-19,0.0075,19.3578,18.3294,-0.2365
2016-05-20,0.0056,19.2128,17.7641,-0.3658
2016-05-23,0.0105,19.1164,17.7023,-0.3820
2016-05-24,0.0080,19.1399,17.3990,-0.4519
2016-05-25,0.0100,19.2149,17.3089,-0.4738
2016-05-26,0.0141,18.8682,17.6148,-0.4071
2016-05-27,0.0065,17.8656,17.1794,-0.5080
2016-05-31,0.0111,17.4488,17.2057,-0.5048
2016-06-01,0.0079,17.0970,16.9256,-0.5713
2016-06-02,0.0088,16.7035,16.7450,-0.6156
2016-06-03,0.0059,16.0875,16.2991,-0.7201
2016-06-06,0.0305,17.6957,18.2274,-0.2848
2016-06-07,0.0063,17.3109,17.7361,-0.4012
2016-06-08,0.0063,17.1154,17.2680,-0.5118
2016-06-09,0.0082,16.8941,17.0106,-0.5743
2016-06-10,0.0059,16.9336,16.5543,-0.6824
2016-06-13,0.0118,16.3146,16.6827,-0.6566
2016-06-14,0.0125,16.3148,16.8724,-0.6171
2016-06-15,0.0090,15.6112,16.7168,-0.6575
2016-06-16,0.0100,15.5657,16.6691,-0.6734
2016-06-17,0.0054,15.2546,16.1831,-0.7918
2016-06-20,0.0097,15.4242,16.1402,-0.8075
2016-06-21,0.0106,15.8034,16.1840,-0.8035
2016-06-22,0.0104,15.7912,16.2017,-0.8067
2016-06-23,0.0076,15.7641,15.9543,-0.8711
2016-06-24,0.0148,16.1274,16.4086,-0.7699
2016-06-27,0.0100,15.8144,16.3742,-0.7850
2016-06-28,0.0106,16.1237,16.4029,-0.7847
2016-06-29,0.0063,15.7613,16.0193,-0.8835
2016-06-30,0.0079,15.7599,15.8085,-0.9416
2016-07-01,0.0080,15.7015,15.6214,-0.9947
2016-07-05,0.0065,15.7491,15.3029,-1.0805
2016-07-06,0.0074,14.0042,15.0923,-1.1384
2016-07-07,0.0063,14.0014,14.7857,-1.2199
2016-07-08,0.0060,13.9846,14.4733,-1.2988
2016-07-11,0.0065,13.8601,14.2268,-1.3597
2016-07-12,0.0039,13.7067,13.7442,-1.4776
2016-07-13,0.0049,13.1904,13.3908,-1.5630
2016-07-14,0.0081,12.8599,13.3614,-1.5690
2016-07-15,0.0057,12.6071,13.0981,-1.6326
2016-07-18,0.0083,12.4745,13.1004,-1.6314
2016-07-19,0.0043,12.3889,12.7206,-1.7218
2016-07-20,0.0051,12.0363,12.4413,-1.7857
2016-07-21,0.0130,12.2139,12.9308,-1.6622
2016-07-22,0.0060,11.8827,12.7264,-1.7074
2016-07-25,0.0126,12.2606,13.1637,-1.5973
2016-07-26,0.0112,11.9897,13.4440,-1.5269
2016-07-27,0.0075,11.8047,13.3544,-1.5466
2016-07-28,0.0065,11.4898,13.1675,-1.5900
2016-07-29,0.0059,11.4598,12.9401,-1.6434
2016-08-01,0.0065,11.3585,12.7865,-1.6786
2016-08-02,0.0104,11.5408,13.0104,-1.6180
2016-08-03,0.0043,11.3719,12.6357,-1.6978
2016-08-04,0.0045,11.1510,12.3069,-1.7609
2016-08-05,0.0067,11.1828,12.2075,-1.7680
2016-08-08,0.0063,11.1992,12.0705,-1.7838
2016-08-09,0.0051,11.0891,11.8293,-1.8231
2016-08-10,0.0062,11.2654,11.7127,-1.8315
2016-08-11,0.0062,11.3583,11.5984,-1.8374
2016-08-12,0.0037,11.0200,11.2503,-1.8960
2016-08-15,0.0056,11.0166,11.1093,-1.9061
2016-08-16,0.0064,10.8762,11.0541,-1.8967
2016-08-17,0.0067,11.0569,11.0248,-1.8819
2016-08-18,0.0037,10.9491,10.7113,-1.9300
2016-08-19,0.0079,10.5686,10.8252,-1.8830
2016-08-22,0.0079,10.7122,10.9280,-1.8391
2016-08-23,0.0049,10.1302,10.7399,-1.8735
2016-08-24,0.0063,9.7546,10.6924,-1.8797
2016-08-25,0.0078,9.7782,10.7977,-1.8558
2016-08-26,0.0105,10.0826,11.1476,-1.7777
2016-08-29,0.0075,10.2044,11.1950,-1.7648
2016-08-30,0.0066,10.2066,11.1488,-1.7726
2016-08-31,0.0056,9.8459,11.0165,-1.8033
2016-09-01,0.0071,10.0574,11.0280,-1.8002
2016-09-02,0.0078,10.3037,11.1060,-1.7798
2016-09-06,0.0050,10.1781,10.9203,-1.8203
2016-09-07,0.0106,10.5103,11.2792,-1.7295
2016-09-08,0.0090,10.8046,11.4562,-1.6829
2016-09-09,0.0150,11.4702,12.2007,-1.4981
2016-09-12,0.0138,12.0495,12.7869,-1.3490
2016-09-13,0.0098,12.5161,12.9555,-1.3018
2016-09-14,0.0225,13.7919,14.3197,-0.9542
2016-09-15,0.0103,14.0819,14.4373,-0.9186
2016-09-16,0.0128,14.5461,14.7898,-0.8230
2016-09-19,0.0158,15.4644,15.4075,-0.6587
2016-09-20,0.0096,15.5921,15.4006,-0.6543
2016-09-21,0.0095,15.7163,15.3853,-0.6521
2016-09-22,0.0056,15.7700,14.9974,-0.7467
2016-09-23,0.0180,16.6533,15.8074,-0.5292
2016-09-26,0.0093,16.7644,15.7459,-0.5394
2016-09-27,0.0052,16.3689,15.3006,-0.6504
2016-09-28,0.0074,16.3574,15.0843,-0.7013
2016-09-29,0.0113,16.7161,15.2567,-0.6496
2016-09-30,0.0093,16.9940,15.2280,-0.6512
2016-10-03,0.0047,16.8169,14.7636,-0.7700
2016-10-04,0.0105,17.0208,14.8745,-0.7342
2016-10-05,0.0057,17.0738,14.5295,-0.8219
2016-10-06,0.0075,16.8322,14.3674,-0.8600
2016-10-07,0.0064,16.6359,14.1118,-0.9238
2016-10-10,0.0111,16.3383,14.3220,-0.8594
2016-10-11,0.0130,16.2761,14.7026,-0.7474
2016-10-12,0.0074,16.0937,14.5262,-0.7899
2016-10-13,0.0104,15.1789,14.6437,-0.7506
2016-10-14,0.0061,14.8656,14.3470,-0.8268
2016-10-17,0.0063,14.3732,14.0846,-0.8932
2016-10-18,0.0026,13.3755,13.4874,-1.0522
2016-10-19,0.0242,14.4749,14.9810,-0.6277
2016-10-20,0.0063,14.2272,14.6788,-0.7064
2016-10-21,0.0037,14.0786,14.1460,-0.8494
2016-10-24,0.0034,12.9767,13.6188,-0.9898
2016-10-25,0.0061,12.7340,13.3826,-1.0477
2016-10-26,0.0130,13.3230,13.8213,-0.9173
2016-10-27,0.0096,13.4948,13.9103,-0.8852
2016-10-28,0.0109,13.4602,14.1096,-0.8227
2016-10-31,0.0064,13.2385,13.8703,-0.8829
2016-11-01,0.0173,14.1887,14.6847,-0.6490
2016-11-02,0.0070,13.9272,14.4708,-0.7034
2016-11-03,0.0104,14.2764,14.5899,-0.6645
2016-11-04,0.0137,14.7523,15.0238,-0.5378
2016-11-07,0.0065,14.7615,14.7405,-0.6125
2016-11-08,0.0122,14.8446,15.0176,-0.5303
2016-11-09,0.0203,15.3963,16.0517,-0.2366
2016-11-10,0.0287,17.0076,17.8246,0.2636
2016-11-11,0.0132,17.2224,18.0148,0.3179
2016-11-14,0.0220,18.4239,19.0298,0.6031
2016-11-15,0.0095,18.6709,18.7975,0.5378
2016-11-16,0.0143,19.5548,19.0314,0.6029
2016-11-17,0.0098,18.4661,18.8206,0.5429
2016-11-18,0.0053,18.3943,18.1975,0.3684
2016-11-21,0.0088,18.7846,17.9454,0.2979
2016-11-22,0.0064,19.0125,17.4773,0.1671
2016-11-23,0.0075,19.1174,17.1419,0.0739
2016-11-25,0.0045,18.4747,16.5451,-0.0929
2016-11-28,0.0068,18.2583,16.1980,-0.1899
2016-11-29,0.0119,18.3363,16.3583,-0.1442
2016-11-30,0.0107,18.6614,16.3938,-0.1339
2016-12-01,0.0112,18.2032,16.4795,-0.1095
2016-12-02,0.0069,18.1920,16.1437,-0.2030
2016-12-05,0.0104,18.1921,16.1626,-0.1962
2016-12-06,0.0071,17.6891,15.8684,-0.2772
2016-12-07,0.0084,17.8310,15.7132,-0.3189
2016-12-08,0.0092,17.6073,15.6501,-0.3346
2016-12-09,0.0119,16.9677,15.8402,-0.2795
2016-12-12,0.0156,15.9758,16.3760,-0.1278
2016-12-13,0.0112,15.8207,16.4578,-0.1031
2016-12-14,0.0074,14.7182,16.1770,-0.1799
2016-12-15,0.0088,14.6641,16.0478,-0.2131
2016-12-16,0.0044,13.9186,15.5073,-0.3616
2016-12-19,0.0088,13.8455,15.4158,-0.3830
2016-12-20,0.0048,13.8085,14.9504,-0.5095
2016-12-21,0.0035,13.4051,14.3848,-0.6638
2016-12-22,0.0053,13.3219,14.0256,-0.7595
2016-12-23,0.0027,12.9602,13.4414,-0.9179
2016-12-27,0.0069,13.1360,13.2882,-0.9545
2016-12-28,0.0102,13.3964,13.4646,-0.8986
2016-12-29,0.0040,12.8026,13.0409,-1.0107
2016-12-30,0.0098,12.7365,13.1921,-0.9618
2017-01-03,0.0094,12.6002,13.2981,-0.9256
2017-01-04,0.0045,12.4249,12.9323,-1.0202
2017-01-05,0.0052,12.0349,12.6525,-1.0897
2017-01-06,0.0082,12.1218,12.6784,-1.0739
2017-01-09,0.0070,12.0187,12.5847,-1.0912
2017-01-10,0.0062,11.7873,12.4178,-1.1285
2017-01-11,0.0059,11.3350,12.2319,-1.1706
2017-01-12,0.0062,10.6263,12.0912,-1.2001
2017-01-13,0.0048,10.1437,11.8220,-1.2664
2017-01-17,0.0083,10.2088,11.9014,-1.2364
2017-01-18,0.0047,9.8926,11.6303,-1.3048
2017-01-19,0.0038,9.8420,11.2911,-1.3964
2017-01-20,0.0035,9.4441,10.9512,-1.4907
2017-01-23,0.0061,9.5405,10.8751,-1.5101
2017-01-24,0.0028,9.4884,10.4885,-1.6172
2017-01-25,0.0075,9.6576,10.5762,-1.5895
2017-01-26,0.0047,9.8062,10.3863,-1.6438
2017-01-27,0.0042,9.6082,10.1668,-1.7078
2017-01-30,0.0044,9.1665,9.9740,-1.7643
2017-01-31,0.0044,9.1929,9.7929,-1.8152
2017-02-01,0.0172,9.7512,10.8425,-1.4930
2017-02-02,0.0084,9.6771,10.9961,-1.4448
2017-02-03,0.0043,9.6567,10.7428,-1.5227
2017-02-06,0.0067,9.7712,10.7386,-1.5247
2017-02-07,0.0075,9.7138,10.8070,-1.5045
2017-02-08,0.0043,9.5070,10.5651,-1.5839
2017-02-09,0.0061,9.5049,10.5167,-1.6008
2017-02-10,0.0045,9.3992,10.3117,-1.6705
2017-02-13,0.0056,9.3511,10.2256,-1.7000
2017-02-14,0.0065,9.4820,10.2333,-1.6978
2017-02-15,0.0086,9.5073,10.4397,-1.6272
2017-02-16,0.0053,9.5593,10.3219,-1.6668
2017-02-17,0.0025,9.4662,9.9439,-1.7935
2017-02-21,0.0034,9.4530,9.6683,-1.8807
2017-02-22,0.0042,9.3107,9.4898,-1.9317
2017-02-23,0.0047,9.4565,9.3699,-1.9641
2017-02-24,0.0063,9.3643,9.4087,-1.9395
2017-02-27,0.0059,9.4587,9.4078,-1.9280
2017-02-28,0.0038,9.4252,9.2048,-1.9869
2017-03-01,0.0098,9.8357,9.5869,-1.8408
2017-03-02,0.0062,9.9697,9.5978,-1.8258
2017-03-03,0.0044,9.0063,9.4454,-1.8666
2017-03-06,0.0059,8.8173,9.4446,-1.8545
2017-03-07,0.0057,8.9239,9.4187,-1.8516
2017-03-08,0.0050,8.7913,9.3269,-1.8711
2017-03-09,0.0089,8.8997,9.6166,-1.7537
2017-03-10,0.0036,8.8515,9.3853,-1.8243
2017-03-13,0.0027,8.5891,9.0771,-1.9187
2017-03-14,0.0039,8.5438,8.9014,-1.9626
2017-03-15,0.0073,8.6758,9.0662,-1.8845
2017-03-16,0.0038,8.4714,8.8860,-1.9287
2017-03-17,0.0034,8.0740,8.6725,-1.9831
2017-03-20,0.0043,7.9981,8.5650,-1.9984
2017-03-21,0.0117,8.6881,9.1619,-1.7701
2017-03-22,0.0061,8.8956,9.1946,-1.7422
2017-03-23,0.0046,8.9264,9.0835,-1.7641
2017-03-24,0.0058,9.0118,9.0955,-1.7426
2017-03-27,0.0114,9.3934,9.6315,-1.5403
2017-03-28,0.0114,9.8063,10.1375,-1.3517
2017-03-29,0.0061,9.9806,10.1104,-1.3496
2017-03-30,0.0048,9.6004,9.9591,-1.3901
2017-03-31,0.0062,9.6037,9.9519,-1.3805
2017-04-03,0.0053,9.6660,9.8566,-1.4011
2017-04-04,0.0053,9.6187,9.7717,-1.4178
2017-04-05,0.0080,9.7959,9.9493,-1.3447
2017-04-06,0.0045,9.7601,9.7806,-1.3906
2017-04-07,0.0041,9.3995,9.5887,-1.4437
2017-04-10,0.0045,9.4622,9.4381,-1.4818
2017-04-11,0.0154,10.4231,10.3375,-1.1644
2017-04-12,0.0056,10.5556,10.2530,-1.1836
2017-04-13,0.0055,10.4133,10.1575,-1.2063
2017-04-17,0.0048,10.4884,10.0065,-1.2473
2017-04-18,0.0046,10.5788,9.8397,-1.2931
2017-04-19,0.0057,10.6812,9.7911,-1.2984
2017-04-20,0.0069,10.3243,9.8648,-1.2628
2017-04-21,0.0041,10.1688,9.6594,-1.3209
2017-04-24,0.0037,10.1022,9.4364,-1.3840
2017-04-25,0.0043,9.9836,9.2778,-1.4246
2017-04-26,0.0049,9.4975,9.1904,-1.4408
2017-04-27,0.0041,8.9505,9.0337,-1.4800
2017-04-28,0.0047,8.8442,8.9389,-1.4991
2017-05-01,0.0088,9.1495,9.2426,-1.3873
2017-05-02,0.0060,9.1341,9.2588,-1.3719
2017-05-03,0.0143,9.8171,10.0658,-1.0944
2017-05-04,0.0064,9.9005,10.0734,-1.0849
2017-05-05,0.0052,9.6883,9.9656,-1.1138
2017-05-08,0.0144,10.4378,10.7403,-0.8453
2017-05-09,0.0065,10.6189,10.7189,-0.8461
2017-05-10,0.0083,10.9109,10.8684,-0.7887
2017-05-11,0.0054,10.1545,10.7290,-0.8299
2017-05-12,0.0057,10.1565,10.6235,-0.8599
2017-05-15,0.0072,10.2848,10.6674,-0.8386
2017-05-16,0.0058,10.3596,10.5800,-0.8636
2017-05-17,0.0180,11.3729,11.6556,-0.4807
2017-05-18,0.0089,11.6121,11.7995,-0.4235
2017-05-19,0.0061,11.5477,11.6715,-0.4628
2017-05-22,0.0077,11.8216,11.7028,-0.4454
2017-05-23,0.0058,11.9768,11.5528,-0.4934
2017-05-24,0.0066,12.1531,11.4893,-0.5103
2017-05-25,0.0060,12.2377,11.3759,-0.5455
2017-05-26,0.0040,12.2250,11.0720,-0.6505
2017-05-30,0.0050,12.2444,10.8794,-0.7151
2017-05-31,0.0066,12.0800,10.8594,-0.7162
2017-06-01,0.0051,12.0153,10.6972,-0.7699
2017-06-02,0.0090,11.6155,10.9141,-0.6829
2017-06-05,0.0042,11.4504,10.6627,-0.7702
2017-06-06,0.0090,11.7369,10.8806,-0.6830
2017-06-07,0.0067,11.1531,10.8647,-0.6830
2017-06-08,0.0051,11.0439,10.6982,-0.7400
2017-06-09,0.0348,13.0448,13.3703,0.2860
2017-06-12,0.0175,13.9602,14.2340,0.6230
2017-06-13,0.0109,14.3533,14.4136,0.6983
2017-06-14,0.0147,14.9258,14.9515,0.9125
2017-06-15,0.0104,15.2721,15.0434,0.9539
2017-06-16,0.0093,14.6143,15.0223,0.9514
2017-06-19,0.0096,14.6742,15.0396,0.9619
2017-06-20,0.0050,14.5898,14.6110,0.7987
2017-06-21,0.0069,14.5342,14.3958,0.7192
2017-06-22,0.0076,14.6730,14.2591,0.6706
2017-06-23,0.0086,14.8250,14.2248,0.6616
2017-06-26,0.0127,15.3308,14.5845,0.8095
2017-06-27,0.0111,15.8697,14.7671,0.8873
2017-06-28,0.0132,16.4956,15.1414,1.0410
2017-06-29,0.0133,16.9990,15.5000,1.1863
2017-06-30,0.0055,17.0244,15.0914,1.0255
2017-07-03,0.0090,17.0232,15.0432,1.0081
2017-07-05,0.0100,17.4616,15.0963,1.0301
2017-07-06,0.0052,17.1772,14.6898,0.8683
2017-07-07,0.0072,17.2168,14.4953,0.7911
2017-07-10,0.0119,17.7335,14.7621,0.8974
2017-07-11,0.0063,15.5789,14.4755,0.7818
2017-07-12,0.0066,14.7546,14.2343,0.6840
2017-07-13,0.0111,14.7719,14.4357,0.7623
2017-07-14,0.0084,14.2950,14.3713,0.7343
2017-07-17,0.0106,14.3085,14.5150,0.7886
2017-07-18,0.0059,14.0522,14.2027,0.6616
2017-07-19,0.0065,13.8166,13.9724,0.5673
2017-07-20,0.0055,13.8539,13.6548,0.4384
2017-07-21,0.0073,13.8792,13.5288,0.3871
2017-07-24,0.0101,14.0682,13.6823,0.4467
2017-07-25,0.0086,14.0684,13.6828,0.4459
2017-07-26,0.0040,13.4066,13.2412,0.2703
2017-07-27,0.0286,14.7274,15.1686,1.0336
2017-07-28,0.0046,14.0776,14.7002,0.8437
2017-07-31,0.0092,13.7688,14.6960,0.8382
2017-08-01,0.0076,13.9301,14.5390,0.7722
2017-08-02,0.0137,14.2852,14.9713,0.9388
2017-08-03,0.0080,14.1303,14.8336,0.8795
2017-08-04,0.0076,14.3100,14.6692,0.8099
2017-08-07,0.0074,14.3215,14.4905,0.7350
2017-08-08,0.0146,14.5255,15.0146,0.9354
2017-08-09,0.0065,14.5406,14.7319,0.8187
2017-08-10,0.0160,15.2534,15.3734,1.0630
2017-08-11,0.0107,15.2233,15.4685,1.0920
2017-08-14,0.0061,15.0508,15.1248,0.9504
2017-08-15,0.0083,14.8782,15.0059,0.8971
2017-08-16,0.0096,15.1618,15.0214,0.8963
2017-08-17,0.0074,15.2263,14.8233,0.8127
2017-08-18,0.0124,15.7467,15.1103,0.9175
2017-08-21,0.0125,16.1421,15.3951,1.0205
2017-08-22,0.0064,15.8589,15.0800,0.8908
2017-08-23,0.0061,15.6669,14.7546,0.7580
2017-08-24,0.0086,16.0150,14.6873,0.7259
2017-08-25,0.0056,14.2816,14.3438,0.5869
2017-08-28,0.0075,14.4980,14.1976,0.5254
2017-08-29,0.0083,14.4316,14.1400,0.4985
2017-08-30,0.0053,14.2552,13.7939,0.3597
2017-08-31,0.0043,13.5426,13.3731,0.1920
2017-09-01,0.0049,13.3074,13.0349,0.0568
2017-09-05,0.0147,13.8465,13.6577,0.2966
2017-09-06,0.0104,14.0725,13.8244,0.3577
2017-09-07,0.0076,13.5409,13.7187,0.3127
2017-09-08,0.0077,13.6312,13.6276,0.2738
2017-09-11,0.0087,13.0758,13.6355,0.2746
2017-09-12,0.0217,13.9107,14.8869,0.7613
2017-09-13,0.0091,14.1333,14.8586,0.7464
2017-09-14,0.0051,13.8952,14.4556,0.5884
2017-09-15,0.0120,14.0726,14.7277,0.6942
2017-09-18,0.0096,14.2384,14.7561,0.7054
2017-09-19,0.0051,13.6876,14.3532,0.5501
2017-09-20,0.0187,14.1573,15.2752,0.9116
2017-09-21,0.0101,14.4362,15.3186,0.9288
2017-09-22,0.0079,14.5701,15.1477,0.8614
2017-09-25,0.0123,14.8530,15.4132,0.9667
2017-09-26,0.0087,15.0842,15.3174,0.9304
2017-09-27,0.0051,14.9048,14.8868,0.7626
2017-09-28,0.0068,14.7921,14.6458,0.6690
2017-09-29,0.0091,15.0832,14.6363,0.6668
2017-10-02,0.0078,15.3466,14.4968,0.6136
2017-10-03,0.0051,15.3605,14.1087,0.4623
2017-10-04,0.0064,14.7320,13.8751,0.3723
2017-10-05,0.0041,14.2585,13.4322,0.1997
2017-10-06,0.0040,13.9888,13.0102,0.0356
2017-10-09,0.0056,13.8323,12.7644,-0.0593
2017-10-10,0.0131,14.1661,13.2447,0.1320
2017-10-11,0.0051,12.9063,12.9321,0.0114
2017-10-12,0.0073,12.7698,12.8492,-0.0188
2017-10-13,0.0038,12.6681,12.4387,-0.1778
2017-10-16,0.0070,12.2956,12.3623,-0.2051
2017-10-17,0.0067,12.0807,12.2618,-0.2421
2017-10-18,0.0042,12.0136,11.9240,-0.3734
2017-10-19,0.0088,11.2649,12.0485,-0.3199
2017-10-20,0.0079,11.1034,12.0820,-0.3027
2017-10-23,0.0095,11.2252,12.2588,-0.2297
2017-10-24,0.0045,10.6308,11.9486,-0.3502
2017-10-25,0.0101,10.7374,12.1951,-0.2505
2017-10-26,0.0047,10.7025,11.9079,-0.3615
2017-10-27,0.0159,11.3851,12.7056,-0.0429
2017-10-30,0.0152,11.8432,13.3897,0.2301
2017-10-31,0.0106,12.0568,13.5941,0.3119
2017-11-01,0.0146,12.7753,14.1655,0.5401
2017-11-02,0.0124,13.2291,14.5003,0.6732
2017-11-03,0.0117,13.8025,14.7425,0.7691
2017-11-06,0.0115,14.3679,14.9541,0.8535
2017-11-07,0.0059,14.3871,14.6159,0.7193
2017-11-08,0.0053,13.7983,14.2433,0.5728
2017-11-09,0.0117,14.2981,14.5005,0.6793
2017-11-10,0.0042,14.0662,14.0313,0.5019
2017-11-13,0.0041,14.0934,13.5841,0.3320
2017-11-14,0.0072,14.1037,13.4520,0.2911
2017-11-15,0.0074,14.1552,13.3510,0.2618
2017-11-16,0.0065,14.3294,13.1674,0.1978
2017-11-17,0.0065,14.1536,12.9957,0.1369
2017-11-20,0.0040,13.8557,12.5971,-0.0243
2017-11-21,0.0084,13.7768,12.6435,0.0050
2017-11-22,0.0055,13.8545,12.4081,-0.0899
2017-11-24,0.0034,13.3470,11.9877,-0.2684
2017-11-27,0.0062,13.4615,11.8571,-0.3201
2017-11-28,0.0115,13.1277,12.2373,-0.1438
2017-11-29,0.0210,13.5705,13.5074,0.4345
2017-11-30,0.0145,13.8647,14.0755,0.6990
2017-12-01,0.0126,13.7129,14.4267,0.8665
2017-12-04,0.0076,13.3480,14.2860,0.8090
2017-12-05,0.0128,13.4332,14.6485,0.9816
2017-12-06,0.0147,13.6735,15.1686,1.2243
2017-12-07,0.0063,13.7050,14.8572,1.0845
2017-12-08,0.0081,13.9167,14.7368,1.0328
2017-12-11,0.0113,13.8923,14.9336,1.1280
2017-12-12,0.0035,13.8358,14.3673,0.8734
2017-12-13,0.0062,13.9949,14.1004,0.7576
2017-12-14,0.0060,13.9092,13.8292,0.6382
2017-12-15,0.0069,13.8680,13.6538,0.5628
2017-12-18,0.0077,13.9570,13.5641,0.5259
2017-12-19,0.0050,13.8414,13.2230,0.3692
2017-12-20,0.0086,14.1894,13.2492,0.3859
2017-12-21,0.0072,14.0936,13.1358,0.3346
2017-12-22,0.0035,13.9451,12.6838,0.1206
2017-12-26,0.0074,14.2453,12.6250,0.0940
2017-12-27,0.0041,14.0844,12.2535,-0.0823
2017-12-28,0.0057,13.6453,12.0566,-0.1742
2017-12-29,0.0032,12.2964,11.6379,-0.3726
2018-01-02,0.0100,11.9595,11.8936,-0.2473
2018-01-03,0.0105,11.8053,12.1816,-0.1070
2018-01-04,0.0054,11.6389,11.9659,-0.2088
2018-01-05,0.0076,11.2451,11.9714,-0.2048
2018-01-08,0.0068,10.6487,11.9006,-0.2373
2018-01-09,0.0067,10.6762,11.8200,-0.2746
2018-01-10,0.0034,10.3226,11.4363,-0.4568
2018-01-11,0.0032,9.7075,11.0560,-0.6366
2018-01-12,0.0061,9.9036,10.9695,-0.6754
2018-01-16,0.0114,10.2968,11.4019,-0.4672
2018-01-17,0.0131,10.8314,11.9663,-0.1969
2018-01-18,0.0073,10.8633,11.9428,-0.2088
2018-01-19,0.0086,10.9329,12.0435,-0.1620
2018-01-22,0.0046,10.9047,11.7580,-0.3007
2018-01-23,0.0104,11.0374,12.0394,-0.1680
2018-01-24,0.0126,11.4492,12.5175,0.0579
2018-01-25,0.0133,12.1906,13.0366,0.3034
2018-01-26,0.0078,12.2246,12.9995,0.2810
2018-01-29,0.0101,12.6836,13.1839,0.3650
2018-01-30,0.0100,13.0134,13.3468,0.4384
2018-01-31,0.0079,13.3705,13.3006,0.4104
2018-02-01,0.0075,13.1810,13.2178,0.3659
2018-02-02,0.0200,13.9014,14.3340,0.9023
2018-02-05,0.0333,16.0093,16.6451,2.0019
2018-02-06,0.0291,17.6315,18.4139,2.8010
2018-02-07,0.0132,18.1135,18.5638,2.8159
2018-02-08,0.0174,18.9278,19.1094,3.0056
2018-02-09,0.0350,21.3168,21.2985,3.8812
2018-02-12,0.0229,22.8024,22.1984,4.1249
2018-02-13,0.0099,23.0911,21.8071,3.8269
2018-02-14,0.0115,23.0956,21.5949,3.6273
2018-02-15,0.0123,23.0344,21.4705,3.4775
2018-02-16,0.0124,23.4238,21.3674,3.3477
2018-02-20,0.0116,23.6518,21.1899,3.2012
2018-02-21,0.0110,24.1396,20.9703,3.0503
2018-02-22,0.0088,24.0223,20.5511,2.8373
2018-02-23,0.0055,23.4876,19.8448,2.5327
2018-02-26,0.0087,23.1382,19.4841,2.3654
2018-02-27,0.0088,23.2128,19.1541,2.2154
2018-02-28,0.0093,23.1524,18.8931,2.0955
2018-03-01,0.0257,24.3395,20.2093,2.5366
2018-03-02,0.0098,24.4822,19.9311,2.4012
2018-03-05,0.0116,24.7922,19.8411,2.3369
2018-03-06,0.0073,23.8256,19.3420,2.1334
2018-03-07,0.0064,21.7906,18.7885,1.9173
2018-03-08,0.0064,20.0797,18.2729,1.7194
2018-03-09,0.0076,19.6569,17.8985,1.5736
2018-03-12,0.0069,18.8646,17.4858,1.4171
2018-03-13,0.0140,17.2733,17.7672,1.5044
2018-03-14,0.0085,16.1861,17.5092,1.4033
2018-03-15,0.0085,16.0859,17.2729,1.3106
2018-03-16,0.0055,15.6336,16.7629,1.1228
2018-03-19,0.0136,15.7316,17.0519,1.2171
2018-03-20,0.0075,15.3563,16.7411,1.0997
2018-03-21,0.0078,15.0723,16.4833,1.0005
2018-03-22,0.0164,15.4752,17.0538,1.1963
2018-03-23,0.0166,16.0671,17.6154,1.3879
2018-03-26,0.0218,17.2980,18.6361,1.7402
2018-03-27,0.0280,18.7524,20.1805,2.2663
2018-03-28,0.0202,19.6117,20.8914,2.4824
2018-03-29,0.0203,20.4379,21.5671,2.6759
2018-04-02,0.0190,19.9269,22.0790,2.8040
2018-04-03,0.0162,20.4075,22.2943,2.8263
2018-04-04,0.0175,20.8529,22.6237,2.8841
2018-04-05,0.0087,20.9652,22.0991,2.6635
2018-04-06,0.0150,21.6190,22.2040,2.6545
2018-04-09,0.0133,22.1425,22.1430,2.5936
2018-04-10,0.0101,22.3307,21.7736,2.4388
2018-04-11,0.0091,22.4903,21.3294,2.2668
2018-04-12,0.0075,22.0030,20.7663,2.0607
2018-04-13,0.0080,21.9699,20.2866,1.8869
2018-04-16,0.0047,21.6798,19.5181,1.6264
2018-04-17,0.0080,21.8657,19.1077,1.4831
2018-04-18,0.0077,21.4211,18.6958,1.3413
2018-04-19,0.0105,21.6529,18.5784,1.2942
2018-04-20,0.0163,22.2940,19.0182,1.4239
2018-04-23,0.0105,21.8520,18.8796,1.3695
2018-04-24,0.0195,22.0681,19.6040,1.5894
2018-04-25,0.0124,21.3548,19.6067,1.5787
2018-04-26,0.0101,20.0078,19.3956,1.5005
2018-04-27,0.0148,19.5997,19.6393,1.5682
2018-04-30,0.0200,19.5829,20.3690,1.7898
2018-05-01,0.0133,19.1548,20.4134,1.7899
2018-05-02,0.0152,19.0792,20.6334,1.8458
2018-05-03,0.0118,18.6459,20.5164,1.7919
2018-05-04,0.0140,19.0431,20.6187,1.8084
2018-05-07,0.0111,18.7457,20.4377,1.7355
2018-05-08,0.0091,18.4231,20.0763,1.6053
2018-05-09,0.0078,18.2533,19.6169,1.4463
2018-05-10,0.0068,18.0832,19.0878,1.2669
2018-05-11,0.0093,18.2189,18.8302,1.1755
2018-05-14,0.0056,18.0325,18.2318,0.9760
2018-05-15,0.0074,18.2358,17.8427,0.8441
2018-05-16,0.0061,18.0931,17.3531,0.6799
2018-05-17,0.0090,18.1910,17.1698,0.6147
2018-05-18,0.0056,17.8201,16.6767,0.4493
2018-05-21,0.0088,17.2507,16.5131,0.3909
2018-05-22,0.0068,16.9689,16.1696,0.2739
2018-05-23,0.0079,16.0937,15.9539,0.1982
2018-05-24,0.0097,15.8916,15.9209,0.1822
2018-05-25,0.0074,15.6854,15.6712,0.0948
2018-05-29,0.0070,15.0982,15.3984,-0.0008
2018-05-30,0.0045,13.9274,14.9075,-0.1695
2018-05-31,0.0078,13.5126,14.7568,-0.2258
2018-06-01,0.0058,12.8034,14.4227,-0.3441
2018-06-04,0.0076,12.4869,14.2796,-0.3984
2018-06-05,0.0057,11.8621,13.9689,-0.5101
2018-06-06,0.0078,11.6161,13.8769,-0.5476
2018-06-07,0.0064,11.4170,13.6583,-0.6284
2018-06-08,0.0081,11.4364,13.6083,-0.6524
2018-06-11,0.0065,11.4136,13.4110,-0.7203
2018-06-12,0.0045,11.0525,13.0390,-0.8455
2018-06-13,0.0071,11.1647,12.9295,-0.8799
2018-06-14,0.0044,10.9354,12.5695,-0.9981
2018-06-15,0.0059,10.9226,12.3803,-1.0569
2018-06-18,0.0070,10.7738,12.3078,-1.0755
2018-06-19,0.0109,11.1684,12.6037,-0.9697
2018-06-20,0.0056,10.9238,12.3763,-1.0419
2018-06-21,0.0115,11.2761,12.7250,-0.9200
2018-06-22,0.0038,10.9644,12.3231,-1.0515
2018-06-25,0.0157,11.4144,13.0750,-0.7951
2018-06-26,0.0145,11.9500,13.6709,-0.5923
2018-06-27,0.0118,12.3155,13.9787,-0.4872
2018-06-28,0.0079,12.5704,13.8940,-0.5138
2018-06-29,0.0159,13.1798,14.5721,-0.2839
2018-07-02,0.0096,13.4687,14.6131,-0.2694
2018-07-03,0.0107,13.7039,14.7549,-0.2212
2018-07-05,0.0081,13.8838,14.6423,-0.2585
2018-07-06,0.0088,13.9567,14.6018,-0.2721
2018-07-09,0.0037,13.7513,14.0808,-0.4470
2018-07-10,0.0039,13.4358,13.6080,-0.6044
2018-07-11,0.0079,13.5392,13.5411,-0.6253
2018-07-12,0.0061,13.6547,13.3067,-0.7025
2018-07-13,0.0034,13.3760,12.8300,-0.8596
2018-07-16,0.0080,13.6500,12.8212,-0.8594
2018-07-17,0.0082,13.8225,12.8342,-0.8517
2018-07-18,0.0053,13.6894,12.5668,-0.9377
2018-07-19,0.0078,13.4592,12.5572,-0.9378
2018-07-20,0.0083,13.6655,12.5924,-0.9237
2018-07-23,0.0084,13.4319,12.6338,-0.9079
2018-07-24,0.0056,13.5705,12.4120,-0.9789
2018-07-25,0.0068,12.9012,12.3153,-1.0078
2018-07-26,0.0084,12.4433,12.3798,-0.9843
2018-07-27,0.0135,12.5686,12.9230,-0.7999
2018-07-30,0.0096,12.6984,13.0652,-0.7497
2018-07-31,0.0104,12.2833,13.2700,-0.6794
2018-08-01,0.0140,12.6115,13.8026,-0.5019
2018-08-02,0.0185,13.2001,14.7346,-0.1930
2018-08-03,0.0108,13.3996,14.8747,-0.1466
2018-08-06,0.0067,13.2398,14.6188,-0.2313
2018-08-07,0.0066,13.4544,14.3673,-0.3144
2018-08-08,0.0107,13.9674,14.5236,-0.2620
2018-08-09,0.0085,14.0176,14.4651,-0.2810
2018-08-10,0.0082,14.1824,14.3829,-0.3068
2018-08-13,0.0109,14.7512,14.5582,-0.2476
2018-08-14,0.0077,14.7270,14.4154,-0.2938
2018-08-15,0.0076,14.6769,14.2696,-0.3410
2018-08-16,0.0063,14.7529,14.0118,-0.4248
2018-08-17,0.0102,14.9344,14.1441,-0.3801
2018-08-20,0.0109,15.1309,14.3317,-0.3170
2018-08-21,0.0090,15.1818,14.3329,-0.3151
2018-08-22,0.0078,15.3469,14.2172,-0.3522
2018-08-23,0.0077,15.4110,14.0929,-0.3923
2018-08-24,0.0057,15.2059,13.7923,-0.4902
2018-08-27,0.0075,14.7524,13.6793,-0.5264
2018-08-28,0.0048,14.3894,13.3189,-0.6438
2018-08-29,0.0103,14.3856,13.5036,-0.5818
2018-08-30,0.0177,14.6702,14.3808,-0.2935
2018-08-31,0.0084,13.9067,14.3161,-0.3163
2018-09-04,0.0079,13.6918,14.2106,-0.3529
2018-09-05,0.0130,14.1680,14.5945,-0.2274
2018-09-06,0.0170,14.9561,15.3374,0.0160
2018-09-07,0.0147,15.2586,15.8166,0.1718
2018-09-10,0.0157,15.7999,16.3626,0.3489
2018-09-11,0.0186,16.5837,17.1542,0.6061
2018-09-12,0.0124,16.6941,17.3023,0.6514
2018-09-13,0.0163,17.3445,17.8144,0.8158
2018-09-14,0.0125,17.7209,17.9388,0.8512
2018-09-17,0.0137,18.2810,18.1667,0.9203
2018-09-18,0.0152,18.6567,18.5230,1.0306
2018-09-19,0.0140,18.8957,18.7491,1.0967
2018-09-20,0.0100,18.9690,18.5776,1.0340
2018-09-21,0.0097,19.1110,18.3862,0.9656
2018-09-24,0.0098,19.2750,18.2183,0.9054
2018-09-25,0.0072,19.3892,17.8142,0.7696
2018-09-26,0.0126,19.7760,17.9471,0.8085
2018-09-27,0.0086,20.0577,17.6856,0.7191
2018-09-28,0.0051,19.6613,17.1089,0.5284
2018-10-01,0.0093,19.0280,16.9718,0.4807
2018-10-02,0.0089,19.0638,16.7967,0.4209
2018-10-03,0.0099,19.2118,16.7288,0.3955
2018-10-04,0.0156,19.4078,17.2087,0.5469
2018-10-05,0.0225,19.8247,18.3200,0.9007
2018-10-08,0.0140,19.7691,18.5502,0.9677
2018-10-09,0.0130,19.5683,18.6791,1.0015
2018-10-10,0.0207,19.7262,19.5308,1.2668
2018-10-11,0.0235,20.5695,20.5987,1.5965
2018-10-12,0.0188,20.7632,21.1571,1.7577
2018-10-15,0.0100,20.5708,20.8385,1.6395
2018-10-16,0.0179,20.8861,21.2897,1.7654
2018-10-17,0.0101,20.5010,20.9734,1.6487
2018-10-18,0.0214,21.0563,21.7522,1.8759
2018-10-19,0.0118,21.1934,21.5734,1.8008
2018-10-22,0.0139,21.5133,21.6051,1.7923
2018-10-23,0.0195,22.2444,22.1653,1.9460
2018-10-24,0.0228,23.4226,23.0089,2.1816
2018-10-25,0.0137,23.5056,22.9347,2.1316
2018-10-26,0.0245,24.7139,23.8964,2.3933
2018-10-29,0.0405,27.3915,26.3208,3.0653
2018-10-30,0.0187,28.0961,26.5188,3.0547
2018-10-31,0.0110,28.2607,25.9783,2.8372
2018-11-01,0.0155,28.6851,25.8943,2.7582
2018-11-02,0.0270,29.5522,26.9168,2.9841
2018-11-05,0.0202,29.3789,27.2273,3.0031
2018-11-06,0.0089,28.9959,26.4404,2.7320
2018-11-07,0.0164,29.2489,26.4148,2.6745
2018-11-08,0.0105,28.4804,25.8339,2.4769
2018-11-09,0.0126,27.6558,25.4846,2.3476
2018-11-12,0.0155,27.4049,25.4338,2.2996
2018-11-13,0.0208,28.2197,25.8853,2.3799
2018-11-14,0.0218,28.5135,26.4038,2.4729
2018-11-15,0.0161,28.9708,26.3569,2.4224
2018-11-16,0.0177,28.6950,26.4652,2.4118
2018-11-19,0.0166,29.0538,26.4556,2.3732
2018-11-20,0.0231,29.7481,27.0692,2.4850
2018-11-21,0.0106,29.0732,26.4512,2.3007
2018-11-23,0.0156,28.5268,26.3492,2.2451
2018-11-26,0.0192,28.9389,26.5939,2.2730
2018-11-27,0.0125,28.0307,26.1916,2.1499
2018-11-28,0.0206,26.5244,26.5804,2.2127
2018-11-29,0.0169,26.3932,26.5975,2.1867
2018-11-30,0.0116,26.4392,26.1103,2.0465
2018-12-03,0.0144,26.3541,25.9110,1.9758
2018-12-04,0.0191,25.7501,26.1715,2.0105
2018-12-06,0.0144,25.3077,25.9693,1.9407
2018-12-07,0.0179,25.9920,26.1202,1.9512
2018-12-10,0.0230,26.4940,26.7463,2.0654
2018-12-11,0.0167,26.9561,26.7277,2.0351
2018-12-12,0.0110,26.8382,26.1763,1.8903
2018-12-13,0.0124,26.6002,25.7840,1.7841
2018-12-14,0.0093,25.7367,25.1265,1.6235
2018-12-17,0.0233,25.8554,25.8402,1.7607
2018-12-18,0.0131,25.6276,25.5401,1.6782
2018-12-19,0.0306,26.5966,26.9183,1.9537
2018-12-20,0.0269,27.3797,27.8681,2.1305
2018-12-21,0.0304,27.9295,29.0898,2.3565
2018-12-24,0.0229,28.8592,29.5220,2.4109
2018-12-26,0.0330,30.1759,30.8947,2.6526
2018-12-27,0.0309,31.0598,31.9804,2.8232
2018-12-28,0.0172,31.4139,31.7012,2.7173
2018-12-31,0.0125,30.8043,30.9913,2.5335
2019-01-02,0.0170,30.8136,30.7554,2.4501
2019-01-03,0.0166,31.1848,30.4865,2.3633
2019-01-04,0.0167,31.3583,30.2433,2.2842
2019-01-07,0.0137,30.9522,29.7321,2.1573
2019-01-08,0.0147,30.9805,29.3519,2.0593
2019-01-09,0.0212,31.2298,29.6140,2.0853
2019-01-10,0.0134,30.5043,29.1163,1.9681
2019-01-11,0.0099,29.9907,28.3083,1.7961
2019-01-14,0.0090,29.8348,27.4657,1.6215
2019-01-15,0.0105,29.6949,26.8198,1.4866
2019-01-16,0.0108,29.8085,26.2432,1.3660
2019-01-17,0.0189,29.4724,26.4665,1.3974
2019-01-18,0.0081,29.0946,25.6527,1.2325
2019-01-22,0.0140,27.8462,25.4512,1.1850
2019-01-23,0.0158,27.0071,25.4318,1.1725
2019-01-24,0.0113,25.5640,24.9814,1.0780
2019-01-25,0.0147,24.9456,24.8808,1.0506
2019-01-28,0.0120,23.3582,24.5320,0.9759
2019-01-29,0.0171,22.3175,24.6881,0.9981
2019-01-30,0.0245,22.8692,25.5415,1.1533
2019-01-31,0.0188,23.3430,25.7983,1.1933
2019-02-01,0.0128,23.0201,25.4671,1.1207
2019-02-04,0.0116,22.6485,25.0472,1.0317
2019-02-05,0.0101,22.1500,24.5022,0.9193
2019-02-06,0.0109,21.9428,24.0744,0.8305
2019-02-07,0.0138,21.8727,23.9455,0.8005
2019-02-08,0.0078,20.8537,23.2480,0.6621
2019-02-11,0.0056,20.2615,22.3860,0.4935
2019-02-12,0.0046,19.8612,21.4775,0.3186
2019-02-13,0.0096,19.9086,21.1045,0.2478
2019-02-14,0.0067,19.6209,20.4778,0.1283
2019-02-15,0.0075,19.3676,19.9626,0.0304
2019-02-19,0.0068,18.4513,19.4081,-0.0748
2019-02-20,0.0091,18.5228,19.1079,-0.1309
2019-02-21,0.0081,18.0742,18.7339,-0.2010
2019-02-22,0.0044,17.2082,18.0263,-0.3350
2019-02-25,0.0078,16.9410,17.6836,-0.3986
2019-02-26,0.0084,16.4629,17.4185,-0.4476
2019-02-27,0.0071,16.0900,17.0475,-0.5169
2019-02-28,0.0069,15.3213,16.6841,-0.5845
2019-03-01,0.0088,14.1373,16.5259,-0.6127
2019-03-04,0.0152,13.8654,16.9811,-0.5225
2019-03-05,0.0057,13.3313,16.5060,-0.6107
2019-03-06,0.0063,12.9243,16.1109,-0.6829
2019-03-07,0.0086,12.8118,15.9603,-0.7085
2019-03-08,0.0114,12.8439,16.0855,-0.6819
2019-03-11,0.0091,12.4892,15.9890,-0.6980
2019-03-12,0.0125,12.8478,16.2207,-0.6521
2019-03-13,0.0091,13.1094,16.1099,-0.6718
2019-03-14,0.0059,13.2113,15.7064,-0.7466
2019-03-15,0.0130,13.4676,16.0026,-0.6886
2019-03-18,0.0065,13.4503,15.6603,-0.7520
2019-03-19,0.0099,13.6312,15.6621,-0.7505
2019-03-20,0.0168,14.3914,16.3234,-0.6238
2019-03-21,0.0174,15.0202,17.0005,-0.4952
2019-03-22,0.0210,15.9971,17.9840,-0.3094
2019-03-25,0.0179,17.0231,18.6140,-0.1907
2019-03-26,0.0267,18.4529,20.0377,0.0787
2019-03-27,0.0120,18.7305,19.9811,0.0669
2019-03-28,0.0076,18.7682,19.5038,-0.0235
2019-03-29,0.0057,18.6785,18.8801,-0.1409
2019-04-01,0.0122,18.9327,18.9104,-0.1331
2019-04-02,0.0082,18.4035,18.5557,-0.1981
2019-04-03,0.0101,18.7380,18.4076,-0.2235
2019-04-04,0.0114,19.1252,18.3863,-0.2245
2019-04-05,0.0038,18.7674,17.6484,-0.3621
2019-04-08,0.0077,18.4904,17.3233,-0.4205
2019-04-09,0.0125,18.7440,17.4721,-0.3886
2019-04-10,0.0068,18.3109,17.0690,-0.4620
2019-04-11,0.0069,18.1460,16.6996,-0.5289
2019-04-12,0.0140,18.7563,17.0297,-0.4629
2019-04-15,0.0062,18.2433,16.6000,-0.5418
2019-04-16,0.0099,18.5025,16.5484,-0.5491
2019-04-17,0.0126,18.7079,16.7558,-0.5075
2019-04-18,0.0052,17.8302,16.2456,-0.6025
2019-04-22,0.0074,17.0740,15.9746,-0.6516
2019-04-23,0.0095,16.2020,15.9209,-0.6589
2019-04-24,0.0048,15.2107,15.4257,-0.7496
2019-04-25,0.0077,13.7796,15.2374,-0.7811
2019-04-26,0.0098,13.6139,15.2601,-0.7726
2019-04-29,0.0073,13.5895,15.0353,-0.8108
2019-04-30,0.0132,14.1501,15.3862,-0.7404
2019-05-01,0.0202,14.7515,16.3838,-0.5487
2019-05-02,0.0151,15.2705,16.8346,-0.4607
2019-05-03,0.0048,14.8646,16.2783,-0.5622
2019-05-06,0.0133,15.0084,16.5661,-0.5047
2019-05-07,0.0209,16.2986,17.5629,-0.3144
2019-05-08,0.0121,16.6299,17.6605,-0.2939
2019-05-09,0.0178,17.0322,18.2958,-0.1727
2019-05-10,0.0219,18.1789,19.2882,0.0147
2019-05-13,0.0243,19.4961,20.4453,0.2319
2019-05-14,0.0144,19.5239,20.5857,0.2571
2019-05-15,0.0150,20.1887,20.7803,0.2918
2019-05-16,0.0135,20.4560,20.8148,0.2961
2019-05-17,0.0139,20.5550,20.8908,0.3078
2019-05-20,0.0157,21.3503,21.1345,0.3508
2019-05-21,0.0116,21.6717,20.9753,0.3176
2019-05-22,0.0103,21.7349,20.7012,0.2629
2019-05-23,0.0108,22.1835,20.4843,0.2189
2019-05-24,0.0131,22.5906,20.5054,0.2196
2019-05-28,0.0103,22.6253,20.2558,0.1693
2019-05-29,0.0129,23.0521,20.2690,0.1685
2019-05-30,0.0101,22.8210,20.0148,0.1171
2019-05-31,0.0113,22.1506,19.8899,0.0898
2019-06-03,0.0300,23.2787,21.5517,0.4005
2019-06-04,0.0153,24.0723,21.7124,0.4262
2019-06-05,0.0137,24.1008,21.7100,0.4208
2019-06-06,0.0105,23.3171,21.4107,0.3588
2019-06-07,0.0196,23.8886,21.9976,0.4656
2019-06-10,0.0135,23.5621,21.9613,0.4533
2019-06-11,0.0087,22.5617,21.4732,0.3546
2019-06-12,0.0093,21.4309,21.0744,0.2729
2019-06-13,0.0114,21.2093,20.8978,0.2336
2019-06-14,0.0115,20.9433,20.7386,0.1975
2019-06-17,0.0097,20.6584,20.4166,0.1295
2019-06-18,0.0165,20.8554,20.7648,0.1916
2019-06-19,0.0072,20.2108,20.2038,0.0761
2019-06-20,0.0087,19.9888,19.8206,-0.0048
2019-06-21,0.0096,19.9309,19.5429,-0.0654
2019-06-24,0.0071,19.6513,19.0432,-0.1700
2019-06-25,0.0110,19.4909,18.9487,-0.1949
2019-06-26,0.0113,19.5635,18.8840,-0.2132
2019-06-27,0.0068,19.1056,18.4025,-0.3143
2019-06-28,0.0084,18.9777,18.0990,-0.3796
2019-07-01,0.0124,19.0646,18.1986,-0.3640
2019-07-02,0.0047,17.1516,17.5516,-0.4981
2019-07-03,0.0050,16.3764,16.9755,-0.6176
2019-07-05,0.0071,15.8783,16.6298,-0.6901
2019-07-08,0.0103,15.8598,16.6120,-0.6963
2019-07-09,0.0071,14.9137,16.2947,-0.7632
2019-07-10,0.0063,14.3695,15.9149,-0.8433
2019-07-11,0.0080,14.3167,15.7231,-0.8858
2019-07-12,0.0057,14.0416,15.3226,-0.9707
2019-07-15,0.0055,13.5927,14.9255,-1.0550
2019-07-16,0.0090,13.4048,14.8879,-1.0667
2019-07-17,0.0059,13.1211,14.5594,-1.1377
2019-07-18,0.0056,12.2954,14.2186,-1.2108
2019-07-19,0.0105,12.5453,14.3653,-1.1844
2019-07-22,0.0062,12.3571,14.0953,-1.2437
2019-07-23,0.0054,12.0409,13.7627,-1.3153
2019-07-24,0.0060,11.9625,13.5110,-1.3696
2019-07-25,0.0064,11.6181,13.3146,-1.4127
2019-07-26,0.0088,11.4288,13.3493,-1.4081
2019-07-29,0.0065,11.4013,13.1653,-1.4485
2019-07-30,0.0097,11.4957,13.2950,-1.4224
2019-07-31,0.0314,12.9309,15.4912,-0.9695
2019-08-01,0.0340,15.1461,17.7978,-0.4936
2019-08-02,0.0160,15.9765,18.2531,-0.4032
2019-08-05,0.0162,16.6691,18.7036,-0.3126
2019-08-06,0.0144,16.9777,18.9501,-0.2647
2019-08-07,0.0172,17.7369,19.4491,-0.1638
2019-08-08,0.0106,18.0631,19.2911,-0.2020
2019-08-09,0.0122,18.3774,19.2926,-0.2063
2019-08-12,0.0099,18.6924,19.0749,-0.2573
2019-08-13,0.0319,20.6883,20.9676,0.1419
2019-08-14,0.0133,21.0092,20.9718,0.1377
2019-08-15,0.0184,21.9495,21.4629,0.2380
2019-08-16,0.0092,22.2251,21.0553,0.1448
2019-08-19,0.0090,22.1117,20.6489,0.0514
2019-08-20,0.0100,22.3976,20.3621,-0.0163
2019-08-21,0.0067,22.4999,19.7824,-0.1479
2019-08-22,0.0121,22.9580,19.7467,-0.1610
2019-08-23,0.0318,24.8758,21.5926,0.2387
2019-08-26,0.0071,24.7476,20.9691,0.0957
2019-08-27,0.0131,25.2499,20.9609,0.0879
2019-08-28,0.0071,25.0548,20.3769,-0.0480
2019-08-29,0.0089,23.3526,20.0034,-0.1380
2019-08-30,0.0102,21.5528,19.7715,-0.1966
2019-09-03,0.0092,21.0419,19.4647,-0.2714
2019-09-04,0.0069,20.3391,18.9570,-0.3921
2019-09-05,0.0073,19.8024,18.5121,-0.4990
2019-09-06,0.0059,18.9496,17.9628,-0.6293
2019-09-09,0.0177,19.4837,18.5670,-0.4952
2019-09-10,0.0146,19.6666,18.8424,-0.4357
2019-09-11,0.0112,19.7681,18.7796,-0.4531
2019-09-12,0.0102,18.1251,18.6197,-0.4917
2019-09-13,0.0117,18.0041,18.6123,-0.4950
2019-09-16,0.0056,17.0363,18.0256,-0.6307
2019-09-17,0.0051,16.7195,17.4251,-0.7685
2019-09-18,0.0098,16.7799,17.3126,-0.7933
2019-09-19,0.0104,16.8092,17.2630,-0.8029
2019-09-20,0.0127,17.2585,17.4352,-0.7615
2019-09-23,0.0070,16.8776,17.0605,-0.8456
2019-09-24,0.0142,15.5428,17.3857,-0.7694
2019-09-25,0.0122,15.9304,17.5030,-0.7415
2019-09-26,0.0068,15.4508,17.0984,-0.8334
2019-09-27,0.0108,15.7350,17.1043,-0.8308
2019-09-30,0.0084,15.6992,16.8820,-0.8806
2019-10-01,0.0125,15.8753,17.0593,-0.8398
2019-10-02,0.0140,16.2319,17.3645,-0.7704
2019-10-03,0.0177,17.0426,18.0044,-0.6252
2019-10-04,0.0106,17.2968,17.9369,-0.6423
2019-10-07,0.0125,17.7965,18.0518,-0.6170
2019-10-08,0.0110,17.2918,18.0146,-0.6252
2019-10-09,0.0067,16.6960,17.5724,-0.7256
2019-10-10,0.0077,16.4329,17.2543,-0.7967
2019-10-11,0.0135,16.6872,17.5064,-0.7363
2019-10-14,0.0100,16.5644,17.4111,-0.7544
2019-10-15,0.0078,16.7331,17.1090,-0.8189
2019-10-16,0.0056,16.7713,16.6117,-0.9273
2019-10-17,0.0079,16.6283,16.3677,-0.9767
2019-10-18,0.0086,16.4942,16.2059,-1.0073
2019-10-21,0.0076,16.1076,15.9545,-1.0570
2019-10-22,0.0069,16.0970,15.6553,-1.1169
2019-10-23,0.0052,15.4202,15.2120,-1.2082
2019-10-24,0.0084,15.1313,15.0956,-1.2248
2019-10-25,0.0070,15.1443,14.8519,-1.2691
2019-10-28,0.0059,14.7751,14.5274,-1.3305
2019-10-29,0.0148,15.2575,15.0675,-1.1996
2019-10-30,0.0113,15.1639,15.2358,-1.1531
2019-10-31,0.0344,16.7115,17.6004,-0.6178
2019-11-01,0.0110,16.2074,17.5908,-0.6139
2019-11-04,0.0068,15.9171,17.1825,-0.6996
2019-11-05,0.0051,15.3601,16.6408,-0.8152
2019-11-06,0.0057,14.9634,16.1885,-0.9106
2019-11-07,0.0059,14.9012,15.7774,-0.9964
2019-11-08,0.0092,15.0107,15.7051,-1.0052
2019-11-11,0.0065,14.4832,15.3854,-1.0698
2019-11-12,0.0050,14.0997,14.9342,-1.1636
2019-11-13,0.0061,13.9712,14.6188,-1.2259
2019-11-14,0.0070,14.0792,14.4069,-1.2644
2019-11-15,0.0056,13.9029,14.0731,-1.3306
2019-11-18,0.0080,13.8531,13.9863,-1.3402
2019-11-19,0.0058,13.7208,13.7013,-1.3948
2019-11-20,0.0142,14.2736,14.2338,-1.2637
2019-11-21,0.0065,14.3716,13.9992,-1.3085
2019-11-22,0.0060,14.1943,13.7323,-1.3598
2019-11-25,0.0060,14.1218,13.4790,-1.4074
2019-11-26,0.0108,14.4876,13.6978,-1.3474
2019-11-27,0.0047,13.7249,13.3267,-1.4221
2019-11-29,0.0054,13.2784,13.0369,-1.4781
2019-12-02,0.0105,11.4694,13.2540,-1.4177
2019-12-03,0.0085,11.2777,13.2637,-1.4050
2019-12-04,0.0069,11.2870,13.1267,-1.4258
2019-12-05,0.0073,11.4533,13.0378,-1.4357
2019-12-06,0.0062,11.4909,12.8491,-1.4682
2019-12-09,0.0138,12.0908,13.3943,-1.3322
2019-12-10,0.0111,12.2365,13.6485,-1.2650
2019-12-11,0.0051,12.1281,13.3156,-1.3340
2019-12-12,0.0108,12.5693,13.5446,-1.2718
2019-12-13,0.0076,12.6822,13.4547,-1.2837
2019-12-16,0.0073,12.7022,13.3380,-1.3012
2019-12-17,0.0073,12.8297,13.2289,-1.3176
2019-12-18,0.0070,12.7581,13.1025,-1.3376
2019-12-19,0.0055,12.7349,12.8413,-1.3910
2019-12-20,0.0083,12.2836,12.8568,-1.3809
2019-12-23,0.0060,12.2459,12.6574,-1.4248
2019-12-24,0.0048,12.1555,12.3570,-1.4945
2019-12-26,0.0069,12.2243,12.2730,-1.5176
2019-12-27,0.0139,12.4619,12.8634,-1.3796
2019-12-30,0.0177,13.4453,13.7814,-1.1551
2019-12-31,0.0062,13.5126,13.5492,-1.2189
2020-01-02,0.0096,13.4428,13.6477,-1.1979
2020-01-03,0.0096,13.5332,13.7476,-1.1760
2020-01-06,0.0117,13.8969,14.0399,-1.1010
2020-01-07,0.0075,13.9094,13.9119,-1.1399
2020-01-08,0.0117,14.3231,14.1920,-1.0640
2020-01-09,0.0084,13.9152,14.1427,-1.0826
2020-01-10,0.0101,13.8355,14.2516,-1.0543
2020-01-13,0.0082,14.0682,14.1757,-1.0790
2020-01-14,0.0092,13.9454,14.1983,-1.0726
2020-01-15,0.0134,14.3865,14.6250,-0.9398
2020-01-16,0.0074,14.4015,14.4570,-0.9900
2020-01-17,0.0068,14.3682,14.2389,-1.0580
2020-01-21,0.0066,14.3386,14.0146,-1.1275
2020-01-22,0.0057,14.3524,13.7160,-1.2218
2020-01-23,0.0083,14.3577,13.6856,-1.2297
2020-01-24,0.0123,14.8299,14.0315,-1.1122
2020-01-27,0.0156,15.6482,14.6797,-0.8921
2020-01-28,0.0097,15.8562,14.7184,-0.8750
2020-01-29,0.0141,15.8685,15.1776,-0.7138
2020-01-30,0.0098,15.2709,15.2038,-0.7015
2020-01-31,0.0231,16.5449,16.4915,-0.2410
2020-02-03,0.0243,17.6609,17.8196,0.2491
2020-02-04,0.0115,17.8002,17.8447,0.2731
2020-02-05,0.0121,17.8301,17.9289,0.3187
2020-02-06,0.0096,17.9899,17.7689,0.2717
2020-02-07,0.0110,17.9376,17.7516,0.2783
2020-02-10,0.0093,18.0022,17.5701,0.2194
2020-02-11,0.0084,17.8792,17.3185,0.1301
2020-02-12,0.0060,17.7179,16.8554,-0.0455
2020-02-13,0.0061,17.4870,16.4261,-0.2095
2020-02-14,0.0068,16.9870,16.0892,-0.3382
2020-02-18,0.0090,17.1018,15.9781,-0.3773
2020-02-19,0.0072,17.1299,15.7040,-0.4822
2020-02-20,0.0134,17.6452,16.0412,-0.3422
2020-02-21,0.0194,18.6832,16.9288,0.0180
2020-02-24,0.0356,20.7441,19.3024,0.9710
2020-02-25,0.0286,21.9762,20.8638,1.5864
2020-02-26,0.0242,22.6237,21.9178,1.9857
2020-02-27,0.0283,24.0323,23.2972,2.4923
2020-02-28,0.0445,26.3286,26.1349,3.5018
2020-03-02,0.0459,29.0553,28.9393,4.3780
2020-03-03,0.0316,29.7003,30.2156,4.6174
2020-03-04,0.0205,29.4140,30.3594,4.4603
2020-03-05,0.0187,29.9584,30.3181,4.2643
2020-03-06,0.0181,30.4108,30.2239,4.0743
2020-03-09,0.0390,32.6351,32.1289,4.4644
2020-03-10,0.0395,34.7876,33.9621,4.7648
2020-03-11,0.0235,35.8648,34.1652,4.5963
2020-03-12,0.0570,39.5376,37.5457,5.1984
2020-03-13,0.0651,43.9996,41.4911,5.7721
2020-03-16,0.0541,47.6263,44.1533,5.9257
2020-03-17,0.0532,51.1302,46.5677,5.9666
2020-03-18,0.0330,52.9456,46.9153,5.6225
2020-03-19,0.0285,54.5530,46.8102,5.2617
2020-03-20,0.0524,57.5003,48.9946,5.3118
2020-03-23,0.0499,59.8067,50.8112,5.2814
2020-03-24,0.0285,59.2706,50.4763,4.9451
2020-03-25,0.0370,59.9104,50.9734,4.7704
2020-03-26,0.0181,59.4521,49.6434,4.3790
2020-03-27,0.0215,58.9357,48.7085,4.0864
2020-03-30,0.0139,56.6262,47.1116,3.7429
2020-03-31,0.0287,55.3225,47.0148,3.6167
2020-04-01,0.0239,54.7360,46.4675,3.4466
2020-04-02,0.0212,54.7824,45.6947,3.2635
2020-04-03,0.0193,54.8293,44.7924,3.0789
2020-04-06,0.0255,55.3892,44.5352,2.9806
2020-04-07,0.0209,54.0148,43.8497,2.8399
2020-04-08,0.0144,52.1217,42.5944,2.6436
2020-04-09,0.0141,51.4095,41.3823,2.4624
2020-04-13,0.0172,48.4026,40.5409,2.3304
2020-04-14,0.0203,45.0143,40.0373,2.2408
2020-04-15,0.0135,41.9464,38.9212,2.0882
2020-04-16,0.0144,39.0180,37.9598,1.9576
2020-04-17,0.0250,38.4122,38.0606,1.9450
2020-04-20,0.0120,37.1697,36.9213,1.8005
2020-04-21,0.0250,35.0941,37.0837,1.7981
2020-04-22,0.0135,32.3420,36.1473,1.6796
2020-04-23,0.0174,31.5019,35.6337,1.6084
2020-04-24,0.0081,29.3197,34.2719,1.4495
2020-04-27,0.0111,28.7869,33.2725,1.3316
2020-04-28,0.0127,28.1227,32.4830,1.2375
2020-04-29,0.0127,28.0288,31.7414,1.1497
2020-04-30,0.0126,26.8124,31.0341,1.0668
2020-05-01,0.0312,27.3675,32.1451,1.1748
2020-05-04,0.0158,26.9643,31.7236,1.1217
2020-05-05,0.0146,26.6097,31.2128,1.0600
2020-05-06,0.0103,25.4564,30.3171,0.9592
2020-05-07,0.0074,24.4373,29.2007,0.8365
2020-05-08,0.0106,24.1465,28.4579,0.7538
2020-05-11,0.0174,24.3980,28.4108,0.7444
2020-05-12,0.0151,24.2338,28.1409,0.7123
2020-05-13,0.0277,24.7945,29.0878,0.8065
2020-05-14,0.0162,24.9962,28.8828,0.7809
2020-05-15,0.0097,24.6366,28.0706,0.6927
2020-05-18,0.0135,23.7685,27.6709,0.6478
2020-05-19,0.0118,23.7491,27.1306,0.5888
2020-05-20,0.0044,22.1972,25.9250,0.4614
2020-05-21,0.0106,21.9736,25.3765,0.4024
2020-05-22,0.0061,21.1225,24.4366,0.3033
2020-05-26,0.0109,21.3313,24.0097,0.2575
2020-05-27,0.0120,21.3975,23.7096,0.2249
2020-05-28,0.0170,21.7277,23.9099,0.2442
2020-05-29,0.0101,21.5300,23.4336,0.1934
2020-06-01,0.0081,21.1926,22.7995,0.1265
2020-06-02,0.0086,19.4816,22.2487,0.0691
2020-06-03,0.0085,18.9248,21.7195,0.0142
2020-06-04,0.0098,18.5614,21.3510,-0.0239
2020-06-05,0.0100,18.5384,21.0181,-0.0582
2020-06-08,0.0120,18.8892,20.9017,-0.0698
2020-06-09,0.0182,19.4638,21.3808,-0.0199
2020-06-10,0.0152,19.2925,21.5425,-0.0032
2020-06-11,0.0209,19.7365,22.2441,0.0691
2020-06-12,0.0260,19.6121,23.3882,0.1867
2020-06-15,0.0206,19.9494,23.9500,0.2436
2020-06-16,0.0171,20.5149,24.1464,0.2624
2020-06-17,0.0059,19.9441,23.2629,0.1698
2020-06-18,0.0085,19.6974,22.6762,0.1079
2020-06-19,0.0213,20.9721,23.3440,0.1757
2020-06-22,0.0100,20.9282,22.8950,0.1278
2020-06-23,0.0190,21.9005,23.3292,0.1710
2020-06-24,0.0181,22.4428,23.6521,0.2026
2020-06-25,0.0127,22.4974,23.4421,0.1790
2020-06-26,0.0154,22.3760,23.5055,0.1835
2020-06-29,0.0157,22.8014,23.5895,0.1900
2020-06-30,0.0084,22.8220,22.9721,0.1240
2020-07-01,0.0064,22.6608,22.2077,0.0428
2020-07-02,0.0115,22.8924,21.9728,0.0164
2020-07-06,0.0092,22.8444,21.5287,-0.0318
2020-07-07,0.0112,22.9352,21.2995,-0.0576
2020-07-08,0.0058,22.4666,20.5758,-0.1347
2020-07-09,0.0117,21.9774,20.4580,-0.1489
2020-07-10,0.0087,21.4854,20.0552,-0.1928
2020-07-13,0.0320,22.3236,21.9022,-0.0031
2020-07-14,0.0205,21.9025,22.5361,0.0599
2020-07-15,0.0183,21.7225,22.9223,0.0970
2020-07-16,0.0110,21.2555,22.5919,0.0592
2020-07-17,0.0086,21.4562,22.0546,-0.0002
2020-07-20,0.0127,21.7721,21.9385,-0.0156
2020-07-21,0.0117,21.0500,21.7406,-0.0396
2020-07-22,0.0093,20.9945,21.3179,-0.0873
2020-07-23,0.0264,21.5563,22.5545,0.0392
2020-07-24,0.0276,22.2746,23.8290,0.1694
2020-07-27,0.0079,21.9093,23.1482,0.0935
2020-07-28,0.0065,21.2305,22.3739,0.0078
2020-07-29,0.0075,20.6146,21.7498,-0.0620
2020-07-30,0.0135,21.0052,21.7348,-0.0663
2020-07-31,0.0325,22.9713,23.5221,0.1213
2020-08-03,0.0238,23.8960,24.3734,0.2092
2020-08-04,0.0152,24.3515,24.3592,0.2054
2020-08-05,0.0088,24.1754,23.7383,0.1374
2020-08-06,0.0217,25.3776,24.3830,0.2039
2020-08-07,0.0179,25.8473,24.6286,0.2278
2020-08-10,0.0238,26.9956,25.4224,0.3097
2020-08-11,0.0159,25.7738,25.4080,0.3055
2020-08-12,0.0126,25.1824,25.0864,0.2695
2020-08-13,0.0126,24.7569,24.7834,0.2357
2020-08-14,0.0121,24.8435,24.4505,0.1990
2020-08-17,0.0104,24.9840,23.9786,0.1475
2020-08-18,0.0104,24.8090,23.5265,0.0982
2020-08-19,0.0093,24.6256,23.0023,0.0413
2020-08-20,0.0088,24.5947,22.4649,-0.0170
2020-08-21,0.0195,24.0719,22.9741,0.0358
2020-08-24,0.0233,23.7490,23.8165,0.1246
2020-08-25,0.0121,24.0696,23.5404,0.0941
2020-08-26,0.0106,24.3818,23.1359,0.0501
2020-08-27,0.0177,25.1469,23.4301,0.0802
2020-08-28,0.0086,24.7766,22.8478,0.0170
2020-08-31,0.0266,24.3334,24.0098,0.1389
2020-09-01,0.0218,24.1840,24.6436,0.2043
2020-09-02,0.0512,26.9035,28.0398,0.5621
2020-09-03,0.0364,28.9868,29.8229,0.7467
2020-09-04,0.0772,33.1778,35.3833,1.3271
2020-09-08,0.0380,34.6964,36.8823,1.4726
2020-09-09,0.0234,34.6632,36.8990,1.4611
2020-09-10,0.0320,35.8845,37.7349,1.5345
2020-09-11,0.0297,37.1722,38.2962,1.5779
2020-09-14,0.0190,37.6576,37.8121,1.5132
2020-09-15,0.0281,38.8651,38.2190,1.5407
2020-09-16,0.0178,39.4189,37.6188,1.4650
2020-09-17,0.0221,40.3040,37.4636,1.4360
2020-09-18,0.0237,41.3887,37.4698,1.4237
2020-09-21,0.0344,43.3182,38.4956,1.5145
2020-09-22,0.0231,43.5885,38.3835,1.4891
2020-09-23,0.0232,43.5773,38.2872,1.4657
2020-09-24,0.0296,44.8978,38.8066,1.5042
2020-09-25,0.0217,45.7354,38.5416,1.4639
2020-09-28,0.0157,45.5905,37.7289,1.3701
2020-09-29,0.0105,45.7274,36.4611,1.2326
2020-09-30,0.0194,45.1861,36.1242,1.1891
2020-10-01,0.0105,44.3349,34.9588,1.0643
2020-10-02,0.0196,41.9448,34.7245,1.0329
2020-10-05,0.0129,40.1726,33.8736,0.9409
2020-10-06,0.0196,35.8210,33.7079,0.9174
2020-10-07,0.0084,33.5800,32.4838,0.7895
2020-10-08,0.0087,32.4671,31.3621,0.6726
2020-10-09,0.0089,30.7188,30.3273,0.5647
2020-10-12,0.0260,30.4451,30.9883,0.6253
2020-10-13,0.0256,30.9405,31.5668,0.6774
2020-10-14,0.0199,30.3177,31.5636,0.6715
2020-10-15,0.0148,30.0903,31.0763,0.6177
2020-10-16,0.0111,29.2613,30.2691,0.5322
2020-10-19,0.0193,28.9333,30.2937,0.5296
2020-10-20,0.0190,27.7677,30.2815,0.5233
2020-10-21,0.0135,27.0479,29.7552,0.4657
2020-10-22,0.0189,26.7265,29.7716,0.4623
2020-10-23,0.0119,25.3882,29.1157,0.3917
2020-10-26,0.0219,25.4067,29.4555,0.4207
2020-10-27,0.0156,25.3974,29.1763,0.3876
2020-10-28,0.0168,25.8795,29.0291,0.3679
2020-10-29,0.0244,26.2516,29.6070,0.4212
2020-10-30,0.0245,27.3095,30.1655,0.4730
2020-11-02,0.0217,27.4721,30.4236,0.4944
2020-11-03,0.0172,27.7917,30.2335,0.4703
2020-11-04,0.0196,27.7930,30.2880,0.4709
2020-11-05,0.0154,28.3265,29.9412,0.4308
2020-11-06,0.0183,29.0569,29.8923,0.4209
2020-11-09,0.0276,30.4747,30.7322,0.5011
2020-11-10,0.0210,30.0932,30.8882,0.5117
2020-11-11,0.0148,29.2779,30.4455,0.4611
2020-11-12,0.0114,28.6387,29.7041,0.3800
2020-11-13,0.0107,28.3294,28.9386,0.2963
2020-11-16,0.0152,28.6383,28.6489,0.2613
2020-11-17,0.0101,27.9377,27.8880,0.1776
2020-11-18,0.0104,27.2899,27.2039,0.1016
2020-11-19,0.0123,27.1960,26.7439,0.0488
2020-11-20,0.0056,26.1918,25.6757,-0.0676
2020-11-23,0.0154,26.4623,25.6064,-0.0800
2020-11-24,0.0190,26.2416,25.8787,-0.0568
2020-11-25,0.0093,25.7624,25.2103,-0.1325
2020-11-27,0.0077,25.0707,24.4296,-0.2204
2020-11-30,0.0222,24.9069,25.0770,-0.1575
2020-12-01,0.0181,24.4226,25.2971,-0.1397
2020-12-02,0.0133,23.7878,25.0475,-0.1721
2020-12-03,0.0085,23.1354,24.3579,-0.2519
2020-12-04,0.0075,22.2231,23.6154,-0.3378
2020-12-07,0.0111,21.8971,23.2582,-0.3826
2020-12-08,0.0108,21.3246,22.8890,-0.4285
2020-12-09,0.0247,21.1034,23.8703,-0.3271
2020-12-10,0.0164,20.7573,24.0020,-0.3187
2020-12-11,0.0128,20.6088,23.7853,-0.3484
2020-12-14,0.0096,20.4720,23.2711,-0.4112
2020-12-15,0.0120,20.5694,23.0145,-0.4458
2020-12-16,0.0099,20.1659,22.5718,-0.5013
2020-12-17,0.0084,20.0405,22.0174,-0.5697
2020-12-18,0.0121,20.1738,21.8535,-0.5948
2020-12-21,0.0223,20.9291,22.6661,-0.5099
2020-12-22,0.0255,22.4282,23.7315,-0.3961
2020-12-23,0.0068,21.7758,22.9568,-0.4918
2020-12-24,0.0122,21.2653,22.7449,-0.5236
2020-12-28,0.0157,21.7497,22.8748,-0.5158
2020-12-29,0.0179,22.5236,23.2093,-0.4836
2020-12-30,0.0105,21.6434,22.8210,-0.5355
2020-12-31,0.0147,21.3830,22.8483,-0.5390
2021-01-04,0.0317,22.7756,24.5004,-0.3519
2021-01-05,0.0149,23.2538,24.4461,-0.3649
2021-01-06,0.0251,24.5781,25.3669,-0.2625
2021-01-07,0.0165,24.9827,25.4145,-0.2635
2021-01-08,0.0128,25.1350,25.1077,-0.3070
2021-01-11,0.0091,23.9522,24.4656,-0.3910
2021-01-12,0.0155,23.8852,24.4771,-0.3965
2021-01-13,0.0125,23.8564,24.1957,-0.4378
2021-01-14,0.0082,23.7502,23.5230,-0.5266
2021-01-15,0.0158,24.0410,23.6176,-0.5220
2021-01-19,0.0098,24.0363,23.1329,-0.5890
2021-01-20,0.0141,24.4636,23.0833,-0.6028
2021-01-21,0.0281,25.6722,24.3782,-0.4494
2021-01-22,0.0214,25.6061,24.9561,-0.3850
2021-01-25,0.0429,26.9274,27.5489,-0.0654
2021-01-26,0.0144,27.4991,27.2656,-0.1083
2021-01-27,0.0184,27.9635,27.3803,-0.1006
2021-01-28,0.0245,28.6314,28.0735,-0.0183
2021-01-29,0.0296,29.5120,29.2057,0.1213
2021-02-01,0.0236,30.4962,29.6977,0.1791
2021-02-02,0.0082,30.0076,28.6967,0.0432
2021-02-03,0.0076,28.1852,27.7017,-0.0925
2021-02-04,0.0137,28.1007,27.3490,-0.1443
2021-02-05,0.0076,26.7816,26.4335,-0.2706
2021-02-08,0.0098,26.2786,25.7833,-0.3622
2021-02-09,0.0101,26.0764,25.1995,-0.4455
2021-02-10,0.0125,26.3386,24.8823,-0.4938
2021-02-11,0.0133,26.1662,24.6516,-0.5311
2021-02-12,0.0084,25.8624,23.9769,-0.6288
2021-02-16,0.0132,26.2406,23.7940,-0.6609
2021-02-17,0.0147,26.1592,23.7697,-0.6718
2021-02-18,0.0140,26.4789,23.6787,-0.6922
2021-02-19,0.0103,26.1921,23.2350,-0.7607
2021-02-22,0.0206,25.6220,23.8024,-0.6893
2021-02-23,0.0469,27.5456,26.8387,-0.2738
2021-02-24,0.0189,25.7279,27.0282,-0.2515
2021-02-25,0.0283,26.7799,28.1017,-0.1056
2021-02-26,0.0199,26.8914,28.3067,-0.0799
2021-03-01,0.0210,26.6270,28.6111,-0.0387
2021-03-02,0.0129,25.3697,28.1269,-0.1059
2021-03-03,0.0172,24.8914,28.0810,-0.1112
2021-03-04,0.0279,26.3780,29.0500,0.0250
2021-03-05,0.0257,27.7444,29.7556,0.1239
2021-03-08,0.0156,27.8823,29.4534,0.0821
2021-03-09,0.0160,28.5136,29.2071,0.0493
2021-03-10,0.0133,28.7741,28.7187,-0.0161
2021-03-11,0.0109,28.8327,28.0326,-0.1088
2021-03-12,0.0114,28.7444,27.4341,-0.1876
2021-03-15,0.0161,28.9575,27.3189,-0.1972
2021-03-16,0.0140,29.3788,27.0150,-0.2327
2021-03-17,0.0197,29.8746,27.2744,-0.1872
2021-03-18,0.0115,29.6290,26.7319,-0.2577
2021-03-19,0.0103,29.3445,26.1046,-0.3426
2021-03-22,0.0139,29.6214,25.8642,-0.3717
2021-03-23,0.0114,28.9244,25.3957,-0.4376
2021-03-24,0.0087,26.0409,24.7032,-0.5421
2021-03-25,0.0147,25.7203,24.6170,-0.5537
2021-03-26,0.0144,24.6695,24.5111,-0.5687
2021-03-29,0.0107,23.9753,24.0568,-0.6437
2021-03-30,0.0090,23.0689,23.4742,-0.7433
2021-03-31,0.0135,23.1083,23.3477,-0.7658
2021-04-01,0.0091,22.4932,22.8137,-0.8634
2021-04-05,0.0143,21.4703,22.8099,-0.8656
2021-04-06,0.0082,20.1436,22.2181,-0.9785
2021-04-07,0.0118,19.8562,22.0061,-1.0220
2021-04-08,0.0077,19.2281,21.4152,-1.1408
2021-04-09,0.0119,19.1219,21.2605,-1.1737
2021-04-12,0.0103,19.0756,20.9637,-1.2341
2021-04-13,0.0111,19.0570,20.7657,-1.2741
2021-04-14,0.0114,18.7046,20.6066,-1.3060
2021-04-15,0.0064,18.1309,19.9826,-1.4335
2021-04-16,0.0073,17.1909,19.4797,-1.5342
2021-04-19,0.0094,17.0304,19.2025,-1.5879
2021-04-20,0.0176,17.5838,19.7243,-1.4696
2021-04-21,0.0119,17.4338,19.6778,-1.4736
2021-04-22,0.0136,17.6059,19.7971,-1.4404
2021-04-23,0.0120,17.8526,19.7514,-1.4423
2021-04-26,0.0079,17.3404,19.3170,-1.5262
2021-04-27,0.0062,16.7203,18.7478,-1.6368
2021-04-28,0.0097,16.6436,18.5427,-1.6664
2021-04-29,0.0200,17.4689,19.3308,-1.4817
2021-04-30,0.0132,17.4509,19.4302,-1.4472
2021-05-03,0.0117,17.6459,19.3769,-1.4467
2021-05-04,0.0208,18.1330,20.1931,-1.2594
2021-05-05,0.0125,18.4605,20.1710,-1.2540
2021-05-06,0.0113,18.4273,20.0400,-1.2717
2021-05-07,0.0092,18.5409,19.7101,-1.3316
2021-05-10,0.0085,18.2881,19.3392,-1.3993
2021-05-11,0.0158,18.7084,19.6872,-1.3132
2021-05-12,0.0133,18.8738,19.7743,-1.2837
2021-05-13,0.0105,18.8047,19.5876,-1.3125
2021-05-14,0.0097,19.0543,19.3392,-1.3537
2021-05-17,0.0095,19.2198,19.0834,-1.3958
2021-05-18,0.0091,19.1993,18.8042,-1.4421
2021-05-19,0.0089,18.5442,18.5244,-1.4877
2021-05-20,0.0105,18.4346,18.4118,-1.4984
2021-05-21,0.0103,18.1782,18.2841,-1.5123
2021-05-24,0.0098,18.0103,18.1177,-1.5347
2021-05-25,0.0102,18.1826,17.9983,-1.5474
2021-05-26,0.0054,18.1210,17.4307,-1.6510
2021-05-27,0.0131,18.3837,17.6355,-1.5959
2021-05-28,0.0052,17.2688,17.0733,-1.6965
2021-06-01,0.0069,16.7935,16.7093,-1.7558
2021-06-02,0.0055,16.3278,16.2324,-1.8365
2021-06-03,0.0080,15.3603,16.0182,-1.8639
2021-06-04,0.0094,15.1287,15.9548,-1.8617
2021-06-07,0.0083,14.8984,15.7865,-1.8804
2021-06-08,0.0125,15.1489,16.0276,-1.8194
2021-06-09,0.0068,15.0210,15.7165,-1.8653
2021-06-10,0.0117,14.7081,15.8876,-1.8173
2021-06-11,0.0063,14.1781,15.5349,-1.8688
2021-06-14,0.0141,14.4512,15.9465,-1.7727
2021-06-15,0.0064,14.2010,15.6015,-1.8206
2021-06-16,0.0132,14.4817,15.9236,-1.7424
2021-06-17,0.0125,14.7365,16.1550,-1.6839
2021-06-18,0.0068,14.5739,15.8293,-1.7305
2021-06-21,0.0145,14.8756,16.2586,-1.6362
2021-06-22,0.0098,14.8438,16.2200,-1.6302
2021-06-23,0.0058,14.5401,15.7947,-1.6942
2021-06-24,0.0076,14.3497,15.5749,-1.7188
2021-06-25,0.0055,14.3582,15.1632,-1.7773
2021-06-28,0.0077,13.9499,14.9897,-1.7914
2021-06-29,0.0087,14.2138,14.9188,-1.7867
2021-06-30,0.0071,14.2273,14.7011,-1.8085
2021-07-01,0.0075,14.3802,14.5373,-1.8210
2021-07-02,0.0068,14.2917,14.3133,-1.8437
2021-07-06,0.0128,14.5434,14.6694,-1.7659
2021-07-07,0.0100,14.6752,14.7443,-1.7388
2021-07-08,0.0152,14.8811,15.3074,-1.6297
2021-07-09,0.0106,15.1674,15.4002,-1.6035
2021-07-12,0.0086,14.9346,15.2969,-1.6117
2021-07-13,0.0173,15.7641,16.0248,-1.4761
2021-07-14,0.0078,15.2908,15.8108,-1.5019
2021-07-15,0.0135,15.8246,16.1465,-1.4341
2021-07-16,0.0164,16.0644,16.7380,-1.3248
2021-07-19,0.0105,15.9125,16.7291,-1.3186
2021-07-20,0.0166,16.6534,17.3025,-1.2151
2021-07-21,0.0073,16.1089,16.9572,-1.2667
2021-07-22,0.0109,16.1893,16.9781,-1.2570
2021-07-23,0.0075,16.3209,16.6732,-1.3003
2021-07-26,0.0097,16.4740,16.5935,-1.3044
2021-07-27,0.0145,17.1569,16.9812,-1.2318
2021-07-28,0.0216,18.2076,18.0224,-1.0534
2021-07-29,0.0087,18.2048,17.7662,-1.0912
2021-07-30,0.0088,18.3291,17.5342,-1.1245
2021-08-02,0.0074,18.3192,17.1879,-1.1744
2021-08-03,0.0121,18.7215,17.3118,-1.1463
2021-08-04,0.0071,18.2967,16.9526,-1.1972
2021-08-05,0.0080,18.1454,16.6999,-1.2304
2021-08-06,0.0071,17.5326,16.3736,-1.2744
2021-08-09,0.0057,17.1603,15.9333,-1.3359
2021-08-10,0.0111,17.3456,16.0316,-1.3094
2021-08-11,0.0057,16.4705,15.6127,-1.3660
2021-08-12,0.0104,16.6615,15.6641,-1.3468
2021-08-13,0.0055,16.0603,15.2511,-1.4017
2021-08-16,0.0197,16.3118,16.2132,-1.2385
2021-08-17,0.0122,16.4423,16.4003,-1.2003
2021-08-18,0.0163,16.4224,16.9683,-1.1030
2021-08-19,0.0154,17.0332,17.4127,-1.0267
2021-08-20,0.0076,16.7845,17.0928,-1.0717
2021-08-23,0.0092,16.9148,16.9452,-1.0887
2021-08-24,0.0080,16.7911,16.6933,-1.1212
2021-08-25,0.0103,16.4729,16.6741,-1.1171
2021-08-26,0.0069,15.3580,16.3290,-1.1640
2021-08-27,0.0079,15.2997,16.1009,-1.1917
2021-08-30,0.0153,15.7956,16.5937,-1.1082
2021-08-31,0.0062,15.7004,16.1839,-1.1641
2021-09-01,0.0121,15.6967,16.3634,-1.1282
2021-09-02,0.0106,15.9621,16.3956,-1.1143
2021-09-03,0.0067,15.8645,16.0532,-1.1579
2021-09-07,0.0111,16.1651,16.1445,-1.1367
2021-09-08,0.0118,16.6233,16.2952,-1.1076
2021-09-09,0.0080,16.3939,16.0828,-1.1351
2021-09-10,0.0196,17.4476,16.9885,-0.9880
2021-09-13,0.0118,17.5522,17.0891,-0.9681
2021-09-14,0.0174,18.4511,17.7233,-0.8620
2021-09-15,0.0145,18.0609,18.0453,-0.8057
2021-09-16,0.0082,17.7622,17.7462,-0.8503
2021-09-17,0.0090,17.2085,17.5357,-0.8809
2021-09-20,0.0172,17.3517,18.1265,-0.7780
2021-09-21,0.0087,17.4334,17.8667,-0.8186
2021-09-22,0.0119,17.6346,17.9263,-0.8052
2021-09-23,0.0069,17.5504,17.5094,-0.8749
2021-09-24,0.0075,17.3380,17.1736,-0.9326
2021-09-27,0.0104,17.6067,17.1371,-0.9379
2021-09-28,0.0139,18.0635,17.4360,-0.8818
2021-09-29,0.0118,17.8009,17.5179,-0.8635
2021-09-30,0.0121,18.2522,17.6212,-0.8409
2021-10-01,0.0188,18.7620,18.3568,-0.6977
2021-10-04,0.0161,19.1767,18.7920,-0.6096
2021-10-05,0.0126,19.6170,18.8606,-0.5908
2021-10-06,0.0154,19.9472,19.1994,-0.5191
2021-10-07,0.0073,19.6125,18.7452,-0.6023
2021-10-08,0.0063,19.4825,18.2219,-0.6998
2021-10-11,0.0146,19.1026,18.5206,-0.6342
2021-10-12,0.0080,18.8208,18.1742,-0.6975
2021-10-13,0.0110,18.3346,18.1307,-0.7004
2021-10-14,0.0093,17.9379,17.9285,-0.7357
2021-10-15,0.0050,17.6957,17.3311,-0.8517
2021-10-18,0.0121,17.9295,17.4402,-0.8231
2021-10-19,0.0101,17.3924,17.3600,-0.8335
2021-10-20,0.0074,17.2931,17.0211,-0.8976
2021-10-21,0.0079,16.9950,16.7558,-0.9463
2021-10-22,0.0060,16.9243,16.3201,-1.0308
2021-10-25,0.0083,16.9869,16.1344,-1.0625
2021-10-26,0.0086,16.8505,15.9884,-1.0861
2021-10-27,0.0055,16.2117,15.5513,-1.1709
2021-10-28,0.0115,16.1839,15.7113,-1.1293
2021-10-29,0.0129,16.2452,16.0003,-1.0610
2021-11-01,0.0090,15.5050,15.9004,-1.0761
2021-11-02,0.0125,15.2331,16.1405,-1.0187
2021-11-03,0.0090,14.9642,16.0293,-1.0371
2021-11-04,0.0080,14.3984,15.8252,-1.0758
2021-11-05,0.0097,14.5776,15.7991,-1.0756
2021-11-08,0.0053,14.4983,15.3526,-1.1680
2021-11-09,0.0059,13.8404,14.9946,-1.2424
2021-11-10,0.0064,13.7134,14.6998,-1.3036
2021-11-11,0.0070,13.4092,14.4815,-1.3472
2021-11-12,0.0122,13.6321,14.7790,-1.2735
2021-11-15,0.0114,14.1140,14.9778,-1.2213
2021-11-16,0.0091,13.8908,14.9468,-1.2213
2021-11-17,0.0155,14.2955,15.5261,-1.0809
2021-11-18,0.0194,15.2011,16.4384,-0.8635
2021-11-19,0.0165,15.8469,17.0217,-0.7220
2021-11-22,0.0202,16.9208,17.9232,-0.5065
2021-11-23,0.0120,17.2000,17.9931,-0.4845
2021-11-24,0.0100,17.3024,17.8647,-0.5087
2021-11-26,0.0147,17.9984,18.1919,-0.4264
2021-11-29,0.0101,17.8908,18.0579,-0.4528
2021-11-30,0.0134,17.9289,18.2541,-0.4012
2021-12-01,0.0222,18.9217,19.2699,-0.1559
2021-12-02,0.0204,19.5155,20.0560,0.0353
2021-12-03,0.0213,20.4421,20.8773,0.2345
2021-12-06,0.0148,20.9616,21.0370,0.2754
2021-12-07,0.0111,21.0666,20.8305,0.2287
2021-12-08,0.0187,22.0808,21.3600,0.3569
2021-12-09,0.0113,22.4915,21.1590,0.3119
2021-12-10,0.0130,22.9911,21.1238,0.3068
2021-12-13,0.0182,23.8375,21.5865,0.4206
2021-12-14,0.0221,24.5831,22.3972,0.6166
2021-12-15,0.0249,25.6032,23.4242,0.8629
2021-12-16,0.0336,27.4537,25.2181,1.2885
2021-12-17,0.0149,27.4116,25.1281,1.2606
2021-12-20,0.0119,26.8463,24.7521,1.1653
2021-12-21,0.0160,26.8137,24.7954,1.1714
2021-12-22,0.0119,26.1866,24.4403,1.0854
2021-12-23,0.0062,25.7433,23.5607,0.8751
2021-12-27,0.0070,25.5158,22.8115,0.6967
2021-12-28,0.0106,25.2055,22.4509,0.6115
2021-12-29,0.0098,25.1874,22.0386,0.5148
2021-12-30,0.0087,24.8315,21.5474,0.3993
2021-12-31,0.0076,23.7306,20.9786,0.2658
2022-01-03,0.0142,23.2652,21.0758,0.2929
2022-01-04,0.0110,22.4919,20.8616,0.2456
2022-01-05,0.0147,22.4807,21.0080,0.2858
2022-01-06,0.0147,22.7544,21.1481,0.3247
2022-01-07,0.0125,22.2853,21.0675,0.3100
2022-01-10,0.0140,22.4827,21.1328,0.3298
2022-01-11,0.0148,22.6245,21.2779,0.3690
2022-01-12,0.0092,21.9506,20.8822,0.2765
2022-01-13,0.0148,21.4003,21.0418,0.3183
2022-01-14,0.0091,20.2061,20.6454,0.2248
2022-01-18,0.0113,18.5249,20.4876,0.1891
2022-01-19,0.0165,18.6398,20.8263,0.2745
2022-01-20,0.0214,19.3578,21.6131,0.4710
2022-01-21,0.0156,19.3216,21.7991,0.5213
2022-01-24,0.0333,20.9432,23.6670,0.9906
2022-01-25,0.0252,22.3820,24.6467,1.2409
2022-01-26,0.0248,23.7324,25.5338,1.4679
2022-01-27,0.0210,24.5183,26.0001,1.5923
2022-01-28,0.0271,25.8264,27.0231,1.8592
2022-01-31,0.0152,26.3151,26.8486,1.8296
2022-02-01,0.0101,26.5026,26.1980,1.6758
2022-02-02,0.0096,26.1504,25.5382,1.5161
2022-02-03,0.0157,26.5068,25.5053,1.5145
2022-02-04,0.0138,26.4397,25.2887,1.4629
2022-02-07,0.0115,26.1986,24.8680,1.3577
2022-02-08,0.0115,26.1238,24.4700,1.2574
2022-02-09,0.0070,25.5974,23.6679,1.0538
2022-02-10,0.0143,25.5554,23.6080,1.0407
2022-02-11,0.0160,26.0650,23.7145,1.0688
2022-02-14,0.0114,25.8067,23.3788,0.9830
2022-02-15,0.0090,25.7974,22.8305,0.8431
2022-02-16,0.0133,25.9459,22.7286,0.8185
2022-02-17,0.0119,25.6038,22.5018,0.7610
2022-02-18,0.0157,25.1767,22.6500,0.8015
2022-02-22,0.0194,25.4639,23.1356,0.9362
2022-02-23,0.0183,24.3277,23.4917,1.0384
2022-02-24,0.0278,24.5230,24.7280,1.3747
2022-02-25,0.0180,24.0088,24.9624,1.4496
2022-02-28,0.0103,23.1992,24.4429,1.3270
2022-03-01,0.0191,22.5932,24.7956,1.4346
2022-03-02,0.0170,22.7324,24.9302,1.4838
2022-03-03,0.0115,22.8409,24.5314,1.3941
2022-03-04,0.0140,23.1771,24.3953,1.3796
2022-03-07,0.0209,23.5665,24.9216,1.5474
2022-03-08,0.0310,24.8637,26.3745,1.9726
2022-03-09,0.0166,25.2477,26.3725,1.9869
2022-03-10,0.0186,25.7850,26.5612,2.0498
2022-03-11,0.0137,26.2904,26.2704,1.9738
2022-03-14,0.0184,26.5998,26.4442,2.0288
2022-03-15,0.0169,26.6692,26.4680,2.0390
2022-03-16,0.0228,27.5326,27.0549,2.2090
2022-03-17,0.0127,27.8180,26.6457,2.0920
2022-03-18,0.0157,28.0001,26.5444,2.0603
2022-03-21,0.0125,28.0412,26.1404,1.9428
2022-03-22,0.0146,27.9541,25.9605,1.8884
2022-03-23,0.0191,27.9314,26.2189,1.9548
2022-03-24,0.0120,27.4511,25.7847,1.8254
2022-03-25,0.0098,26.0946,25.1744,1.6487
2022-03-28,0.0089,25.4064,24.5149,1.4594
2022-03-29,0.0071,25.1644,23.7172,1.2318
2022-03-30,0.0112,24.5690,23.3634,1.1311
2022-03-31,0.0091,23.9677,22.8262,0.9783
2022-04-01,0.0119,24.0002,22.5946,0.9129
2022-04-04,0.0088,23.6063,22.0783,0.7663
2022-04-05,0.0130,23.0067,21.9882,0.7407
2022-04-06,0.0143,21.7457,22.0282,0.7510
2022-04-07,0.0140,21.5513,22.0421,0.7536
2022-04-08,0.0088,20.8079,21.5539,0.6140
2022-04-11,0.0101,20.5361,21.2211,0.5188
2022-04-12,0.0135,20.1684,21.2346,0.5218
2022-04-13,0.0140,19.9510,21.2970,0.5377
2022-04-14,0.0172,19.5284,21.6617,0.6383
2022-04-18,0.0122,19.4893,21.5268,0.5970
2022-04-19,0.0141,19.3664,21.5777,0.6089
2022-04-20,0.0103,19.2002,21.2623,0.5175
2022-04-21,0.0217,19.7364,22.0508,0.7373
2022-04-22,0.0209,19.8726,22.7153,0.9203
2022-04-25,0.0196,20.4487,23.2173,1.0553
2022-04-26,0.0130,20.6900,23.0650,1.0056
2022-04-27,0.0196,21.4974,23.5493,1.1334
2022-04-28,0.0177,22.2979,23.8183,1.2004
2022-04-29,0.0356,24.1393,25.7786,1.7309
2022-05-02,0.0220,25.1140,26.3246,1.8620
2022-05-03,0.0189,25.6381,26.5434,1.9016
2022-05-04,0.0199,26.4750,26.8447,1.9617
2022-05-05,0.0298,27.7441,28.0678,2.2621
2022-05-06,0.0232,28.4175,28.5915,2.3666
2022-05-09,0.0162,28.5855,28.4232,2.2880
2022-05-10,0.0169,29.2026,28.3297,2.2317
2022-05-11,0.0348,31.0673,29.9399,2.6048
2022-05-12,0.0367,32.8216,31.6407,2.9756
2022-05-13,0.0217,33.4033,31.8116,2.9535
2022-05-16,0.0162,33.3238,31.4453,2.8054
2022-05-17,0.0147,33.5072,30.9545,2.6368
2022-05-18,0.0259,34.3989,31.5632,2.7300
2022-05-19,0.0231,35.3665,31.8680,2.7480
2022-05-20,0.0413,36.8524,33.8922,3.1436
2022-05-23,0.0156,36.4545,33.3449,2.9529
2022-05-24,0.0234,36.7442,33.5742,2.9399
2022-05-25,0.0147,36.8721,32.9616,2.7503
2022-05-26,0.0226,37.0979,33.1366,2.7352
2022-05-27,0.0113,36.6201,32.2283,2.4978
2022-05-31,0.0181,35.3009,32.0219,2.4155
2022-06-01,0.0185,35.0405,31.8652,2.3471
2022-06-02,0.0155,34.7850,31.4296,2.2253
2022-06-03,0.0157,34.4685,31.0389,2.1170
2022-06-06,0.0173,33.5256,30.8223,2.0472
2022-06-07,0.0147,32.8870,30.3761,1.9337
2022-06-08,0.0112,32.5030,29.6169,1.7615
2022-06-09,0.0183,32.6043,29.5793,1.7359
2022-06-10,0.0125,30.9200,28.9924,1.6027
2022-06-13,0.0194,29.6106,29.1001,1.6088
2022-06-14,0.0127,28.9303,28.5663,1.4887
2022-06-15,0.0267,29.7224,29.3929,1.6376
2022-06-16,0.0154,29.7775,29.0946,1.5635
2022-06-17,0.0161,29.0378,28.8829,1.5078
2022-06-21,0.0160,28.4996,28.6703,1.4527
2022-06-22,0.0199,26.8781,28.8433,1.4735
2022-06-23,0.0138,26.7408,28.4260,1.3795
2022-06-24,0.0074,25.5319,27.4272,1.1738
2022-06-27,0.0117,25.3018,26.8936,1.0606
2022-06-28,0.0226,25.2998,27.4301,1.1572
2022-06-29,0.0188,25.8627,27.5734,1.1763
2022-06-30,0.0238,26.2899,28.1845,1.2866
2022-07-01,0.0115,25.7583,27.5883,1.1603
2022-07-05,0.0167,25.8520,27.5274,1.1399
2022-07-06,0.0134,25.6800,27.1540,1.0581
2022-07-07,0.0091,25.0589,26.3880,0.8994
2022-07-08,0.0097,24.6807,25.7314,0.7627
2022-07-11,0.0135,24.8573,25.4734,0.7051
2022-07-12,0.0164,24.7149,25.5049,0.7051
2022-07-13,0.0183,25.1543,25.7161,0.7409
2022-07-14,0.0203,25.2249,26.1094,0.8128
2022-07-15,0.0125,25.2059,25.7311,0.7306
2022-07-18,0.0173,24.4958,25.8330,0.7447
2022-07-19,0.0160,24.5421,25.8067,0.7332
2022-07-20,0.0135,24.3422,25.5404,0.6736
2022-07-21,0.0163,24.3709,25.5646,0.6725
2022-07-22,0.0120,23.7771,25.1757,0.5884
2022-07-25,0.0120,23.6385,24.8037,0.5077
2022-07-26,0.0103,23.8569,24.2974,0.3999
2022-07-27,0.0165,24.2211,24.4105,0.4177
2022-07-28,0.0146,23.6157,24.3332,0.3974
2022-07-29,0.0174,23.5115,24.5311,0.4329
2022-08-01,0.0116,22.5911,24.1650,0.3534
2022-08-02,0.0122,22.6447,23.8774,0.2899
2022-08-03,0.0152,22.5311,23.8961,0.2890
2022-08-04,0.0117,22.4046,23.5812,0.2195
2022-08-05,0.0092,22.4151,23.0428,0.1039
2022-08-08,0.0143,22.7614,23.0232,0.0947
2022-08-09,0.0105,22.5352,22.6427,0.0105
2022-08-10,0.0085,21.9395,22.0935,-0.1090
2022-08-11,0.0102,21.3248,21.7349,-0.1896
2022-08-12,0.0079,20.3872,21.1857,-0.3105
2022-08-15,0.0058,19.8835,20.4681,-0.4678
2022-08-16,0.0083,19.2082,20.0349,-0.5642
2022-08-17,0.0130,18.9852,20.0755,-0.5603
2022-08-18,0.0071,18.5037,19.5463,-0.6763
2022-08-19,0.0083,17.8985,19.1677,-0.7595
2022-08-22,0.0083,17.6188,18.8102,-0.8384
2022-08-23,0.0087,17.3705,18.5073,-0.9057
2022-08-24,0.0078,17.1830,18.1425,-0.9863
2022-08-25,0.0059,16.3828,17.6166,-1.1008
2022-08-26,0.0183,16.6632,18.3002,-0.9578
2022-08-29,0.0135,16.3655,18.4850,-0.9224
2022-08-30,0.0174,16.8002,19.0294,-0.8091
2022-08-31,0.0094,16.5873,18.7818,-0.8669
2022-09-01,0.0161,16.6538,19.1899,-0.7832
2022-09-02,0.0185,17.1669,19.8040,-0.6549
2022-09-06,0.0134,17.4835,19.8910,-0.6415
2022-09-07,0.0132,17.3981,19.9530,-0.6335
2022-09-08,0.0168,17.8756,20.3584,-0.5502
2022-09-09,0.0117,18.1147,20.2475,-0.5804
2022-09-12,0.0159,18.5465,20.5436,-0.5196
2022-09-13,0.0216,19.5812,21.3697,-0.3416
2022-09-14,0.0157,20.3323,21.5875,-0.2974
2022-09-15,0.0152,20.8523,21.7423,-0.2668
2022-09-16,0.0139,20.9171,21.7620,-0.2667
2022-09-19,0.0141,21.4478,21.8004,-0.2626
2022-09-20,0.0179,22.1696,22.1960,-0.1780
2022-09-21,0.0182,22.9188,22.6008,-0.0914
2022-09-22,0.0164,23.5049,22.8089,-0.0490
2022-09-23,0.0134,23.9226,22.7123,-0.0758
2022-09-26,0.0187,24.8893,23.1303,0.0137
2022-09-27,0.0218,25.1542,23.8168,0.1644
2022-09-28,0.0262,26.1164,24.8830,0.4022
2022-09-29,0.0253,26.7171,25.8005,0.6062
2022-09-30,0.0217,27.6477,26.3191,0.7189
2022-10-03,0.0195,27.9066,26.6012,0.7773
2022-10-04,0.0084,27.1387,25.8031,0.5879
2022-10-05,0.0188,27.5480,26.0459,0.6381
2022-10-06,0.0111,27.3899,25.5393,0.5160
2022-10-07,0.0148,27.2333,25.4122,0.4813
2022-10-10,0.0167,27.6175,25.4821,0.4920
2022-10-11,0.0153,27.5743,25.4099,0.4698
2022-10-12,0.0106,26.7414,24.8945,0.3446
2022-10-13,0.0304,27.8459,26.2924,0.6646
2022-10-14,0.0180,28.0533,26.4263,0.6897
2022-10-17,0.0117,27.8903,25.9596,0.5743
2022-10-18,0.0290,29.0183,27.1674,0.8516
2022-10-19,0.0142,28.7377,26.8874,0.7790
2022-10-20,0.0158,28.5538,26.7790,0.7470
2022-10-21,0.0169,28.5898,26.7818,0.7414
2022-10-24,0.0178,28.9287,26.8738,0.7571
2022-10-25,0.0114,28.3758,26.3455,0.6245
2022-10-26,0.0174,28.0438,26.4207,0.6366
2022-10-27,0.0193,27.5189,26.6693,0.6911
2022-10-28,0.0326,28.0674,28.1707,1.0518
2022-10-31,0.0107,27.2354,27.4988,0.8808
2022-11-01,0.0232,27.5098,28.0559,1.0125
2022-11-02,0.0298,29.1316,29.2140,1.2931
2022-11-03,0.0147,28.8209,28.8607,1.1983
2022-11-04,0.0390,30.9311,30.8441,1.6862
2022-11-07,0.0159,31.0213,30.5123,1.5940
2022-11-08,0.0196,31.2347,30.5451,1.5950
2022-11-09,0.0122,30.9982,29.8710,1.4190
2022-11-10,0.0271,32.2467,30.6611,1.6162
2022-11-11,0.0216,31.5870,30.8818,1.6689
2022-11-14,0.0132,31.2286,30.2888,1.5113
2022-11-15,0.0218,31.9863,30.5451,1.5742
2022-11-16,0.0122,30.7136,29.8741,1.3943
2022-11-17,0.0179,30.9932,29.7839,1.3664
2022-11-18,0.0121,30.7100,29.1449,1.1898
2022-11-21,0.0088,30.0990,28.2360,0.9387
2022-11-22,0.0142,29.8265,27.8974,0.8405
2022-11-23,0.0096,29.6905,27.1362,0.6262
2022-11-25,0.0084,29.0087,26.3050,0.3909
2022-11-28,0.0154,28.7173,26.1933,0.3535
2022-11-29,0.0175,27.5753,26.2844,0.3724
2022-11-30,0.0280,28.8852,27.3762,0.6735
2022-12-01,0.0120,28.0441,26.8807,0.5272
2022-12-02,0.0082,26.4068,26.0464,0.2843
2022-12-05,0.0241,27.1159,26.7766,0.4872
2022-12-06,0.0193,25.6297,27.0124,0.5490
2022-12-07,0.0159,25.6261,26.9060,0.5129
2022-12-08,0.0120,25.0510,26.4306,0.3712
2022-12-09,0.0230,25.8734,27.0396,0.5410
2022-12-12,0.0152,24.9709,26.8624,0.4844
2022-12-13,0.0217,24.9752,27.3163,0.6100
2022-12-14,0.0254,25.8958,28.0973,0.8296
2022-12-15,0.0209,25.8298,28.4019,0.9110
2022-12-16,0.0178,26.2548,28.3949,0.9039
2022-12-19,0.0162,26.1268,28.2323,0.8521
2022-12-20,0.0175,26.5417,28.2092,0.8404
2022-12-21,0.0180,27.2337,28.2282,0.8408
2022-12-22,0.0205,27.7065,28.4860,0.9089
2022-12-23,0.0143,28.0653,28.1416,0.8041
2022-12-27,0.0131,28.4262,27.7047,0.6733
2022-12-28,0.0223,28.9451,28.1629,0.7984
2022-12-29,0.0129,28.5988,27.6994,0.6596
2022-12-30,0.0118,27.3695,27.1574,0.4984
2023-01-03,0.0274,28.5286,28.1356,0.7734
2023-01-04,0.0198,29.4063,28.3318,0.8233
2023-01-05,0.0133,28.5892,27.8954,0.6909
2023-01-06,0.0242,28.9595,28.5307,0.8680
2023-01-09,0.0188,29.1823,28.6138,0.8850
2023-01-10,0.0170,29.5614,28.5137,0.8490
2023-01-11,0.0125,28.7649,27.9941,0.6913
2023-01-12,0.0149,28.7405,27.7289,0.6079
2023-01-13,0.0117,27.9869,27.1813,0.4418
2023-01-17,0.0157,27.2499,27.0417,0.3951
2023-01-18,0.0170,26.9536,27.0362,0.3876
2023-01-19,0.0118,26.4964,26.5352,0.2333
2023-01-20,0.0158,26.4705,26.4515,0.2026
2023-01-23,0.0238,26.9427,27.1302,0.3999
2023-01-24,0.0104,26.3714,26.4941,0.2043
2023-01-25,0.0177,26.1604,26.5901,0.2299
2023-01-26,0.0111,25.9163,26.0519,0.0664
2023-01-27,0.0163,26.1579,26.0448,0.0636
2023-01-30,0.0102,25.2448,25.4521,-0.1140
2023-01-31,0.0075,24.8367,24.6370,-0.3562
2023-02-01,0.0252,25.8541,25.5607,-0.0769
2023-02-02,0.0118,24.6752,25.1493,-0.1994
2023-02-03,0.0354,25.8549,27.0111,0.3587
2023-02-06,0.0102,25.6260,26.3655,0.1636
2023-02-07,0.0136,24.8184,26.0750,0.0753
2023-02-08,0.0136,24.4228,25.8071,-0.0064
2023-02-09,0.0137,24.1770,25.5656,-0.0804
2023-02-10,0.0076,23.8092,24.7594,-0.3244
2023-02-13,0.0100,23.4414,24.2249,-0.4863
2023-02-14,0.0128,23.5212,23.9881,-0.5580
2023-02-15,0.0080,22.9439,23.3127,-0.7614
2023-02-16,0.0136,22.6874,23.2079,-0.7937
2023-02-17,0.0100,22.5516,22.7654,-0.9271
2023-02-21,0.0116,22.2319,22.5050,-1.0056
2023-02-22,0.0133,21.4375,22.4195,-1.0308
2023-02-23,0.0145,21.7428,22.4509,-1.0197
2023-02-24,0.0069,20.9260,21.7603,-1.2231
2023-02-27,0.0082,20.7033,21.2312,-1.3730
2023-02-28,0.0106,20.2731,20.9713,-1.4402
2023-03-01,0.0086,20.1517,20.5301,-1.5600
2023-03-02,0.0120,20.4940,20.4416,-1.5736
2023-03-03,0.0129,19.5629,20.4438,-1.5602
2023-03-06,0.0130,19.6524,20.4521,-1.5460
2023-03-07,0.0104,17.7610,20.2126,-1.6034
2023-03-08,0.0076,17.5611,19.7231,-1.7297
2023-03-09,0.0159,17.7378,20.0538,-1.6183
2023-03-10,0.0141,17.7730,20.1915,-1.5640
2023-03-13,0.0230,18.4780,21.1752,-1.2719
2023-03-14,0.0144,18.9900,21.2776,-1.2333
2023-03-15,0.0137,19.2695,21.3041,-1.2165
2023-03-16,0.0164,19.5408,21.5845,-1.1286
2023-03-17,0.0103,19.7147,21.2724,-1.2074
2023-03-20,0.0138,19.7322,21.3120,-1.1871
2023-03-21,0.0102,19.7516,21.0078,-1.2628
2023-03-22,0.0183,20.2540,21.4858,-1.1206
2023-03-23,0.0171,20.5459,21.8292,-1.0176
2023-03-24,0.0097,20.1830,21.4388,-1.1188
2023-03-27,0.0111,20.5025,21.2115,-1.1740
2023-03-28,0.0112,20.7341,21.0073,-1.2225
2023-03-29,0.0052,20.3204,20.2395,-1.4253
2023-03-30,0.0042,19.9867,19.4216,-1.6384
2023-03-31,0.0096,19.8021,19.1671,-1.6951
2023-04-03,0.0052,19.2223,18.5153,-1.8576
2023-04-04,0.0064,18.7272,18.0154,-1.9753
2023-04-05,0.0136,18.9687,18.2265,-1.9031
2023-04-06,0.0096,19.1202,18.0470,-1.9356
2023-04-10,0.0082,18.5410,17.7484,-1.9977
2023-04-11,0.0055,17.8916,17.2062,-2.1203
2023-04-12,0.0090,16.8322,17.0343,-2.1450
2023-04-13,0.0116,16.6224,17.1207,-2.1039
2023-04-14,0.0105,16.3782,17.0889,-2.0939
2023-04-17,0.0058,15.5807,16.6174,-2.1937
2023-04-18,0.0073,15.3558,16.3199,-2.2452
2023-04-19,0.0088,14.9736,16.1751,-2.2571
2023-04-20,0.0096,14.9238,16.1163,-2.2470
2023-04-21,0.0084,14.1771,15.9470,-2.2646
2023-04-24,0.0072,13.4282,15.6792,-2.3025
2023-04-25,0.0097,13.4293,15.6591,-2.2781
2023-04-26,0.0104,13.3714,15.7057,-2.2377
2023-04-27,0.0077,13.1088,15.5009,-2.2573
2023-04-28,0.0070,13.2465,15.2370,-2.2884
2023-05-01,0.0075,13.4959,15.0336,-2.3036
2023-05-02,0.0103,13.5512,15.1120,-2.2524
2023-05-03,0.0138,14.1983,15.5189,-2.1296
2023-05-04,0.0112,14.5563,15.6497,-2.0724
2023-05-05,0.0111,14.3699,15.7679,-2.0199
2023-05-08,0.0061,14.1053,15.4025,-2.0750
2023-05-09,0.0065,13.9721,15.0949,-2.1157
2023-05-10,0.0085,14.1990,14.9978,-2.1094
2023-05-11,0.0099,14.2618,15.0374,-2.0738
2023-05-12,0.0120,14.2862,15.2744,-1.9988
2023-05-15,0.0060,13.9470,14.9260,-2.0525
2023-05-16,0.0055,13.9222,14.5530,-2.1103
2023-05-17,0.0097,14.1014,14.6051,-2.0763
2023-05-18,0.0080,14.0409,14.4870,-2.0781
2023-05-19,0.0039,13.6116,13.9885,-2.1600
2023-05-22,0.0051,13.3608,13.6309,-2.2107
2023-05-23,0.0065,13.3050,13.4318,-2.2327
2023-05-24,0.0073,13.1298,13.3258,-2.2334
2023-05-25,0.0088,13.0123,13.3644,-2.2051
2023-05-26,0.0077,13.0111,13.2985,-2.1975
2023-05-30,0.0096,13.2044,13.4103,-2.1542
2023-05-31,0.0103,13.4175,13.5850,-2.0970
2023-06-01,0.0095,13.3593,13.6770,-2.0578
2023-06-02,0.0099,13.0627,13.7963,-2.0137
2023-06-05,0.0248,14.0951,15.3313,-1.6803
2023-06-06,0.0103,14.0354,15.3933,-1.6538
2023-06-07,0.0152,14.7229,15.9167,-1.5327
2023-06-08,0.0096,14.9597,15.8766,-1.5286
2023-06-09,0.0060,14.7680,15.4911,-1.5948
2023-06-12,0.0074,14.5804,15.2646,-1.6272
2023-06-13,0.0064,14.1573,14.9550,-1.6755
2023-06-14,0.0089,14.3819,14.9087,-1.6693
2023-06-15,0.0079,14.5627,14.7646,-1.6826
2023-06-16,0.0084,14.4640,14.6796,-1.6845
2023-06-20,0.0061,14.3254,14.3824,-1.7288
2023-06-21,0.0104,14.8146,14.5066,-1.6872
2023-06-22,0.0068,14.9493,14.2876,-1.7151
2023-06-23,0.0089,15.1321,14.2794,-1.7005
2023-06-26,0.0093,15.2816,14.3110,-1.6778
2023-06-27,0.0073,15.1705,14.1504,-1.6931
2023-06-28,0.0074,15.1486,14.0098,-1.7039
2023-06-29,0.0039,14.7192,13.5378,-1.7798
2023-06-30,0.0091,14.6284,13.5905,-1.7511
2023-07-03,0.0065,14.4007,13.3953,-1.7718
2023-07-05,0.0087,14.3098,13.4169,-1.7494
2023-07-06,0.0083,13.0592,13.3989,-1.7351
2023-07-07,0.0087,12.9341,13.4193,-1.7135
2023-07-10,0.0109,12.6065,13.6483,-1.6519
2023-07-11,0.0095,12.5996,13.7356,-1.6186
2023-07-12,0.0120,13.0575,14.0556,-1.5415
2023-07-13,0.0052,12.8951,13.7106,-1.5926
2023-07-14,0.0056,12.8340,13.4173,-1.6328
2023-07-17,0.0063,12.6319,13.2085,-1.6561
2023-07-18,0.0069,12.5562,13.0710,-1.6653
2023-07-19,0.0191,13.3679,14.1104,-1.4539
2023-07-20,0.0130,13.8874,14.5019,-1.3675
2023-07-21,0.0118,13.9958,14.7556,-1.3082
2023-07-24,0.0095,14.1955,14.7733,-1.2938
2023-07-25,0.0055,13.9353,14.4080,-1.3509
2023-07-26,0.0080,13.8354,14.3060,-1.3582
2023-07-27,0.0143,14.3630,14.8105,-1.2533
2023-07-28,0.0082,14.4222,14.7049,-1.2625
2023-07-31,0.0043,14.4520,14.2288,-1.3398
2023-08-01,0.0048,14.1310,13.8355,-1.4004
2023-08-02,0.0093,14.3391,13.8878,-1.3786
2023-08-03,0.0061,14.1425,13.6322,-1.4133
2023-08-04,0.0172,14.8155,14.4493,-1.2526
2023-08-07,0.0197,15.6478,15.4553,-1.0600
2023-08-08,0.0106,15.6302,15.5399,-1.0370
2023-08-09,0.0124,15.8485,15.7888,-0.9846
2023-08-10,0.0113,15.7922,15.9147,-0.9551
2023-08-11,0.0081,16.0072,15.7291,-0.9825
2023-08-14,0.0079,16.1825,15.5356,-1.0111
2023-08-15,0.0082,16.3328,15.3890,-1.0314
2023-08-16,0.0079,16.4089,15.2166,-1.0565
2023-08-17,0.0118,15.8563,15.4310,-1.0124
2023-08-18,0.0101,15.6375,15.4676,-1.0006
2023-08-21,0.0093,15.4462,15.4223,-1.0039
2023-08-22,0.0057,15.1591,15.0382,-1.0678
2023-08-23,0.0089,15.4189,14.9844,-1.0725
2023-08-24,0.0135,15.8372,15.3748,-0.9988
2023-08-25,0.0126,15.7044,15.6479,-0.9470
2023-08-28,0.0080,15.6897,15.4735,-0.9755
2023-08-29,0.0145,16.4658,15.9292,-0.8916
2023-08-30,0.0076,16.6741,15.6964,-0.9298
2023-08-31,0.0062,16.4393,15.3411,-0.9886
2023-09-01,0.0061,16.4443,15.0046,-1.0437
2023-09-05,0.0075,15.7173,14.8234,-1.0705
2023-09-06,0.0214,15.8463,15.9694,-0.8640
2023-09-07,0.0168,16.3131,16.6114,-0.7476
2023-09-08,0.0097,16.1058,16.5347,-0.7578
2023-09-11,0.0114,16.1191,16.6327,-0.7372
2023-09-12,0.0180,16.8681,17.3477,-0.6089
2023-09-13,0.0106,17.0734,17.3158,-0.6118
2023-09-14,0.0081,17.0623,17.0484,-0.6552
2023-09-15,0.0095,17.1836,16.9292,-0.6723
2023-09-18,0.0117,17.1694,17.0231,-0.6521
2023-09-19,0.0083,17.0336,16.7930,-0.6883
2023-09-20,0.0109,17.1569,16.8235,-0.6789
2023-09-21,0.0096,17.4533,16.7288,-0.6912
2023-09-22,0.0122,17.7018,16.8867,-0.6592
2023-09-25,0.0092,17.3733,16.7491,-0.6786
2023-09-26,0.0102,17.1925,16.7119,-0.6805
2023-09-27,0.0145,17.6789,17.0865,-0.6107
2023-09-28,0.0177,17.9175,17.7460,-0.4915
2023-09-29,0.0109,18.1642,17.7150,-0.4923
2023-10-02,0.0104,18.4824,17.6396,-0.5004
2023-10-03,0.0115,18.8902,17.6790,-0.4883
2023-10-04,0.0095,19.0380,17.5236,-0.5101
2023-10-05,0.0105,18.2179,17.4743,-0.5136
2023-10-06,0.0143,18.0297,17.7888,-0.4533
2023-10-09,0.0105,18.0915,17.7193,-0.4607
2023-10-10,0.0069,17.7498,17.3158,-0.5266
2023-10-11,0.0070,16.9161,16.9393,-0.5876
2023-10-12,0.0127,17.0773,17.1350,-0.5478
2023-10-13,0.0120,17.3688,17.2457,-0.5233
2023-10-16,0.0076,17.2223,16.9302,-0.5735
2023-10-17,0.0144,17.4293,17.2847,-0.5053
2023-10-18,0.0099,17.5467,17.1869,-0.5173
2023-10-19,0.0104,17.5102,17.1478,-0.5185
2023-10-20,0.0072,17.3311,16.8080,-0.5733
2023-10-23,0.0150,17.5415,17.2263,-0.4930
2023-10-24,0.0090,17.5262,17.0489,-0.5191
2023-10-25,0.0095,17.4766,16.9312,-0.5345
2023-10-26,0.0202,17.9133,17.8430,-0.3653
2023-10-27,0.0075,17.1463,17.4907,-0.4235
2023-10-30,0.0084,16.9577,17.2373,-0.4637
2023-10-31,0.0114,17.0355,17.2886,-0.4485
2023-11-01,0.0131,17.1510,17.4946,-0.4052
2023-11-02,0.0058,16.8745,17.0018,-0.4893
2023-11-03,0.0111,16.9193,17.0403,-0.4761
2023-11-06,0.0080,16.4457,16.7841,-0.5173
2023-11-07,0.0101,16.4162,16.7377,-0.5197
2023-11-08,0.0070,16.4194,16.3971,-0.5775
2023-11-09,0.0087,16.5535,16.2447,-0.6004
2023-11-10,0.0083,16.2169,16.0580,-0.6299
2023-11-13,0.0061,15.7705,15.6709,-0.6985
2023-11-14,0.0068,15.7124,15.3766,-0.7502
2023-11-15,0.0064,15.1105,15.0661,-0.8054
2023-11-16,0.0086,15.0147,14.9806,-0.8171
2023-11-17,0.0065,14.7188,14.7010,-0.8672
2023-11-20,0.0055,14.5907,14.3466,-0.9327
2023-11-21,0.0061,13.9201,14.0676,-0.9831
2023-11-22,0.0077,13.8239,13.9586,-0.9989
2023-11-24,0.0054,13.5129,13.6344,-1.0581
2023-11-27,0.0066,12.4805,13.4432,-1.0898
2023-11-28,0.0059,12.3569,13.1991,-1.1318
2023-11-29,0.0104,12.5146,13.4019,-1.0823
2023-11-30,0.0080,12.2540,13.3550,-1.0842
2023-12-01,0.0081,11.8818,13.3281,-1.0828
2023-12-04,0.0096,12.1634,13.4401,-1.0525
2023-12-05,0.0115,12.1939,13.7307,-0.9848
2023-12-06,0.0069,12.1039,13.5597,-1.0136
2023-12-07,0.0047,11.6970,13.1941,-1.0834
2023-12-08,0.0069,11.6926,13.0605,-1.1045
2023-12-11,0.0076,11.6074,13.0010,-1.1097
2023-12-12,0.0097,11.7120,13.1406,-1.0734
2023-12-13,0.0068,11.7683,12.9996,-1.0967
2023-12-14,0.0124,12.1900,13.3969,-1.0055
2023-12-15,0.0050,12.0827,13.0699,-1.0708
2023-12-18,0.0081,12.0436,13.0550,-1.0693
2023-12-19,0.0029,11.7722,12.5490,-1.1753
2023-12-20,0.0079,11.9501,12.5478,-1.1709
2023-12-21,0.0122,12.4068,12.9523,-1.0767
2023-12-22,0.0073,12.3760,12.8713,-1.0907
2023-12-26,0.0034,12.2281,12.4260,-1.1878
2023-12-27,0.0086,12.3809,12.4998,-1.1671
2023-12-28,0.0051,12.3221,12.2383,-1.2229
2023-12-29,0.0087,12.1926,12.3355,-1.1971
2024-01-02,0.0165,12.8414,13.1701,-0.9978
2024-01-03,0.0094,12.9360,13.2735,-0.9689
2024-01-04,0.0085,12.8586,13.2912,-0.9617
2024-01-05,0.0097,12.7215,13.4180,-0.9285
2024-01-08,0.0106,13.0028,13.6202,-0.8760
2024-01-09,0.0083,13.2782,13.5980,-0.8795
2024-01-10,0.0072,13.2990,13.4663,-0.9113
2024-01-11,0.0127,13.6840,13.8676,-0.8071
2024-01-12,0.0059,13.3982,13.5951,-0.8759
2024-01-16,0.0119,13.7831,13.9118,-0.7901
2024-01-17,0.0090,13.5319,13.9378,-0.7801
2024-01-18,0.0092,13.8498,13.9790,-0.7659
2024-01-19,0.0091,13.9245,14.0037,-0.7562
2024-01-22,0.0100,14.4577,14.1125,-0.7222
2024-01-23,0.0070,14.3865,13.9279,-0.7715
2024-01-24,0.0068,13.9803,13.7376,-0.8249
2024-01-25,0.0110,14.2575,13.9589,-0.7577
2024-01-26,0.0084,14.6350,13.9239,-0.7661
2024-01-29,0.0097,14.7151,14.0088,-0.7378
2024-01-30,0.0130,15.3137,14.4110,-0.6106
2024-01-31,0.0056,15.0785,14.0814,-0.7101
2024-02-01,0.0071,14.3631,13.9100,-0.7607
2024-02-02,0.0236,15.4386,15.3240,-0.2992
2024-02-05,0.0128,15.7572,15.6202,-0.1933
2024-02-06,0.0051,15.4107,15.1707,-0.3358
2024-02-07,0.0082,15.2274,15.0367,-0.3753
2024-02-08,0.0074,15.1577,14.8417,-0.4385
2024-02-09,0.0074,15.1753,14.6576,-0.5008
2024-02-12,0.0057,14.6464,14.3209,-0.6231
2024-02-13,0.0100,14.9607,14.4174,-0.5838
2024-02-14,0.0112,14.9090,14.6195,-0.5015
2024-02-15,0.0121,15.1400,14.8942,-0.3873
2024-02-16,0.0117,15.3263,15.1127,-0.2920
2024-02-20,0.0094,15.3553,15.1059,-0.2868
2024-02-21,0.0086,15.2505,15.0165,-0.3165
2024-02-22,0.0091,15.4160,14.9862,-0.3219
2024-02-23,0.0068,15.4173,14.7341,-0.4239
2024-02-26,0.0073,15.1419,14.5485,-0.4996
2024-02-27,0.0161,15.7249,15.2127,-0.1962
2024-02-28,0.0110,15.8282,15.3505,-0.1252
2024-02-29,0.0117,15.7293,15.5475,-0.0258
2024-03-01,0.0124,16.2450,15.7996,0.1003
2024-03-04,0.0120,16.6161,15.9926,0.2007
2024-03-05,0.0097,15.5678,15.9609,0.1962
2024-03-06,0.0079,15.2039,15.7604,0.1107
2024-03-07,0.0093,15.5216,15.7027,0.0925
2024-03-08,0.0186,16.3115,16.5321,0.5064
2024-03-11,0.0095,16.4674,16.4438,0.4746
2024-03-12,0.0124,16.8423,16.6359,0.5827
2024-03-13,0.0080,17.0195,16.4038,0.4838
2024-03-14,0.0092,16.9581,16.2980,0.4478
2024-03-15,0.0081,16.7199,16.0871,0.3559
2024-03-18,0.0155,16.9800,16.6015,0.6509
2024-03-19,0.0131,17.0876,16.8531,0.8112
2024-03-20,0.0099,17.1208,16.7837,0.7991
2024-03-21,0.0178,17.8212,17.4762,1.2159
2024-03-22,0.0122,18.0510,17.5878,1.3165
2024-03-25,0.0103,18.3134,17.5102,1.3151
2024-03-26,0.0076,18.3303,17.1793,1.1559
2024-03-27,0.0098,17.8518,17.0829,1.1342
2024-03-28,0.0070,17.5494,16.7274,0.9448
2024-04-01,0.0060,17.1164,16.2962,0.6909
2024-04-02,0.0046,16.5210,15.7533,0.3491
2024-04-03,0.0082,16.2327,15.5857,0.2502
2024-04-04,0.0117,16.3795,15.7634,0.3815
2024-04-05,0.0060,16.2323,15.3892,0.1341
2024-04-08,0.0034,15.7853,14.7906,-0.2706
2024-04-09,0.0063,14.8547,14.5022,-0.4643
2024-04-10,0.0074,14.6991,14.3396,-0.5719
2024-04-11,0.0177,15.1042,15.1684,0.0166
2024-04-12,0.0145,15.5950,15.6427,0.3566
2024-04-15,0.0137,15.9370,16.0135,0.6243
2024-04-16,0.0210,16.9153,17.0524,1.3630
2024-04-17,0.0093,16.4474,16.9193,1.2663
2024-04-18,0.0080,16.0632,16.6677,1.0856
2024-04-19,0.0088,15.9832,16.5086,0.9710
2024-04-22,0.0105,15.4309,16.5217,0.9782
2024-04-23,0.0070,15.0377,16.1952,0.7460
2024-04-24,0.0092,14.9597,16.1029,0.6790
2024-04-25,0.0102,15.1584,16.1068,0.6801
2024-04-26,0.0087,15.0757,15.9705,0.5828
2024-04-29,0.0119,15.4408,16.1419,0.7015
2024-04-30,0.0173,16.2975,16.8251,1.1761
2024-05-01,0.0149,17.0756,17.2309,1.4496
2024-05-02,0.0102,17.2312,17.1707,1.3962
2024-05-03,0.0125,17.2892,17.3263,1.4934
2024-05-06,0.0145,17.9314,17.6676,1.7153
2024-05-07,0.0134,18.6834,17.8798,1.8442
2024-05-08,0.0063,18.6822,17.4046,1.5055
2024-05-09,0.0071,18.6571,17.0362,1.2444
2024-05-10,0.0095,18.0372,16.9221,1.1584
2024-05-13,0.0090,17.6194,16.7647,1.0444
2024-05-14,0.0076,17.1535,16.4812,0.8476
2024-05-15,0.0107,16.3774,16.5141,0.8644
2024-05-16,0.0049,16.0441,15.9934,0.5082
2024-05-17,0.0060,15.8879,15.6006,0.2399
2024-05-20,0.0092,15.9195,15.5452,0.1997
2024-05-21,0.0053,15.5217,15.1150,-0.0947
2024-05-22,0.0083,15.6214,14.9985,-0.1778
2024-05-23,0.0093,15.6242,14.9814,-0.1941
2024-05-24,0.0087,15.5112,14.9103,-0.2478
2024-05-28,0.0136,15.8773,15.3071,0.0184
2024-05-29,0.0099,15.7295,15.3320,0.0300
2024-05-30,0.0055,14.8313,14.9321,-0.2503
2024-05-31,0.0095,14.4246,14.9390,-0.2499
2024-06-03,0.0083,14.2756,14.8286,-0.3304
2024-06-04,0.0083,13.9609,14.7283,-0.4034
2024-06-05,0.0072,13.4073,14.5279,-0.5403
2024-06-06,0.0075,12.9647,14.3708,-0.6462
2024-06-07,0.0072,13.0353,14.1950,-0.7629
2024-06-10,0.0143,13.5802,14.7058,-0.4051
2024-06-11,0.0229,14.5942,16.0092,0.4981
2024-06-12,0.0407,16.9901,18.9254,2.4805
2024-06-13,0.0169,17.6975,19.4036,2.7537
2024-06-14,0.0122,17.8092,19.4019,2.7007
2024-06-17,0.0180,18.8002,19.9566,3.0013
2024-06-18,0.0158,19.5458,20.2654,3.1268
2024-06-20,0.0130,19.8298,20.2880,3.0693
2024-06-21,0.0136,20.4617,20.3694,3.0495
2024-06-24,0.0206,21.3894,21.1066,3.4094
2024-06-25,0.0093,21.3936,20.7283,3.1070
2024-06-26,0.0131,21.7238,20.7283,3.0373
2024-06-27,0.0111,21.5355,20.5388,2.8676
2024-06-28,0.0119,21.6841,20.4370,2.7560
2024-07-01,0.0125,22.2169,20.4022,2.6884
2024-07-02,0.0125,22.4455,20.3689,2.6245
2024-07-03,0.0068,22.3366,19.7955,2.2769
2024-07-05,0.0078,22.2964,19.3465,2.0076
2024-07-08,0.0143,22.8337,19.5461,2.0911
2024-07-09,0.0092,22.9604,19.2475,1.9085
2024-07-10,0.0063,22.8896,18.6900,1.5927
2024-07-11,0.0176,23.1405,19.2471,1.8718
2024-07-12,0.0113,22.2615,19.1706,1.8110
2024-07-15,0.0112,20.0293,19.0845,1.7473
2024-07-16,0.0119,19.6468,19.0711,1.7234
2024-07-17,0.0148,19.8429,19.3365,1.8455
2024-07-18,0.0193,19.9389,20.0161,2.1781
2024-07-19,0.0110,19.5727,19.8600,2.0698
2024-07-22,0.0121,19.5024,19.8183,2.0224
2024-07-23,0.0133,19.4758,19.8943,2.0356
2024-07-24,0.0192,19.3695,20.5261,2.3246
2024-07-25,0.0198,20.1624,21.1817,2.6113
2024-07-26,0.0111,20.0146,20.9683,2.4639
2024-07-29,0.0109,20.0054,20.7528,2.3214
2024-07-30,0.0136,20.1360,20.8027,2.3109
2024-07-31,0.0100,19.9457,20.5061,2.1380
2024-08-01,0.0169,20.2797,20.8875,2.2898
2024-08-02,0.0251,21.6616,22.0242,2.7814
2024-08-05,0.0519,25.0007,25.6486,4.3150
2024-08-06,0.0301,26.1991,26.9802,4.6855
2024-08-07,0.0228,27.2293,27.5336,4.6867
2024-08-08,0.0179,28.1116,27.5906,4.4976
2024-08-09,0.0104,27.5628,26.9222,4.0712
2024-08-12,0.0120,27.6141,26.4498,3.7617
2024-08-13,0.0067,27.2745,25.4991,3.3156
2024-08-14,0.0101,27.1424,24.9344,3.0379
2024-08-15,0.0082,26.6411,24.2163,2.7261
2024-08-16,0.0081,25.7906,23.5314,2.4429
2024-08-19,0.0093,25.6628,23.0034,2.2255
2024-08-20,0.0050,25.1262,22.0970,1.8886
2024-08-21,0.0091,24.8131,21.6418,1.7135
2024-08-22,0.0106,24.1662,21.3536,1.5988
2024-08-23,0.0117,23.5541,21.1884,1.5278
2024-08-26,0.0106,23.5134,20.9232,1.4249
2024-08-27,0.0110,23.5190,20.7175,1.3439
2024-08-28,0.0124,23.4265,20.6530,1.3111
2024-08-29,0.0123,23.6044,20.5896,1.2795
2024-08-30,0.0084,22.9620,20.1566,1.1257
2024-09-03,0.0188,22.4829,20.7335,1.3078
2024-09-04,0.0137,19.5900,20.7902,1.3155
2024-09-05,0.0124,18.2455,20.7192,1.2810
2024-09-06,0.0150,17.6572,20.9069,1.3323
2024-09-09,0.0147,17.4137,21.0548,1.3702
2024-09-10,0.0150,17.7608,21.2159,1.4116
2024-09-11,0.0163,18.0886,21.4989,1.4916
2024-09-12,0.0119,18.4812,21.3399,1.4286
2024-09-13,0.0060,18.1722,20.6355,1.1915
2024-09-16,0.0108,18.3717,20.4266,1.1166
2024-09-17,0.0073,18.3122,19.8942,0.9386
2024-09-18,0.0140,18.6704,20.0358,0.9787
2024-09-19,0.0122,19.2139,19.9921,0.9587
2024-09-20,0.0161,19.7392,20.3252,1.0592
2024-09-23,0.0111,19.7729,20.1585,0.9992
2024-09-24,0.0107,19.6957,19.9676,0.9325
2024-09-25,0.0094,19.6114,19.6695,0.8321
2024-09-26,0.0096,19.5046,19.4045,0.7432
2024-09-27,0.0066,19.0701,18.8713,0.5702
2024-09-30,0.0065,18.6253,18.3543,0.4043
2024-10-01,0.0161,19.2035,18.7839,0.5398
2024-10-02,0.0134,18.8017,18.9369,0.5866
2024-10-03,0.0109,18.5909,18.8358,0.5526
2024-10-04,0.0117,18.5436,18.8225,0.5464
2024-10-07,0.0114,18.2665,18.7749,0.5293
2024-10-08,0.0076,17.7262,18.3699,0.3996
2024-10-09,0.0098,17.3344,18.1985,0.3444
2024-10-10,0.0063,16.5795,17.7113,0.1888
2024-10-11,0.0043,16.0063,17.0573,-0.0194
2024-10-14,0.0066,16.0454,16.6591,-0.1454
2024-10-15,0.0154,16.3925,17.1262,0.0033
2024-10-16,0.0070,16.3687,16.7618,-0.1124
2024-10-17,0.0095,16.0308,16.6656,-0.1422
2024-10-18,0.0057,15.5450,16.2121,-0.2852
2024-10-21,0.0048,14.6924,15.6976,-0.4469
2024-10-22,0.0096,14.5822,15.6697,-0.4541
2024-10-23,0.0207,15.3406,16.7037,-0.1248
2024-10-24,0.0072,15.1743,16.3919,-0.2231
2024-10-25,0.0102,15.2194,16.3805,-0.2260
2024-10-28,0.0066,15.2170,16.0257,-0.3364
2024-10-29,0.0059,15.1747,15.6261,-0.4608
2024-10-30,0.0099,14.7076,15.6309,-0.4571
2024-10-31,0.0102,14.4637,15.6657,-0.4438
2024-11-01,0.0152,14.7897,16.1716,-0.2816
2024-11-04,0.0094,14.6153,16.0984,-0.3036
2024-11-05,0.0076,14.3349,15.8610,-0.3773
2024-11-06,0.0154,14.9285,16.3788,-0.2126
2024-11-07,0.0068,14.7005,16.0395,-0.3192
2024-11-08,0.0070,14.7473,15.7409,-0.4130
2024-11-11,0.0131,15.4141,16.0451,-0.3163
2024-11-12,0.0070,15.4445,15.7462,-0.4106
2024-11-13,0.0118,15.1763,15.9300,-0.3527
2024-11-14,0.0083,15.2751,15.7619,-0.4066
2024-11-15,0.0074,15.1095,15.5170,-0.4849
2024-11-18,0.0120,15.5834,15.7295,-0.4187
2024-11-19,0.0102,15.9936,15.7608,-0.4104
2024-11-20,0.0123,16.1958,15.9840,-0.3420
2024-11-21,0.0138,15.6700,16.3365,-0.2332
2024-11-22,0.0066,15.6182,15.9816,-0.3494
2024-11-25,0.0100,15.6054,15.9785,-0.3541
2024-11-26,0.0050,15.4815,15.4919,-0.5134
2024-11-27,0.0055,15.4537,15.0891,-0.6463
2024-11-29,0.0094,15.4168,15.0797,-0.6528
2024-12-02,0.0089,15.3159,15.0204,-0.6754
2024-12-03,0.0087,14.8226,14.9436,-0.7036
2024-12-04,0.0083,14.7400,14.8400,-0.7402
2024-12-05,0.0066,14.6585,14.5753,-0.8278
2024-12-06,0.0074,14.0522,14.4063,-0.8846
2024-12-09,0.0098,14.2800,14.4724,-0.8664
2024-12-10,0.0079,14.3520,14.3585,-0.9067
2024-12-11,0.0124,14.2965,14.6759,-0.8075
2024-12-12,0.0083,14.3995,14.5887,-0.8395
2024-12-13,0.0087,14.1591,14.5392,-0.8596
2024-12-16,0.0073,14.0895,14.3669,-0.9186
2024-12-17,0.0077,14.1136,14.2359,-0.9648
2024-12-18,0.0153,14.3651,14.8423,-0.7697
2024-12-19,0.0127,14.5499,15.1596,-0.6710
2024-12-20,0.0209,15.2026,16.2413,-0.3195
2024-12-23,0.0060,14.6144,15.8372,-0.4593
2024-12-24,0.0047,14.4700,15.3304,-0.6337
2024-12-26,0.0064,14.1986,15.0244,-0.7425
2024-12-27,0.0146,14.9286,15.5148,-0.5844
2024-12-30,0.0077,15.0935,15.3185,-0.6580
2024-12-31,0.0096,15.1090,15.3148,-0.6663
2025-01-02,0.0166,15.6931,15.9773,-0.4460
2025-01-03,0.0067,15.5425,15.6533,-0.5618
2025-01-06,0.0118,15.8034,15.8358,-0.5042
2025-01-07,0.0120,16.2168,16.0323,-0.4416
2025-01-08,0.0105,16.4514,16.0716,-0.4327
2025-01-10,0.0198,17.2062,16.9887,-0.1202
2025-01-13,0.0149,17.7335,17.3882,0.0132
2025-01-14,0.0103,17.5765,17.3261,-0.0133
2025-01-15,0.0105,17.7431,17.2898,-0.0312
2025-01-16,0.0181,18.4575,17.9783,0.2053
2025-01-17,0.0102,18.6713,17.8691,0.1619
2025-01-21,0.0156,19.2711,18.2837,0.3030
2025-01-22,0.0079,18.7078,17.9375,0.1755
2025-01-23,0.0146,18.8516,18.2503,0.2814
2025-01-24,0.0121,18.1889,18.3116,0.2979
2025-01-27,0.0196,19.2213,19.0840,0.5677
2025-01-28,0.0202,20.3960,19.8625,0.8395
2025-01-29,0.0108,20.7214,19.6947,0.7727
2025-01-30,0.0102,20.3886,19.4855,0.6913
2025-01-31,0.0284,21.9554,21.0250,1.2358
2025-02-03,0.0182,22.6024,21.4943,1.3932
2025-02-04,0.0131,22.3400,21.4553,1.3682
2025-02-05,0.0083,22.4659,20.9613,1.1808
2025-02-06,0.0089,22.2464,20.5487,1.0245
2025-02-07,0.0157,22.5241,20.8124,1.1102
2025-02-10,0.0091,22.4158,20.4284,0.9648
2025-02-11,0.0181,22.2906,20.9263,1.1342
2025-02-12,0.0116,22.0395,20.7732,1.0708
2025-02-13,0.0160,22.4734,21.0546,1.1626
2025-02-14,0.0101,22.4414,20.7544,1.0467
2025-02-18,0.0097,21.8022,20.4296,0.9228
2025-02-19,0.0082,21.6543,19.9870,0.7574
2025-02-20,0.0068,20.9890,19.4362,0.5538
2025-02-21,0.0099,21.1402,19.2114,0.4678
2025-02-24,0.0115,20.9063,19.1530,0.4416
2025-02-25,0.0143,21.0729,19.3701,0.5146
2025-02-26,0.0137,20.6254,19.5152,0.5615
2025-02-27,0.0149,20.2287,19.7679,0.6471
2025-02-28,0.0333,21.9310,21.7507,1.3562
2025-03-03,0.0212,22.7617,22.4648,1.5999
2025-03-04,0.0154,21.7732,22.5801,1.6256
2025-03-05,0.0222,22.0786,23.3408,1.8781
2025-03-06,0.0139,22.1378,23.2657,1.8305
2025-03-07,0.0167,22.7680,23.4571,1.8770
2025-03-10,0.0296,24.3366,24.8712,2.3425
2025-03-11,0.0254,25.0726,25.8029,2.6226
2025-03-12,0.0203,25.9171,26.1835,2.7027
2025-03-13,0.0212,26.1507,26.6305,2.7989
2025-03-14,0.0130,26.2613,26.2744,2.6307
2025-03-17,0.0173,26.3600,26.3502,2.6088
2025-03-18,0.0114,26.4539,25.8504,2.4065
2025-03-19,0.0161,26.9414,25.8342,2.3645
2025-03-20,0.0173,27.6308,25.9359,2.3603
2025-03-21,0.0155,28.2906,25.8596,2.3012
2025-03-24,0.0093,28.2456,25.1927,2.0644
2025-03-25,0.0097,28.1115,24.6065,1.8602
2025-03-26,0.0133,28.0359,24.4011,1.7772
2025-03-27,0.0123,27.9259,24.1057,1.6692
2025-03-28,0.0165,28.0427,24.2301,1.6897
2025-03-31,0.0263,27.5183,25.2845,1.9861
2025-04-01,0.0120,26.8209,24.9078,1.8509
2025-04-02,0.0111,26.4987,24.4705,1.7017
2025-04-03,0.0204,26.3598,24.9429,1.8228
2025-04-04,0.0422,28.4955,27.4625,2.5303
2025-04-07,0.0735,32.7916,32.8152,3.9619
2025-04-08,0.0669,35.6105,37.2197,4.9439
2025-04-09,0.0614,38.3316,40.8391,5.5396
2025-04-10,0.0439,40.1186,42.5691,5.5844
2025-04-11,0.0304,40.8169,42.9128,5.3248
2025-04-14,0.0300,42.1013,43.1981,5.0879
2025-04-15,0.0130,41.7712,41.8426,4.5768
2025-04-16,0.0270,42.9566,41.9069,4.3936
2025-04-17,0.0158,42.9363,40.9017,4.0399
2025-04-21,0.0147,42.7370,39.8482,3.7164
2025-04-22,0.0164,42.8058,39.0239,3.4630
2025-04-23,0.0174,43.4185,38.3391,3.2544
2025-04-24,0.0173,43.9927,37.6876,3.0668
2025-04-25,0.0084,43.6163,36.2230,2.7571
2025-04-28,0.0136,43.7191,35.3479,2.5617
2025-04-29,0.0107,43.2785,34.2426,2.3381
2025-04-30,0.0213,42.8947,34.2127,2.2988
2025-05-01,0.0142,43.0631,33.5125,2.1526
2025-05-02,0.0165,43.4747,33.0776,2.0541
2025-05-05,0.0161,43.1517,32.6266,1.9562
2025-05-06,0.0129,40.9376,31.8953,1.8167
2025-05-07,0.0203,36.9174,31.9167,1.8001
2025-05-08,0.0192,33.3126,31.8330,1.7673
2025-05-09,0.0106,29.4657,30.9285,1.6068
2025-05-12,0.0153,27.3032,30.5284,1.5286
2025-05-13,0.0128,25.9689,29.9133,1.4183
2025-05-14,0.0112,24.5449,29.1843,1.2922
2025-05-15,0.0114,24.4218,28.5146,1.1771
2025-05-16,0.0088,23.0437,27.6421,1.0319
2025-05-19,0.0177,23.1805,27.6651,1.0274
2025-05-20,0.0115,22.9390,27.1016,0.9317
2025-05-21,0.0198,23.1957,27.3654,0.9654
2025-05-22,0.0105,22.6767,26.7263,0.8583
2025-05-23,0.0145,22.4605,26.4992,0.8161
2025-05-27,0.0101,22.5944,25.8746,0.7120
2025-05-28,0.0099,22.3144,25.2676,0.6111
2025-05-29,0.0149,22.6350,25.1709,0.5903
2025-05-30,0.0178,22.3727,25.3550,0.6137
2025-06-02,0.0055,21.7179,24.3611,0.4520
2025-06-03,0.0078,21.0605,23.6471,0.3345
2025-06-04,0.0143,20.9271,23.5937,0.3213
2025-06-05,0.0134,20.9686,23.4568,0.2948
2025-06-06,0.0123,20.3660,23.2251,0.2532
2025-06-09,0.0188,20.3324,23.6206,0.3112
2025-06-10,0.0116,20.4082,23.3043,0.2557
2025-06-11,0.0156,20.4343,23.3946,0.2651
2025-06-12,0.0083,20.0928,22.7772,0.1613
2025-06-13,0.0131,20.2388,22.6603,0.1385
2025-06-16,0.0068,19.8916,21.9446,0.0214
2025-06-17,0.0103,20.0052,21.6094,-0.0341
2025-06-18,0.0088,19.3339,21.1485,-0.1095
2025-06-20,0.0149,19.5877,21.2960,-0.0866
2025-06-23,0.0118,18.9772,21.1388,-0.1125
2025-06-24,0.0089,18.8530,20.7168,-0.1808
2025-06-25,0.0107,18.5667,20.4894,-0.2176
2025-06-26,0.0111,18.6400,20.3178,-0.2447
2025-06-27,0.0110,18.7222,20.1478,-0.2717
2025-06-30,0.0266,19.6050,21.4707,-0.0589
2025-07-01,0.0133,19.2671,21.4510,-0.0627
2025-07-02,0.0140,19.9068,21.4974,-0.0559
2025-07-03,0.0085,19.9548,21.0157,-0.1340
2025-07-07,0.0234,20.6388,21.9820,0.0208
2025-07-08,0.0100,20.3825,21.6188,-0.0389
2025-07-09,0.0130,20.4356,21.5644,-0.0491
2025-07-10,0.0101,19.7775,21.2303,-0.1042
2025-07-11,0.0074,19.4636,20.6619,-0.1969
2025-07-14,0.0107,19.0914,20.4417,-0.2336
2025-07-15,0.0100,19.2215,20.1654,-0.2789
2025-07-16,0.0126,19.1838,20.1578,-0.2808
2025-07-17,0.0072,19.2198,19.6376,-0.3653
2025-07-18,0.0070,18.9664,19.1216,-0.4487
2025-07-21,0.0137,19.3378,19.2779,-0.4234
2025-07-22,0.0082,18.8356,18.9047,-0.4829
2025-07-23,0.0087,18.6056,18.6012,-0.5309
2025-07-24,0.0071,18.4710,18.1619,-0.6005
2025-07-25,0.0056,18.0871,17.6042,-0.6886
2025-07-28,0.0059,17.6948,17.1114,-0.7651
2025-07-29,0.0102,17.6312,17.0536,-0.7709
2025-07-30,0.0133,16.6256,17.2951,-0.7289
2025-07-31,0.0087,16.2738,17.0826,-0.7599
2025-08-01,0.0323,17.6562,19.1330,-0.4294
2025-08-04,0.0211,18.6111,19.9963,-0.2904
2025-08-05,0.0109,17.6703,19.8384,-0.3150
2025-08-06,0.0239,18.7175,20.9233,-0.1402
2025-08-07,0.0134,18.7454,20.9457,-0.1337
2025-08-08,0.0284,20.1339,22.3982,0.1027
2025-08-11,0.0148,20.6931,22.4644,0.1168
2025-08-12,0.0106,20.6871,22.1286,0.0663
2025-08-13,0.0125,20.8779,21.9914,0.0474
2025-08-14,0.0125,20.8689,21.8628,0.0296
2025-08-15,0.0136,21.3519,21.8490,0.0297
2025-08-18,0.0089,21.5012,21.3884,-0.0426
2025-08-19,0.0106,21.2674,21.1141,-0.0851
2025-08-20,0.0098,21.3829,20.7763,-0.1381
2025-08-21,0.0077,21.3081,20.2663,-0.2191
2025-08-22,0.0106,21.5716,20.0590,-0.2513
2025-08-25,0.0093,21.8560,19.7458,-0.3008
2025-08-26,0.0134,22.4207,19.8361,-0.2852
2025-08-27,0.0063,22.1311,19.2499,-0.3788
2025-08-28,0.0115,21.9989,19.1930,-0.3868
2025-08-29,0.0060,21.8002,18.6163,-0.4787
2025-09-02,0.0119,20.2604,18.6345,-0.4742
2025-09-03,0.0130,19.6475,18.7555,-0.4533
2025-09-04,0.0087,19.4795,18.4603,-0.4998
2025-09-05,0.0083,18.3014,18.1434,-0.5490
2025-09-08,0.0107,18.0950,18.0727,-0.5584
2025-09-09,0.0147,17.0526,18.3841,-0.5064
2025-09-10,0.0136,16.9606,18.5752,-0.4738
2025-09-11,0.0080,16.7658,18.2273,-0.5279
2025-09-12,0.0105,16.6182,18.1382,-0.5399
2025-09-15,0.0094,16.3844,17.9463,-0.5682
2025-09-16,0.0143,16.4344,18.2304,-0.5202
2025-09-17,0.0070,16.2898,17.8047,-0.5866
2025-09-18,0.0123,16.4202,17.9099,-0.5677
2025-09-19,0.0139,16.7372,18.1636,-0.5256
2025-09-22,0.0142,17.2276,18.4283,-0.4818
2025-09-23,0.0098,17.1671,18.2551,-0.5083
2025-09-24,0.0110,17.2928,18.2085,-0.5142
2025-09-25,0.0123,17.2089,18.2852,-0.5005
2025-09-26,0.0100,17.4877,18.1435,-0.5219
2025-09-29,0.0055,17.0343,17.5816,-0.6103
2025-09-30,0.0078,17.1666,17.2684,-0.6587
2025-10-01,0.0106,17.0654,17.2400,-0.6619
2025-10-02,0.0110,16.9170,17.2575,-0.6581
2025-10-03,0.0121,17.1733,17.3751,-0.6381
2025-10-06,0.0106,17.3472,17.3425,-0.6419
2025-10-07,0.0054,16.9456,16.8138,-0.7247
2025-10-08,0.0055,16.2520,16.3268,-0.8001
2025-10-09,0.0098,15.9693,16.2853,-0.8044
2025-10-10,0.0254,17.2839,17.7311,-0.5733
2025-10-13,0.0110,17.3168,17.7132,-0.5758
2025-10-14,0.0115,17.4764,17.7479,-0.5703
2025-10-15,0.0123,17.3273,17.8560,-0.5537
2025-10-16,0.0110,17.6292,17.8332,-0.5584
2025-10-17,0.0136,17.7270,18.0599,-0.5230
2025-10-20,0.0183,18.0549,18.7178,-0.4195
2025-10-21,0.0090,17.6633,18.4558,-0.4628
2025-10-22,0.0176,18.2533,19.0243,-0.3741
2025-10-23,0.0071,17.9550,18.5558,-0.4515
2025-10-24,0.0128,17.9951,18.6622,-0.4369
2025-10-27,0.0075,17.8050,18.2583,-0.5030
2025-10-28,0.0046,17.7327,17.5984,-0.6100
2025-10-29,0.0113,17.9945,17.6141,-0.6086
2025-10-30,0.0147,18.3053,17.9564,-0.5553
2025-10-31,0.0148,18.5915,18.2916,-0.5037
