Date,daily_vol_gk,sigma_roll_ann,sigma_ewma_ann,IDV_ZScore
2010-01-04,0.0196,,,
2010-01-05,0.0170,,,
2010-01-06,0.0125,,,
2010-01-07,0.0163,,,
2010-01-08,0.0152,,,
2010-01-11,0.0241,,,
2010-01-12,0.0296,,,
2010-01-13,0.0348,,,
2010-01-14,0.0196,,,
2010-01-15,0.0283,34.4290,33.2472,
2010-01-19,0.0190,34.0455,33.0650,
2010-01-20,0.0177,33.5488,32.7661,
2010-01-21,0.0296,34.5827,33.6195,
2010-01-22,0.0305,35.5663,34.5036,
2010-01-25,0.0189,35.1952,34.2334,
2010-01-26,0.0176,34.7375,33.8517,
2010-01-27,0.0245,34.9798,34.1519,
2010-01-28,0.0334,35.9831,35.2852,
2010-01-29,0.0468,38.0030,37.6298,
2010-02-01,0.0364,38.9948,38.8423,
2010-02-02,0.0189,38.5648,38.3097,
2010-02-03,0.0152,38.2273,37.4552,
2010-02-04,0.0306,39.2598,38.1259,
2010-02-05,0.0262,40.2947,38.3315,
2010-02-08,0.0309,41.4018,38.9783,
2010-02-09,0.0231,41.9993,38.8377,
2010-02-10,0.0188,41.5994,38.2948,
2010-02-11,0.0277,41.4572,38.6342,
2010-02-12,0.0342,41.4095,39.5746,
2010-02-16,0.0146,41.0285,38.5872,
2010-02-17,0.0228,40.6170,38.4452,
2010-02-18,0.0308,41.5044,39.0691,
2010-02-19,0.0119,41.0647,37.8560,
2010-02-22,0.0169,40.1024,37.1916,
2010-02-23,0.0244,39.6474,37.2880,
2010-02-24,0.0159,39.4175,36.5611,
2010-02-25,0.0286,40.2486,37.0868,
2010-02-26,0.0140,39.4601,36.1996,
2010-03-01,0.0273,39.0012,36.6316,
2010-03-02,0.0196,36.9388,36.2968,
2010-03-03,0.0197,35.6724,35.9937,
2010-03-04,0.0161,35.4610,35.3656,
2010-03-05,0.0211,35.9068,35.2495,
2010-03-08,0.0126,34.5436,34.3349,
2010-03-09,0.0201,34.0845,34.1895,
2010-03-10,0.0112,32.5911,33.2032,
2010-03-11,0.0129,31.8224,32.4405,
2010-03-12,0.0100,31.1602,31.4470,
2010-03-15,0.0162,30.2956,31.1079,
2010-03-16,0.0194,29.1728,31.0852,
2010-03-17,0.0168,29.3433,30.8220,
2010-03-18,0.0235,29.3918,31.2069,
2010-03-19,0.0250,28.9564,31.7166,
2010-03-22,0.0148,29.1761,31.2214,
2010-03-23,0.0156,29.0772,30.8306,
2010-03-24,0.0142,28.3051,30.3357,
2010-03-25,0.0122,28.0315,29.6812,
2010-03-26,0.0183,27.2563,29.6429,
2010-03-29,0.0154,27.3552,29.3270,
2010-03-30,0.0204,26.8306,29.5105,
2010-03-31,0.0121,26.2652,28.8905,
2010-04-01,0.0244,26.6182,29.4764,
2010-04-05,0.0061,25.8643,28.2895,
2010-04-06,0.0215,25.9007,28.6439,
2010-04-07,0.0256,26.8844,29.3651,
2010-04-08,0.0150,26.4984,29.0314,
2010-04-09,0.0113,26.5056,28.3637,
2010-04-12,0.0121,26.4477,27.8184,
2010-04-13,0.0135,26.7106,27.4335,
2010-04-14,0.0202,27.0119,27.7149,
2010-04-15,0.0140,26.6055,27.3837,
2010-04-16,0.0267,27.3514,28.2823,
2010-04-19,0.0262,27.5556,29.0770,
2010-04-20,0.0190,27.0978,29.1376,
2010-04-21,0.0249,27.8600,29.7576,
2010-04-22,0.0234,28.4560,30.2056,
2010-04-23,0.0209,28.9619,30.3855,
2010-04-26,0.0148,29.1586,29.9760,
2010-04-27,0.0207,29.3407,30.1495,
2010-04-28,0.0245,30.0345,30.6773,
2010-04-29,0.0254,30.4093,31.2520,
2010-04-30,0.0189,30.9246,31.1768,
2010-05-03,0.0244,30.9259,31.6272,
2010-05-04,0.0303,32.7553,32.6162,
2010-05-05,0.0266,33.1349,33.1893,
2010-05-06,0.0843,37.5697,39.2256,
2010-05-07,0.0412,39.5503,40.7959,
2010-05-10,0.0260,40.6637,40.8253,
2010-05-11,0.0195,41.2201,40.2333,
2010-05-12,0.0151,41.3452,39.2611,
2010-05-13,0.0370,42.6127,40.4299,
2010-05-14,0.0493,45.2850,42.7030,
2010-05-17,0.0313,45.6362,43.1250,
2010-05-18,0.0276,45.7444,43.1653,
2010-05-19,0.0164,45.5488,42.1342,
2010-05-20,0.0427,46.8963,43.6723,
2010-05-21,0.0451,48.5358,45.3512,
2010-05-24,0.0242,48.7851,44.9365,
2010-05-25,0.0369,50.4524,45.7546,
2010-05-26,0.0337,51.4356,46.2203,
2010-05-27,0.0140,50.6398,44.7811,
2010-05-28,0.0242,50.5491,44.3953,
2010-06-01,0.0233,50.8813,43.9501,
2010-06-02,0.0108,49.8569,42.3433,
2010-06-03,0.0128,48.5319,41.0199,
2010-06-04,0.0275,48.6056,41.1817,
2010-06-07,0.0317,44.6294,41.7284,
2010-06-08,0.0322,43.9499,42.2923,
2010-06-09,0.0380,44.8582,43.3764,
2010-06-10,0.0144,44.4732,42.1461,
2010-06-11,0.0196,44.8068,41.4796,
2010-06-14,0.0178,43.3552,40.6863,
2010-06-15,0.0206,41.1841,40.2083,
2010-06-16,0.0201,40.3332,39.7079,
2010-06-17,0.0288,40.4241,40.0679,
2010-06-18,0.0143,40.2706,39.0291,
2010-06-21,0.0285,39.2002,39.4048,
2010-06-22,0.0364,38.5421,40.5106,
2010-06-23,0.0287,38.8809,40.8131,
2010-06-24,0.0257,38.0343,40.8121,
2010-06-25,0.0182,36.8610,40.0959,
2010-06-28,0.0227,37.5206,39.8552,
2010-06-29,0.0211,37.2886,39.4727,
2010-06-30,0.0209,37.1052,39.0917,
2010-07-01,0.0351,38.9402,40.0886,
2010-07-02,0.0361,40.7058,41.1251,
2010-07-06,0.0334,41.1480,41.8378,
2010-07-07,0.0239,40.5580,41.6017,
2010-07-08,0.0275,40.2010,41.7234,
2010-07-09,0.0137,38.3617,40.5240,
2010-07-12,0.0191,38.7180,39.9139,
2010-07-13,0.0187,38.6505,39.2962,
2010-07-14,0.0327,39.7776,40.0541,
2010-07-15,0.0239,40.0239,39.9244,
2010-07-16,0.0306,40.8171,40.4404,0.7823
2010-07-19,0.0204,40.1808,39.9548,0.6836
2010-07-20,0.0336,41.6379,40.7587,0.8352
2010-07-21,0.0267,41.4988,40.8553,0.8484
2010-07-22,0.0150,39.8806,39.8351,0.6449
2010-07-23,0.0161,38.9306,38.9812,0.4749
2010-07-26,0.0254,38.9111,39.0656,0.4893
2010-07-27,0.0168,38.8068,38.3228,0.3410
2010-07-28,0.0235,38.8651,38.2620,0.3276
2010-07-29,0.0358,39.9801,39.3799,0.5474
2010-07-30,0.0321,40.8287,40.0737,0.6821
2010-08-02,0.0153,39.3325,39.1264,0.4905
2010-08-03,0.0158,37.7942,38.2824,0.3201
2010-08-04,0.0200,36.7851,37.8942,0.2411
2010-08-05,0.0204,36.5218,37.5630,0.1737
2010-08-06,0.0226,36.1489,37.4571,0.1517
2010-08-09,0.0185,36.5147,36.9746,0.0534
2010-08-10,0.0162,36.2900,36.2944,-0.0850
2010-08-11,0.0105,35.6752,35.1193,-0.3242
2010-08-12,0.0368,35.9862,36.5196,-0.0366
2010-08-13,0.0198,35.6772,36.2127,-0.0995
2010-08-16,0.0313,35.7309,37.0189,0.0669
2010-08-17,0.0220,35.8514,36.8905,0.0402
2010-08-18,0.0159,34.5102,36.1882,-0.1056
2010-08-19,0.0263,34.4806,36.5219,-0.0359
2010-08-20,0.0272,35.3995,36.9194,0.0473
2010-08-23,0.0304,36.4814,37.6037,0.1905
2010-08-24,0.0205,36.1044,37.2957,0.1251
2010-08-25,0.0250,36.7204,37.4353,0.1541
2010-08-26,0.0201,36.4662,37.1075,0.0843
2010-08-27,0.0389,36.6978,38.5864,0.3977
2010-08-30,0.0218,35.9224,38.3508,0.3462
2010-08-31,0.0353,37.4335,39.4109,0.5708
2010-09-01,0.0173,37.5493,38.6957,0.4158
2010-09-02,0.0171,37.3284,38.0044,0.2662
2010-09-03,0.0169,37.0636,37.3329,0.1209
2010-09-07,0.0250,37.2464,37.4712,0.1503
2010-09-08,0.0284,37.9938,37.9296,0.2490
2010-09-09,0.0231,38.5210,37.8563,0.2323
2010-09-10,0.0178,39.0720,37.2817,0.1065
2010-09-13,0.0262,38.2678,37.5391,0.1624
2010-09-14,0.0154,37.9353,36.7519,-0.0105
2010-09-15,0.0169,36.8456,36.1529,-0.1421
2010-09-16,0.0134,36.1999,35.2628,-0.3376
2010-09-17,0.0080,35.6077,33.9120,-0.6343
2010-09-20,0.0177,34.9571,33.5625,-0.7088
2010-09-21,0.0379,35.7664,35.1573,-0.3531
2010-09-22,0.0177,34.8067,34.7382,-0.4450
2010-09-23,0.0334,35.7871,35.8373,-0.1989
2010-09-24,0.0227,35.6136,35.8458,-0.1964
2010-09-27,0.0246,35.9496,36.0367,-0.1530
2010-09-28,0.0224,34.7015,36.0072,-0.1592
2010-09-29,0.0283,35.1897,36.5416,-0.0384
2010-09-30,0.0300,34.7874,37.2033,0.1112
2010-10-01,0.0260,35.4405,37.4435,0.1653
2010-10-04,0.0265,36.1476,37.7183,0.2272
2010-10-05,0.0097,35.6026,36.3773,-0.0788
2010-10-06,0.0331,36.2176,37.3478,0.1430
2010-10-07,0.0297,36.3167,37.9385,0.2779
2010-10-08,0.0266,36.5794,38.1957,0.3361
2010-10-11,0.0145,36.3297,37.2861,0.1258
2010-10-12,0.0230,36.0875,37.2380,0.1144
2010-10-13,0.0251,36.8258,37.3991,0.1513
2010-10-14,0.0125,36.4997,36.3504,-0.0924
2010-10-15,0.0192,36.9343,35.9961,-0.1745
2010-10-18,0.0192,37.7783,35.6648,-0.2513
2010-10-19,0.0197,37.9318,35.4035,-0.3117
2010-10-20,0.0312,37.4226,36.2462,-0.1133
2010-10-21,0.0226,37.7902,36.2249,-0.1181
2010-10-22,0.0394,38.2394,37.8008,0.2534
2010-10-25,0.0130,37.5120,36.7750,0.0105
2010-10-26,0.0220,37.3195,36.6677,-0.0149
2010-10-27,0.0148,36.7439,35.8750,-0.2030
2010-10-28,0.0158,35.7975,35.2248,-0.3571
2010-10-29,0.0147,34.6428,34.5107,-0.5261
2010-11-01,0.0202,34.2072,34.3635,-0.5595
2010-11-02,0.0251,34.1059,34.6955,-0.4784
2010-11-03,0.0237,35.1621,34.8667,-0.4360
2010-11-04,0.0132,33.6594,34.0344,-0.6343
2010-11-05,0.0152,32.5601,33.4388,-0.7749
2010-11-08,0.0148,31.6696,32.8440,-0.9144
2010-11-09,0.0130,31.5537,32.1094,-1.0861
2010-11-10,0.0131,30.8084,31.4328,-1.2418
2010-11-11,0.0298,31.1627,32.3887,-1.0064
2010-11-12,0.0335,32.7446,33.6337,-0.7037
2010-11-15,0.0210,32.8823,33.6159,-0.7055
2010-11-16,0.0186,32.8348,33.3676,-0.7627
2010-11-17,0.0248,33.2201,33.7297,-0.6728
2010-11-18,0.0158,32.0626,33.2144,-0.7945
2010-11-19,0.0179,31.7049,32.9243,-0.8614
2010-11-22,0.0148,29.8494,32.3602,-0.9936
2010-11-23,0.0196,30.3416,32.2810,-1.0081
2010-11-24,0.0096,29.4008,31.2580,-1.2489
2010-11-26,0.0100,29.0404,30.3357,-1.4617
2010-11-29,0.0136,28.8727,29.8066,-1.5769
2010-11-30,0.0164,29.0039,29.5829,-1.6173
2010-12-01,0.0166,28.7310,29.3876,-1.6501
2010-12-02,0.0111,27.6688,28.6797,-1.8019
2010-12-03,0.0140,26.9369,28.2897,-1.8753
2010-12-06,0.0147,27.0458,27.9892,-1.9258
2010-12-07,0.0233,27.6593,28.5294,-1.7822
2010-12-08,0.0187,27.9542,28.6007,-1.7496
2010-12-09,0.0196,28.4549,28.7515,-1.6998
2010-12-10,0.0122,28.3852,28.1886,-1.8130
2010-12-13,0.0159,27.3324,28.0126,-1.8358
2010-12-14,0.0238,26.6003,28.5978,-1.6874
2010-12-15,0.0221,26.6866,28.9909,-1.5854
2010-12-16,0.0109,26.1095,28.2929,-1.7293
2010-12-17,0.0155,25.4080,28.0756,-1.7628
2010-12-20,0.0080,24.8177,27.1558,-1.9500
2010-12-21,0.0106,24.2714,26.5408,-2.0645
2010-12-22,0.0146,24.2579,26.3427,-2.0846
2010-12-23,0.0066,23.2804,25.3929,-2.2647
2010-12-27,0.0233,24.3138,26.0852,-2.0891
2010-12-28,0.0115,24.4295,25.6192,-2.1643
2010-12-29,0.0118,24.2997,25.2095,-2.2247
2010-12-30,0.0095,23.7745,24.5999,-2.3237
2010-12-31,0.0123,23.4512,24.2962,-2.3556
2011-01-03,0.0175,23.9329,24.5007,-2.2830
2011-01-04,0.0223,24.5658,25.1588,-2.1217
2011-01-05,0.0322,25.8935,26.7191,-1.7838
2011-01-06,0.0399,27.1456,28.9132,-1.3249
2011-01-07,0.0389,28.6681,30.8798,-0.9175
2011-01-10,0.0307,29.5039,31.9470,-0.6961
2011-01-11,0.0388,31.5139,33.7250,-0.3297
2011-01-12,0.0530,34.3145,36.7456,0.2921
2011-01-13,0.0440,35.8430,38.7326,0.7003
2011-01-14,0.0301,36.4477,39.2796,0.8076
2011-01-18,0.0289,37.8082,39.6784,0.8836
2011-01-19,0.0339,39.1971,40.5281,1.0507
2011-01-20,0.0236,40.3763,40.3469,1.0061
2011-01-21,0.0221,41.2411,40.0301,0.9350
2011-01-24,0.0472,43.7024,42.1239,1.3534
2011-01-25,0.0263,45.1869,42.0977,1.3368
2011-01-26,0.0262,45.4051,42.0627,1.3189
2011-01-27,0.0253,46.4476,41.9515,1.2867
2011-01-28,0.0471,49.1163,43.9244,1.6721
2011-01-31,0.0247,50.2691,43.6445,1.6049
2011-02-01,0.0178,50.6817,42.7180,1.4108
2011-02-02,0.0411,52.4681,44.0680,1.6664
2011-02-03,0.0273,52.8459,44.0282,1.6457
2011-02-04,0.0133,51.4168,42.6555,1.3664
2011-02-07,0.0189,49.8322,41.8969,1.2120
2011-02-08,0.0228,48.6199,41.5571,1.1409
2011-02-09,0.0362,49.0403,42.5133,1.3214
2011-02-10,0.0188,47.5278,41.7515,1.1674
2011-02-11,0.0523,47.4803,44.2307,1.6410
2011-02-14,0.0407,47.2269,45.4493,1.8608
2011-02-15,0.0178,46.2940,44.4178,1.6487
2011-02-16,0.0248,45.9818,44.1150,1.5799
2011-02-17,0.0634,48.2101,47.5062,2.2009
2011-02-18,0.0198,47.9189,46.5394,1.9947
2011-02-22,0.0304,48.5493,46.6453,1.9919
2011-02-23,0.0419,48.1488,47.8375,2.1850
2011-02-24,0.0283,48.3053,47.6658,2.1262
2011-02-25,0.0166,47.5861,46.3904,1.8718
2011-02-28,0.0359,48.3870,47.0288,1.9651
2011-03-01,0.0306,47.1372,47.1223,1.9591
2011-03-02,0.0538,49.3367,49.4219,2.3356
2011-03-03,0.0362,50.7321,49.9069,2.3839
2011-03-04,0.0190,49.0607,48.7196,2.1466
2011-03-07,0.0331,49.4922,48.9444,2.1558
2011-03-08,0.0480,52.1147,50.5811,2.3988
2011-03-09,0.0234,52.4555,49.7764,2.2296
2011-03-10,0.0247,52.5949,49.1394,2.0945
2011-03-11,0.0348,52.4847,49.5018,2.1268
2011-03-14,0.0290,53.2586,49.2959,2.0664
2011-03-15,0.0364,52.0513,49.8012,2.1218
2011-03-16,0.0417,52.1265,50.7803,2.2502
2011-03-17,0.0330,53.2731,50.8737,2.2339
2011-03-18,0.0153,52.5574,49.2817,1.9544
2011-03-21,0.0222,49.4446,48.4408,1.8004
2011-03-22,0.0183,49.3316,47.2756,1.5997
2011-03-23,0.0303,49.3182,47.3204,1.5917
2011-03-24,0.0346,48.7678,47.7786,1.6486
2011-03-25,0.0191,48.0699,46.7310,1.4706
2011-03-28,0.0259,48.7719,46.3963,1.4062
2011-03-29,0.0170,47.3450,45.2364,1.2140
2011-03-30,0.0344,47.6318,45.7989,1.2925
2011-03-31,0.0215,45.1890,45.0999,1.1732
2011-04-01,0.0245,44.2997,44.7238,1.1058
2011-04-04,0.0239,44.6740,44.3190,1.0342
2011-04-05,0.0142,43.2492,43.0125,0.8208
2011-04-06,0.0145,40.7131,41.8097,0.6240
2011-04-07,0.0228,40.6657,41.4716,0.5642
2011-04-08,0.0168,40.0730,40.5861,0.4168
2011-04-11,0.0210,39.0319,40.1499,0.3406
2011-04-12,0.0260,38.8050,40.2193,0.3456
2011-04-13,0.0204,37.5986,39.7490,0.2630
2011-04-14,0.0250,36.3367,39.7413,0.2556
2011-04-15,0.0223,35.5333,39.4846,0.2076
2011-04-18,0.0222,36.0539,39.2321,0.1601
2011-04-19,0.0252,36.2800,39.2789,0.1623
2011-04-20,0.0256,36.8315,39.3584,0.1701
2011-04-21,0.0131,35.5342,38.2436,-0.0210
2011-04-25,0.0186,34.3241,37.7217,-0.1139
2011-04-26,0.0240,34.6909,37.7397,-0.1164
2011-04-27,0.0182,34.1057,37.2071,-0.2112
2011-04-28,0.0290,35.0078,37.7353,-0.1266
2011-04-29,0.0271,34.4522,38.0477,-0.0785
2011-05-02,0.0185,34.2227,37.5247,-0.1719
2011-05-03,0.0296,34.6084,38.0890,-0.0795
2011-05-04,0.0280,34.9164,38.4704,-0.0179
2011-05-05,0.0234,35.6113,38.3904,-0.0311
2011-05-06,0.0203,36.0517,38.0199,-0.0927
2011-05-09,0.0146,35.4355,37.1326,-0.2422
2011-05-10,0.0118,35.0590,36.0332,-0.4276
2011-05-11,0.0171,34.7656,35.5004,-0.5160
2011-05-12,0.0163,34.0295,34.9212,-0.6111
2011-05-13,0.0293,34.6997,35.6133,-0.4882
2011-05-16,0.0132,33.8100,34.7327,-0.6335
2011-05-17,0.0216,33.7507,34.7019,-0.6334
2011-05-18,0.0182,33.4472,34.3539,-0.6876
2011-05-19,0.0231,33.2896,34.4949,-0.6578
2011-05-20,0.0141,32.4184,33.7637,-0.7766
2011-05-23,0.0222,33.1072,33.8524,-0.7549
2011-05-24,0.0291,33.8970,34.5892,-0.6221
2011-05-25,0.0212,33.6924,34.5372,-0.6250
2011-05-26,0.0202,33.8472,34.3918,-0.6442
2011-05-27,0.0140,32.7133,33.6603,-0.7645
2011-05-31,0.0228,32.3892,33.8089,-0.7325
2011-06-01,0.0187,32.4084,33.5643,-0.7689
2011-06-02,0.0178,31.5155,33.2412,-0.8190
2011-06-03,0.0204,30.9415,33.1903,-0.8217
2011-06-06,0.0173,30.4828,32.8490,-0.8742
2011-06-07,0.0118,29.8398,32.0009,-1.0133
2011-06-08,0.0218,30.3802,32.1556,-0.9787
2011-06-09,0.0348,32.1131,33.5383,-0.7334
2011-06-10,0.0193,32.2755,33.3599,-0.7585
2011-06-13,0.0185,32.4433,33.1205,-0.7941
2011-06-14,0.0184,31.6217,32.8854,-0.8289
2011-06-15,0.0244,32.4708,33.2384,-0.7628
2011-06-16,0.0411,33.9489,35.1596,-0.4277
2011-06-17,0.0429,35.8140,37.1342,-0.0855
2011-06-20,0.0224,35.7566,37.0360,-0.1009
2011-06-21,0.0220,36.3583,36.9106,-0.1201
2011-06-22,0.0150,35.8116,36.1215,-0.2534
2011-06-23,0.0315,35.9994,36.9588,-0.1060
2011-06-24,0.0234,36.1637,36.9717,-0.1017
2011-06-27,0.0432,37.8998,38.8678,0.2271
2011-06-28,0.0170,38.1252,38.1517,0.1041
2011-06-29,0.0380,39.2751,39.4796,0.3336
2011-06-30,0.0247,39.7255,39.4623,0.3311
2011-07-01,0.0249,40.2676,39.4684,0.3335
2011-07-05,0.0218,40.3721,39.1755,0.2849
2011-07-06,0.0172,40.3634,38.4641,0.1639
2011-07-07,0.0172,40.7697,37.7910,0.0498
2011-07-08,0.0143,40.2024,36.8836,-0.1054
2011-07-11,0.0128,38.5426,35.8913,-0.2751
2011-07-12,0.0244,38.9324,36.0627,-0.2431
2011-07-13,0.0203,39.0714,35.8365,-0.2796
2011-07-14,0.0279,39.7901,36.3439,-0.1889
2011-07-15,0.0220,39.6086,36.2606,-0.2006
2011-07-18,0.0214,38.1154,36.1191,-0.2227
2011-07-19,0.0119,35.7771,35.0898,-0.3981
2011-07-20,0.0142,35.1634,34.3411,-0.5241
2011-07-21,0.0379,36.3631,35.8889,-0.2518
2011-07-22,0.0182,36.6075,35.4692,-0.3225
2011-07-25,0.0135,35.2413,34.6241,-0.4665
2011-07-26,0.0248,35.3483,34.9119,-0.4139
2011-07-27,0.0169,33.3624,34.4294,-0.4951
2011-07-28,0.0270,34.1237,34.9388,-0.4033
2011-07-29,0.0162,32.4812,34.3901,-0.4949
2011-08-01,0.0221,32.2882,34.4350,-0.4837
2011-08-02,0.0455,33.8455,36.7048,-0.0877
2011-08-03,0.0218,33.8500,36.5834,-0.1079
2011-08-04,0.0275,34.6303,37.0107,-0.0332
2011-08-05,0.0585,37.7562,40.3635,0.5479
2011-08-08,0.0483,40.3314,42.5465,0.9221
2011-08-09,0.0380,42.2373,43.6158,1.1000
2011-08-10,0.0344,42.9917,44.2743,1.2046
2011-08-11,0.0445,44.8210,45.8603,1.4659
2011-08-12,0.0704,48.0350,49.8159,2.1179
2011-08-15,0.0180,47.7275,48.5369,1.8787
2011-08-16,0.0334,48.6399,48.8083,1.9027
2011-08-17,0.0316,50.1256,48.8898,1.8944
2011-08-18,0.0286,51.2073,48.6759,1.8382
2011-08-19,0.0435,51.6351,49.9027,2.0164
2011-08-22,0.0221,51.9311,49.0151,1.8503
2011-08-23,0.0299,53.1720,48.9209,1.8153
2011-08-24,0.0285,53.4456,48.6956,1.7605
2011-08-25,0.0267,54.1874,48.3206,1.6833
2011-08-26,0.0435,55.4305,49.5630,1.8624
2011-08-29,0.0181,55.5732,48.3166,1.6488
2011-08-30,0.0258,55.8505,47.8752,1.5660
2011-08-31,0.0307,54.7332,47.9309,1.5614
2011-09-01,0.0248,54.9579,47.4190,1.4690
2011-09-02,0.0183,54.2588,46.3153,1.2869
2011-09-06,0.0320,52.2515,46.5806,1.3180
2011-09-07,0.0387,51.5234,47.4732,1.4444
2011-09-08,0.0247,50.5166,46.9784,1.3574
2011-09-09,0.0332,50.4233,47.3176,1.3980
2011-09-12,0.0225,48.7583,46.6229,1.2818
2011-09-13,0.0225,45.1396,45.9733,1.1739
2011-09-14,0.0217,45.4258,45.2855,1.0615
2011-09-15,0.0147,44.0119,43.9705,0.8555
2011-09-16,0.0322,44.0593,44.4019,0.9140
2011-09-19,0.0262,43.8840,44.2365,0.8820
2011-09-20,0.0233,42.3504,43.7973,0.8096
2011-09-21,0.0260,42.6441,43.6460,0.7808
2011-09-22,0.0301,42.6574,43.8907,0.8122
2011-09-23,0.0394,43.4815,45.0056,0.9738
2011-09-26,0.0411,44.5695,46.2230,1.1489
2011-09-27,0.0242,43.1102,45.7525,1.0700
2011-09-28,0.0485,45.4037,47.6245,1.3403
2011-09-29,0.0545,47.5695,49.9535,1.6725
2011-09-30,0.0181,46.6101,48.6757,1.4691
2011-10-03,0.0458,48.1985,50.1206,1.6670
2011-10-04,0.0442,50.1607,51.3271,1.8245
2011-10-05,0.0411,50.8487,52.1586,1.9236
2011-10-06,0.0169,49.1996,50.6386,1.6854
2011-10-07,0.0342,49.9178,50.8588,1.7002
2011-10-10,0.0118,48.3037,48.9315,1.4107
2011-10-11,0.0157,47.7921,47.4953,1.1958
2011-10-12,0.0085,46.7266,45.4509,0.8976
2011-10-13,0.0270,47.1215,45.2919,0.8688
2011-10-14,0.0249,47.8914,44.9466,0.8138
2011-10-17,0.0201,46.9710,44.1598,0.6966
2011-10-18,0.0241,46.8103,43.8065,0.6414
2011-10-19,0.0261,47.0227,43.6606,0.6162
2011-10-20,0.0460,48.5359,45.4242,0.8610
2011-10-21,0.0283,48.4040,45.3960,0.8516
2011-10-24,0.0288,47.6065,45.4156,0.8485
2011-10-25,0.0192,45.9514,44.5230,0.7170
2011-10-26,0.0294,46.3442,44.6494,0.7296
2011-10-27,0.0269,44.7129,44.5322,0.7076
2011-10-28,0.0232,42.3535,44.0739,0.6375
2011-10-31,0.0135,42.0107,42.7169,0.4409
2011-11-01,0.0169,39.8236,41.7636,0.3022
2011-11-02,0.0337,39.0244,42.4646,0.3975
2011-11-03,0.0452,39.3405,44.2262,0.6420
2011-11-04,0.0251,39.9604,43.9631,0.5992
2011-11-07,0.0269,39.4112,43.8920,0.5836
2011-11-08,0.0219,40.1723,43.3415,0.4999
2011-11-09,0.0268,41.0043,43.2891,0.4869
2011-11-10,0.0336,42.9089,43.8968,0.5682
2011-11-11,0.0498,44.6340,46.0047,0.8629
2011-11-14,0.0193,44.2094,45.0816,0.7247
2011-11-15,0.0183,44.0777,44.1208,0.5817
2011-11-16,0.0220,43.9200,43.5711,0.4978
2011-11-17,0.0331,44.4524,44.1103,0.5698
2011-11-18,0.0157,42.1595,42.9577,0.3991
2011-11-21,0.0491,43.7315,45.0583,0.6954
2011-11-22,0.0176,42.8816,44.0273,0.5411
2011-11-23,0.0204,42.9706,43.3301,0.4348
2011-11-25,0.0272,42.8047,43.3191,0.4274
2011-11-28,0.0223,42.4575,42.8442,0.3523
2011-11-29,0.0200,42.2122,42.1781,0.2489
2011-11-30,0.0170,42.4739,41.2646,0.1084
2011-12-01,0.0147,42.3085,40.1900,-0.0574
2011-12-02,0.0187,41.1754,39.5577,-0.1590
2011-12-05,0.0217,39.3934,39.2484,-0.2135
2011-12-06,0.0193,38.9588,38.7364,-0.2987
2011-12-07,0.0202,38.4472,38.3343,-0.3679
2011-12-08,0.0264,38.7896,38.5487,-0.3433
2011-12-09,0.0277,38.8595,38.8719,-0.3024
2011-12-12,0.0185,37.7122,38.2991,-0.4004
2011-12-13,0.0335,36.4797,39.1898,-0.2700
2011-12-14,0.0278,37.1265,39.4906,-0.2309
2011-12-15,0.0184,37.1301,38.8698,-0.3384
2011-12-16,0.0195,36.9400,38.3956,-0.4239
2011-12-19,0.0265,36.4430,38.6191,-0.3992
2011-12-20,0.0155,36.4273,37.7762,-0.5490
2011-12-21,0.0264,34.7133,38.0280,-0.5212
2011-12-22,0.0170,34.6686,37.3626,-0.6479
2011-12-23,0.0148,34.2444,36.5308,-0.8041
2011-12-27,0.0128,33.1577,35.5585,-0.9883
2011-12-28,0.0122,32.3929,34.5856,-1.1772
2011-12-29,0.0171,32.1726,34.1373,-1.2799
2011-12-30,0.0113,31.7464,33.1693,-1.4782
2012-01-03,0.0157,31.8220,32.6757,-1.5941
2012-01-04,0.0157,31.5995,32.2139,-1.7036
2012-01-05,0.0242,31.7922,32.5881,-1.6545
2012-01-06,0.0151,31.4689,32.0684,-1.7619
2012-01-09,0.0184,31.3315,31.8932,-1.7979
2012-01-10,0.0147,30.4478,31.3806,-1.8918
2012-01-11,0.0158,29.5528,31.0061,-1.9531
2012-01-12,0.0216,29.7873,31.2008,-1.9018
2012-01-13,0.0145,28.3537,30.7111,-1.9721
2012-01-17,0.0124,27.1832,30.0458,-2.0703
2012-01-18,0.0171,27.0905,29.8749,-2.0766
2012-01-19,0.0179,26.9695,29.7879,-2.0668
2012-01-20,0.0156,26.1399,29.4825,-2.0953
2012-01-23,0.0229,26.6976,29.8906,-1.9997
2012-01-24,0.0157,25.8826,29.5886,-2.0274
2012-01-25,0.0352,27.2594,31.1643,-1.7340
2012-01-26,0.0247,28.0051,31.6440,-1.6348
2012-01-27,0.0201,28.5551,31.6580,-1.6169
2012-01-30,0.0203,29.1666,31.6895,-1.5957
2012-01-31,0.0161,29.0934,31.3227,-1.6418
2012-02-01,0.0175,29.5617,31.1137,-1.6606
2012-02-02,0.0254,30.2972,31.6701,-1.5515
2012-02-03,0.0109,29.9341,30.8112,-1.6788
2012-02-06,0.0089,28.7753,29.8094,-1.8263
2012-02-07,0.0167,28.8987,29.6119,-1.8387
2012-02-08,0.0358,30.2163,31.2444,-1.5542
2012-02-09,0.0118,29.9934,30.4898,-1.6617
2012-02-10,0.0145,29.8923,30.0414,-1.7175
2012-02-13,0.0230,30.0021,30.4322,-1.6372
2012-02-14,0.0158,30.0980,30.1095,-1.6724
2012-02-15,0.0319,31.5740,31.3400,-1.4603
2012-02-16,0.0448,33.6628,33.7234,-1.0686
2012-02-17,0.0301,34.5814,34.5630,-0.9263
2012-02-21,0.0222,35.0814,34.6010,-0.9129
2012-02-22,0.0194,34.8190,34.3714,-0.9423
2012-02-23,0.0177,34.9769,33.9996,-0.9943
2012-02-24,0.0095,33.0355,32.8644,-1.1678
2012-02-27,0.0181,32.5417,32.6198,-1.1974
2012-02-28,0.0213,32.6331,32.6905,-1.1766
2012-02-29,0.0210,32.6865,32.7273,-1.1614
2012-03-01,0.0128,32.4396,31.9872,-1.2711
2012-03-02,0.0168,32.3874,31.6726,-1.3125
2012-03-05,0.0196,31.9455,31.6387,-1.3080
2012-03-06,0.0169,32.3939,31.3466,-1.3450
2012-03-07,0.0130,32.7007,30.6993,-1.4399
2012-03-08,0.0114,32.2989,29.9422,-1.5507
2012-03-09,0.0124,30.5300,29.3259,-1.6371
2012-03-12,0.0166,30.8934,29.1444,-1.6531
2012-03-13,0.0126,30.7506,28.5967,-1.7272
2012-03-14,0.0164,30.2482,28.4412,-1.7382
2012-03-15,0.0127,30.0132,27.9418,-1.8053
2012-03-16,0.0073,28.1516,26.9568,-1.9488
2012-03-19,0.0085,25.4113,26.1504,-2.0583
2012-03-20,0.0125,24.0809,25.7680,-2.0968
2012-03-21,0.0170,23.6880,25.8387,-2.0618
2012-03-22,0.0116,23.1004,25.3945,-2.1079
2012-03-23,0.0127,22.7151,25.0759,-2.1337
2012-03-26,0.0115,22.8662,24.6665,-2.1712
2012-03-27,0.0118,22.3848,24.3071,-2.1993
2012-03-28,0.0206,22.3320,24.8101,-2.0943
2012-03-29,0.0183,22.1297,25.0648,-2.0306
2012-03-30,0.0161,22.3741,25.0925,-2.0024
2012-04-02,0.0175,22.4251,25.2557,-1.9544
2012-04-03,0.0155,22.1178,25.2196,-1.9372
2012-04-04,0.0213,22.4554,25.7381,-1.8377
2012-04-05,0.0129,22.4489,25.4190,-1.8642
2012-04-09,0.0162,22.8124,25.4367,-1.8405
2012-04-10,0.0222,23.5533,26.0243,-1.7344
2012-04-11,0.0171,23.5929,26.0909,-1.7067
2012-04-12,0.0177,23.9784,26.2121,-1.6717
2012-04-13,0.0165,23.9851,26.2081,-1.6556
2012-04-16,0.0245,24.8783,26.9682,-1.5305
2012-04-17,0.0115,25.2017,26.4491,-1.5905
2012-04-18,0.0151,25.6980,26.2985,-1.5968
2012-04-19,0.0315,27.1386,27.7223,-1.3805
2012-04-20,0.0149,26.9814,27.4777,-1.4034
2012-04-23,0.0202,27.6340,27.7574,-1.3527
2012-04-24,0.0265,28.6823,28.6179,-1.2216
2012-04-25,0.0221,29.4833,29.0053,-1.1587
2012-04-26,0.0118,29.4895,28.3934,-1.2364
2012-04-27,0.0163,29.1660,28.2435,-1.2483
2012-04-30,0.0130,28.7618,27.7829,-1.3029
2012-05-01,0.0189,28.9739,27.9148,-1.2749
2012-05-02,0.0187,29.0644,28.0228,-1.2504
2012-05-03,0.0192,29.3412,28.1693,-1.2208
2012-05-04,0.0144,28.8181,27.8517,-1.2552
2012-05-07,0.0181,29.2103,27.9001,-1.2392
2012-05-08,0.0224,29.6768,28.3567,-1.1682
2012-05-09,0.0245,29.8531,28.9912,-1.0747
2012-05-10,0.0221,30.2333,29.3588,-1.0189
2012-05-11,0.0250,30.7855,29.9798,-0.9297
2012-05-14,0.0270,31.5812,30.7523,-0.8204
2012-05-15,0.0250,31.6199,31.2884,-0.7447
2012-05-16,0.0219,32.3999,31.4929,-0.7145
2012-05-17,0.0127,32.2166,30.8087,-0.8049
2012-05-18,0.0280,31.9514,31.6278,-0.6913
2012-05-21,0.0165,32.0745,31.3039,-0.7335
2012-05-22,0.0185,31.9422,31.1874,-0.7473
2012-05-23,0.0295,32.1646,32.1223,-0.6186
2012-05-24,0.0213,32.1075,32.2276,-0.6028
2012-05-25,0.0172,32.5151,31.9358,-0.6406
2012-05-29,0.0126,32.2376,31.2238,-0.7352
2012-05-30,0.0181,32.6251,31.0726,-0.7536
2012-05-31,0.0186,32.6057,30.9827,-0.7638
2012-06-01,0.0166,32.4438,30.7025,-0.7996
2012-06-04,0.0236,32.7739,31.1043,-0.7437
2012-06-05,0.0147,32.7953,30.6375,-0.8049
2012-06-06,0.0165,32.6794,30.3728,-0.8392
2012-06-07,0.0270,33.0278,31.1199,-0.7377
2012-06-08,0.0109,31.9996,30.2932,-0.8464
2012-06-11,0.0254,32.2477,30.8952,-0.7634
2012-06-12,0.0130,31.3417,30.2824,-0.8435
2012-06-13,0.0171,30.5963,30.0975,-0.8660
2012-06-14,0.0194,30.1698,30.1356,-0.8583
2012-06-15,0.0145,29.6123,29.7068,-0.9114
2012-06-18,0.0207,30.2172,29.8919,-0.8814
2012-06-19,0.0270,30.1402,30.6690,-0.7733
2012-06-20,0.0212,30.4909,30.8445,-0.7458
2012-06-21,0.0186,30.5003,30.7674,-0.7524
2012-06-22,0.0180,29.6317,30.6331,-0.7661
2012-06-25,0.0195,29.4894,30.6484,-0.7598
2012-06-26,0.0187,29.5995,30.5901,-0.7625
2012-06-27,0.0185,30.0438,30.5187,-0.7671
2012-06-28,0.0195,30.1511,30.5450,-0.7583
2012-06-29,0.0103,29.5205,29.6921,-0.8652
2012-07-02,0.0211,29.8625,29.9204,-0.8292
2012-07-03,0.0124,29.0203,29.3078,-0.9038
2012-07-05,0.0165,29.1546,29.1181,-0.9225
2012-07-06,0.0169,29.1830,28.9803,-0.9346
2012-07-09,0.0136,28.1742,28.5399,-0.9863
2012-07-10,0.0385,30.2618,30.4984,-0.7254
2012-07-11,0.0230,30.0767,30.8550,-0.6752
2012-07-12,0.0109,29.9133,30.0385,-0.7783
2012-07-13,0.0146,29.7250,29.6311,-0.8271
2012-07-16,0.0182,29.6406,29.5908,-0.8278
2012-07-17,0.0283,30.6818,30.5066,-0.7045
2012-07-18,0.0399,32.1351,32.4749,-0.4462
2012-07-19,0.0159,31.3004,32.0454,-0.5008
2012-07-20,0.0252,31.6021,32.5184,-0.4372
2012-07-23,0.0328,32.6763,33.6943,-0.2830
2012-07-24,0.0200,32.8275,33.5750,-0.2980
2012-07-25,0.0221,33.0300,33.6689,-0.2850
2012-07-26,0.0213,33.2277,33.6784,-0.2834
2012-07-27,0.0181,33.1962,33.3821,-0.3211
2012-07-30,0.0215,33.3503,33.4306,-0.3143
2012-07-31,0.0197,34.0620,33.3015,-0.3305
2012-08-01,0.0192,33.9193,33.1333,-0.3504
2012-08-02,0.0280,35.0983,33.8136,-0.2604
2012-08-03,0.0274,35.9235,34.3932,-0.1836
2012-08-06,0.0105,35.4374,33.3264,-0.3190
2012-08-07,0.0114,35.2678,32.4116,-0.4334
2012-08-08,0.0133,33.3624,31.7369,-0.5160
2012-08-09,0.0152,32.7736,31.2773,-0.5704
2012-08-10,0.0319,34.3634,32.4387,-0.4128
2012-08-13,0.0090,33.9400,31.3538,-0.5491
2012-08-14,0.0124,33.4972,30.6522,-0.6357
2012-08-15,0.0155,32.5356,30.2927,-0.6773
2012-08-16,0.0108,30.3388,29.5058,-0.7763
2012-08-17,0.0113,29.9863,28.8103,-0.8634
2012-08-20,0.0115,28.9519,28.1741,-0.9433
2012-08-21,0.0155,27.6412,27.9592,-0.9662
2012-08-22,0.0099,26.8805,27.2254,-1.0599
2012-08-23,0.0127,26.1700,26.8052,-1.1108
2012-08-24,0.0144,25.6481,26.5689,-1.1363
2012-08-27,0.0097,25.0131,25.8990,-1.2227
2012-08-28,0.0106,24.1895,25.3588,-1.2902
2012-08-29,0.0077,23.2822,24.5708,-1.3916
2012-08-30,0.0146,22.9316,24.4846,-1.3951
2012-08-31,0.0173,22.1218,24.6635,-1.3613
2012-09-04,0.0278,22.1560,25.8353,-1.1882
2012-09-05,0.0180,22.7259,26.0000,-1.1573
2012-09-06,0.0320,24.2814,27.4847,-0.9405
2012-09-07,0.0289,25.4561,28.5857,-0.7774
2012-09-10,0.0158,25.5043,28.3759,-0.8015
2012-09-11,0.0212,24.6961,28.6931,-0.7497
2012-09-12,0.0124,24.9498,28.1526,-0.8219
2012-09-13,0.0176,25.3469,28.1435,-0.8168
2012-09-14,0.0194,25.6417,28.3058,-0.7865
2012-09-17,0.0224,26.5164,28.7403,-0.7164
2012-09-18,0.0184,27.0521,28.7658,-0.7063
2012-09-19,0.0241,28.0095,29.3385,-0.6154
2012-09-20,0.0126,27.7891,28.7761,-0.6928
2012-09-21,0.0086,27.6907,27.8693,-0.8215
2012-09-24,0.0088,27.3927,27.0349,-0.9399
2012-09-25,0.0177,27.6429,27.1002,-0.9241
2012-09-26,0.0168,28.1760,27.0701,-0.9226
2012-09-27,0.0102,28.1424,26.4172,-1.0170
2012-09-28,0.0249,29.4437,27.2054,-0.8929
2012-10-01,0.0175,29.6617,27.2359,-0.8842
2012-10-02,0.0101,29.1150,26.5608,-0.9881
2012-10-03,0.0124,27.9511,26.1522,-1.0533
2012-10-04,0.0268,28.6171,27.1370,-0.8948
2012-10-05,0.0235,27.9758,27.7456,-0.7930
2012-10-08,0.0123,26.7233,27.2527,-0.8750
2012-10-09,0.0137,26.5622,26.9199,-0.9300
2012-10-10,0.0128,25.9250,26.5216,-0.9962
2012-10-11,0.0103,25.7636,25.9080,-1.0990
2012-10-12,0.0111,25.2721,25.4142,-1.1815
2012-10-15,0.0153,24.9605,25.3478,-1.1886
2012-10-16,0.0192,24.7198,25.6565,-1.1282
2012-10-17,0.0133,24.3363,25.3838,-1.1717
2012-10-18,0.0089,23.1811,24.7039,-1.2890
2012-10-19,0.0300,24.4948,26.0748,-1.0356
2012-10-22,0.0187,25.2595,26.2936,-0.9921
2012-10-23,0.0237,26.3867,26.9740,-0.8619
2012-10-24,0.0203,26.5827,27.2898,-0.7981
2012-10-25,0.0149,26.4408,27.0696,-0.8362
2012-10-26,0.0102,26.4428,26.4193,-0.9584
2012-10-31,0.0133,25.5621,26.0977,-1.0177
2012-11-01,0.0163,25.4719,26.0810,-1.0163
2012-11-02,0.0134,25.7214,25.7895,-1.0687
2012-11-05,0.0199,26.2844,26.1366,-0.9946
2012-11-06,0.0141,25.3235,25.9115,-1.0379
2012-11-07,0.0195,25.0221,26.2140,-0.9737
2012-11-08,0.0234,25.8600,26.8687,-0.8353
2012-11-09,0.0319,27.2342,28.2905,-0.5321
2012-11-12,0.0225,27.9723,28.7399,-0.4304
2012-11-13,0.0182,28.5750,28.7526,-0.4214
2012-11-14,0.0224,29.4261,29.1606,-0.3249
2012-11-15,0.0241,30.0929,29.7095,-0.1926
2012-11-16,0.0276,30.7236,30.5511,0.0122
2012-11-19,0.0167,30.9794,30.3071,-0.0330
2012-11-20,0.0152,31.4618,29.9397,-0.1092
2012-11-21,0.0139,30.2487,29.4679,-0.2147
2012-11-23,0.0135,29.8575,28.9902,-0.3257
2012-11-26,0.0101,28.8317,28.2163,-0.5189
2012-11-27,0.0215,28.9228,28.5724,-0.4207
2012-11-28,0.0195,29.2740,28.7177,-0.3758
2012-11-29,0.0155,29.6716,28.4696,-0.4386
2012-11-30,0.0126,29.6195,27.9591,-0.5789
2012-12-03,0.0139,29.4369,27.6008,-0.6798
2012-12-04,0.0181,29.7923,27.6659,-0.6576
2012-12-05,0.0171,29.5781,27.6305,-0.6646
2012-12-06,0.0097,29.2451,26.8962,-0.8849
2012-12-07,0.0135,28.7946,26.5719,-0.9827
2012-12-10,0.0222,28.7035,27.0904,-0.8183
2012-12-11,0.0214,27.9115,27.5009,-0.6852
2012-12-12,0.0139,27.2605,27.1775,-0.7868
2012-12-13,0.0202,27.4062,27.4675,-0.6889
2012-12-14,0.0129,26.6879,27.0475,-0.8275
2012-12-17,0.0158,26.0596,26.9316,-0.8684
2012-12-18,0.0112,24.8221,26.3806,-1.0611
2012-12-19,0.0111,24.4027,25.8584,-1.2480
2012-12-20,0.0114,24.1134,25.3934,-1.4210
2012-12-21,0.0136,24.0927,25.1683,-1.5067
2012-12-24,0.0087,23.7228,24.4825,-1.7663
2012-12-26,0.0132,23.9527,24.2688,-1.8492
2012-12-27,0.0143,23.4037,24.1699,-1.8845
2012-12-28,0.0149,23.0540,24.1388,-1.8888
2012-12-31,0.0127,22.8402,23.8960,-1.9684
2013-01-02,0.0095,22.6070,23.3661,-2.1526
2013-01-03,0.0161,22.7777,23.4984,-2.0798
2013-01-04,0.0178,22.7606,23.7883,-1.9484
2013-01-07,0.0208,23.0438,24.3423,-1.7204
2013-01-08,0.0194,23.7761,24.7280,-1.5604
2013-01-09,0.0228,24.4734,25.4124,-1.2898
2013-01-10,0.0118,23.6910,25.0145,-1.4287
2013-01-11,0.0110,22.9100,24.5656,-1.5839
2013-01-14,0.0126,22.8060,24.2873,-1.6722
2013-01-15,0.0107,22.0921,23.8512,-1.8166
2013-01-16,0.0117,21.9999,23.5320,-1.9137
2013-01-17,0.0098,21.5482,23.0578,-2.0633
2013-01-18,0.0128,21.6682,22.8906,-2.0971
2013-01-22,0.0125,21.7740,22.7110,-2.1337
2013-01-23,0.0093,21.6154,22.2351,-2.2728
2013-01-24,0.0111,21.4250,21.9596,-2.3358
2013-01-25,0.0118,21.6639,21.7672,-2.3669
2013-01-28,0.0122,21.5929,21.6270,-2.3798
2013-01-29,0.0130,21.5018,21.5719,-2.3641
2013-01-30,0.0136,21.4038,21.5732,-2.3300
2013-01-31,0.0158,21.6401,21.7820,-2.2284
2013-02-01,0.0086,21.5716,21.2927,-2.3594
2013-02-04,0.0218,21.9997,22.0888,-2.0650
2013-02-05,0.0153,21.8079,22.2215,-1.9972
2013-02-06,0.0188,21.6551,22.6770,-1.8253
2013-02-07,0.0132,21.1898,22.5764,-1.8376
2013-02-08,0.0103,20.2463,22.2011,-1.9376
2013-02-11,0.0163,20.5834,22.4207,-1.8456
2013-02-12,0.0107,20.5547,22.0912,-1.9297
2013-02-13,0.0189,21.0354,22.5670,-1.7569
2013-02-14,0.0292,22.4311,23.9926,-1.2877
2013-02-15,0.0190,22.9845,24.3623,-1.1598
2013-02-19,0.0123,23.1687,24.0704,-1.2430
2013-02-20,0.0234,23.9761,24.8597,-0.9841
2013-02-21,0.0132,24.0299,24.6298,-1.0527
2013-02-22,0.0107,24.1385,24.1756,-1.1943
2013-02-25,0.0169,24.5727,24.3308,-1.1382
2013-02-26,0.0117,24.5659,23.9875,-1.2442
2013-02-27,0.0161,24.8596,24.0841,-1.2042
2013-02-28,0.0183,25.2575,24.3830,-1.0977
2013-03-01,0.0147,25.3435,24.3240,-1.1096
2013-03-04,0.0144,25.2391,24.2361,-1.1312
2013-03-05,0.0076,25.1641,23.5051,-1.3646
2013-03-06,0.0142,24.5907,23.4460,-1.3733
2013-03-07,0.0158,24.6274,23.5435,-1.3303
2013-03-08,0.0082,23.8242,22.9076,-1.5292
2013-03-11,0.0089,23.4981,22.3824,-1.6875
2013-03-12,0.0119,23.6222,22.1750,-1.7379
2013-03-13,0.0188,23.8117,22.6350,-1.5705
2013-03-14,0.0100,23.7585,22.2256,-1.6877
2013-03-15,0.0071,22.8673,21.5705,-1.8803
2013-03-18,0.0118,21.5538,21.4009,-1.9128
2013-03-19,0.0128,21.0871,21.3379,-1.9107
2013-03-20,0.0100,20.9158,21.0117,-1.9918
2013-03-21,0.0071,19.6821,20.4300,-2.1501
2013-03-22,0.0067,19.1896,19.8454,-2.3032
2013-03-25,0.0117,19.2636,19.7715,-2.2951
2013-03-26,0.0061,18.4522,19.1686,-2.4454
2013-03-27,0.0137,18.5990,19.3200,-2.3672
2013-03-28,0.0139,18.4314,19.4855,-2.2892
2013-04-01,0.0190,18.4828,20.1250,-2.0777
2013-04-02,0.0125,18.3129,20.1075,-2.0615
2013-04-03,0.0155,18.3939,20.3746,-1.9634
2013-04-04,0.0113,18.6741,20.2284,-1.9860
2013-04-05,0.0140,18.6634,20.3523,-1.9309
2013-04-08,0.0153,18.6298,20.5931,-1.8444
2013-04-09,0.0186,19.4214,21.1316,-1.6756
2013-04-10,0.0096,19.4714,20.7760,-1.7615
2013-04-11,0.0304,20.8659,22.4221,-1.2873
2013-04-12,0.0248,21.3229,23.4431,-0.9938
2013-04-15,0.0157,21.7535,23.5277,-0.9654
2013-04-16,0.0098,21.9539,23.0470,-1.0948
2013-04-17,0.0145,22.1553,23.0426,-1.0900
2013-04-18,0.0146,22.2873,23.0474,-1.0817
2013-04-19,0.0134,22.5462,22.9449,-1.1038
2013-04-22,0.0134,23.0209,22.8454,-1.1250
2013-04-23,0.0173,23.8207,23.1235,-1.0403
2013-04-24,0.0204,24.4799,23.6835,-0.8792
2013-04-25,0.0099,24.7615,23.2007,-1.0062
2013-04-26,0.0066,24.2277,22.4376,-1.2079
2013-04-29,0.0114,24.0385,22.1776,-1.2691
2013-04-30,0.0110,23.4382,21.8993,-1.3344
2013-05-01,0.0122,23.4187,21.7507,-1.3635
2013-05-02,0.0128,23.2192,21.6678,-1.3746
2013-05-03,0.0075,22.9330,21.0834,-1.5199
2013-05-06,0.0101,22.6313,20.7759,-1.5880
2013-05-07,0.0156,22.6473,21.0114,-1.5102
2013-05-08,0.0153,22.3925,21.2039,-1.4456
2013-05-09,0.0129,22.6425,21.1589,-1.4447
2013-05-10,0.0130,21.3311,21.1297,-1.4395
2013-05-13,0.0132,20.4498,21.1178,-1.4297
2013-05-14,0.0146,20.3708,21.2423,-1.3844
2013-05-15,0.0116,20.5121,21.0768,-1.4156
2013-05-16,0.0118,20.3127,20.9393,-1.4393
2013-05-17,0.0167,20.4753,21.2752,-1.3400
2013-05-20,0.0066,19.9547,20.6231,-1.4991
2013-05-21,0.0140,19.9996,20.7195,-1.4611
2013-05-22,0.0187,20.1070,21.2605,-1.3088
2013-05-23,0.0167,19.8250,21.5769,-1.2161
2013-05-24,0.0141,20.1471,21.6264,-1.1938
2013-05-28,0.0137,20.6810,21.6304,-1.1844
2013-05-29,0.0073,20.3735,21.0315,-1.3329
2013-05-30,0.0172,20.8381,21.4072,-1.2247
2013-05-31,0.0136,20.9417,21.4188,-1.2124
2013-06-03,0.0221,21.6402,22.2358,-0.9883
2013-06-04,0.0201,22.5942,22.8194,-0.8266
2013-06-05,0.0177,23.1696,23.1328,-0.7368
2013-06-06,0.0096,22.7224,22.6634,-0.8551
2013-06-07,0.0115,22.4368,22.3969,-0.9190
2013-06-10,0.0097,22.1972,21.9784,-1.0230
2013-06-11,0.0134,22.2248,21.9347,-1.0269
2013-06-12,0.0176,22.5576,22.2940,-0.9232
2013-06-13,0.0154,22.6201,22.4267,-0.8805
2013-06-14,0.0089,22.4100,21.9253,-1.0076
2013-06-17,0.0116,22.3948,21.7178,-1.0553
2013-06-18,0.0203,22.6679,22.3511,-0.8773
2013-06-19,0.0454,25.6013,25.3306,-0.0678
2013-06-20,0.0154,25.7041,25.2739,-0.0784
2013-06-21,0.0187,25.7015,25.5384,-0.0011
2013-06-24,0.0237,26.2266,26.2598,0.2014
2013-06-25,0.0113,26.0108,25.7563,0.0693
2013-06-26,0.0120,25.8820,25.3503,-0.0367
2013-06-27,0.0154,26.4922,25.2971,-0.0457
2013-06-28,0.0176,26.5246,25.4577,0.0045
2013-07-01,0.0078,26.0883,24.6764,-0.2073
2013-07-02,0.0167,25.6847,24.7895,-0.1700
2013-07-03,0.0149,25.2901,24.7227,-0.1837
2013-07-05,0.0090,24.6328,24.0937,-0.3552
2013-07-08,0.0120,24.8111,23.7913,-0.4353
2013-07-09,0.0083,24.5674,23.1501,-0.6108
2013-07-10,0.0105,24.6241,22.7579,-0.7157
2013-07-11,0.0065,24.1016,22.0091,-0.9206
2013-07-12,0.0110,23.6004,21.7323,-0.9917
2013-07-15,0.0139,23.4832,21.7511,-0.9792
2013-07-16,0.0081,23.4287,21.2215,-1.1217
2013-07-17,0.0075,23.1138,20.6595,-1.2721
2013-07-18,0.0135,22.6011,20.7103,-1.2477
2013-07-19,0.0195,20.6495,21.3292,-1.0633
2013-07-22,0.0144,20.5757,21.4196,-1.0320
2013-07-23,0.0102,19.9310,21.1031,-1.1173
2013-07-24,0.0075,18.7101,20.5523,-1.2714
2013-07-25,0.0171,19.1548,20.9516,-1.1523
2013-07-26,0.0087,18.9095,20.5247,-1.2758
2013-07-29,0.0109,18.5704,20.3337,-1.3310
2013-07-30,0.0173,18.5443,20.7593,-1.2014
2013-07-31,0.0114,18.8170,20.6035,-1.2472
2013-08-01,0.0158,18.7488,20.8750,-1.1622
2013-08-02,0.0119,18.5233,20.7589,-1.1973
2013-08-05,0.0105,18.6409,20.5159,-1.2729
2013-08-06,0.0100,18.4884,20.2360,-1.3644
2013-08-07,0.0107,18.6734,20.0414,-1.4333
2013-08-08,0.0125,18.8295,20.0323,-1.4382
2013-08-09,0.0247,20.2050,21.1802,-1.0530
2013-08-12,0.0722,24.8382,26.7909,0.8610
2013-08-13,0.0087,24.4499,26.0169,0.6099
2013-08-14,0.0230,25.5707,26.6436,0.8471
2013-08-15,0.0177,26.3425,26.7287,0.8932
2013-08-16,0.0149,26.4420,26.5408,0.8400
2013-08-19,0.0077,25.5448,25.6795,0.5429
2013-08-20,0.0089,25.1266,24.9819,0.2995
2013-08-21,0.0109,25.1786,24.5171,0.1373
2013-08-22,0.0102,25.3807,24.0162,-0.0403
2013-08-23,0.0080,24.6871,23.3336,-0.2856
2013-08-26,0.0046,24.3795,22.3762,-0.6331
2013-08-27,0.0093,24.2559,21.9185,-0.7958
2013-08-28,0.0094,23.6640,21.5031,-0.9421
2013-08-29,0.0095,23.5181,21.1189,-1.0757
2013-08-30,0.0066,22.8198,20.4796,-1.3011
2013-09-03,0.0143,22.9957,20.6089,-1.2439
2013-09-04,0.0103,22.9820,20.3576,-1.3256
2013-09-05,0.0069,22.7484,19.7929,-1.5184
2013-09-06,0.0120,22.8456,19.7472,-1.5206
2013-09-09,0.0059,22.3461,19.1265,-1.7277
2013-09-10,0.0103,21.2629,18.9639,-1.7690
2013-09-11,0.0161,17.0160,19.3565,-1.6152
2013-09-12,0.0118,17.2456,19.3179,-1.6164
2013-09-13,0.0101,16.2753,19.1240,-1.6737
2013-09-16,0.0120,15.8473,19.1209,-1.6610
2013-09-17,0.0084,15.3618,18.7779,-1.7692
2013-09-18,0.0099,15.5287,18.5925,-1.8200
2013-09-19,0.0091,15.5491,18.3458,-1.8930
2013-09-20,0.0118,15.6230,18.3724,-1.8685
2013-09-23,0.0152,16.0026,18.7184,-1.7335
2013-09-24,0.0088,16.0667,18.4345,-1.8220
2013-09-25,0.0106,16.5177,18.3392,-1.8394
2013-09-26,0.0088,16.4786,18.0744,-1.9142
2013-09-27,0.0085,16.4098,17.8031,-1.9894
2013-09-30,0.0145,16.7837,18.1120,-1.8599
2013-10-01,0.0086,16.9321,17.8400,-1.9346
2013-10-02,0.0074,16.4173,17.4792,-2.0393
2013-10-03,0.0159,16.8398,17.9480,-1.8556
2013-10-04,0.0157,17.5063,18.3676,-1.6917
2013-10-07,0.0111,17.4387,18.3222,-1.6906
2013-10-08,0.0192,18.4433,19.0528,-1.4241
2013-10-09,0.0143,18.7402,19.2688,-1.3392
2013-10-10,0.0094,18.2347,19.0061,-1.4198
2013-10-11,0.0102,18.1149,18.8376,-1.4665
2013-10-14,0.0059,17.7971,18.2721,-1.6484
2013-10-15,0.0076,17.4604,17.8959,-1.7610
2013-10-16,0.0071,17.3612,17.5014,-1.8764
2013-10-17,0.0062,17.0831,17.0422,-2.0098
2013-10-18,0.0118,17.2837,17.1412,-1.9527
2013-10-21,0.0073,16.9388,16.8055,-2.0412
2013-10-22,0.0098,16.5330,16.7343,-2.0391
2013-10-23,0.0090,16.5503,16.5912,-2.0618
2013-10-24,0.0113,16.5994,16.6684,-2.0124
2013-10-25,0.0096,16.6619,16.5826,-2.0186
2013-10-28,0.0135,17.0396,16.8767,-1.9027
2013-10-29,0.0097,16.6770,16.7843,-1.9137
2013-10-30,0.0118,16.9246,16.9040,-1.8549
2013-10-31,0.0086,17.0091,16.7057,-1.8989
2013-11-01,0.0083,16.4352,16.4979,-1.9446
2013-11-04,0.0137,16.2848,16.8150,-1.8222
2013-11-05,0.0141,16.5126,17.1497,-1.6976
2013-11-06,0.0117,15.9457,17.2365,-1.6537
2013-11-07,0.0125,15.8103,17.3907,-1.5897
2013-11-08,0.0211,16.6928,18.3527,-1.2720
2013-11-11,0.0090,16.6041,18.1116,-1.3414
2013-11-12,0.0139,17.2049,18.3467,-1.2594
2013-11-13,0.0126,17.5823,18.4415,-1.2228
2013-11-14,0.0089,17.7169,18.1839,-1.3015
2013-11-15,0.0120,18.1531,18.2333,-1.2820
2013-11-18,0.0097,17.9953,18.0621,-1.3385
2013-11-19,0.0136,18.4763,18.2771,-1.2660
2013-11-20,0.0105,18.5241,18.1779,-1.2983
2013-11-21,0.0083,18.4703,17.8804,-1.3977
2013-11-22,0.0062,18.0855,17.3954,-1.5609
2013-11-25,0.0090,18.0408,17.2096,-1.6178
2013-11-26,0.0102,17.7918,17.1524,-1.6316
2013-11-27,0.0096,17.7834,17.0329,-1.6681
2013-11-29,0.0101,17.6537,16.9742,-1.6826
2013-12-02,0.0134,18.0185,17.2314,-1.5836
2013-12-03,0.0143,18.4701,17.5611,-1.4583
2013-12-04,0.0106,18.2373,17.5210,-1.4660
2013-12-05,0.0079,17.7672,17.2211,-1.5671
2013-12-06,0.0124,17.8207,17.3709,-1.5036
2013-12-09,0.0116,17.7537,17.4327,-1.4716
2013-12-10,0.0144,17.2517,17.7596,-1.3451
2013-12-11,0.0076,17.1451,17.4198,-1.4638
2013-12-12,0.0132,17.0940,17.6320,-1.3788
2013-12-13,0.0106,16.9456,17.5828,-1.3917
2013-12-16,0.0070,16.8021,17.1959,-1.5290
2013-12-17,0.0113,16.7507,17.2398,-1.5049
2013-12-18,0.0172,17.3159,17.8403,-1.2708
2013-12-19,0.0087,16.9395,17.5944,-1.3553
2013-12-20,0.0100,16.9053,17.4930,-1.3838
2013-12-23,0.0117,17.1565,17.5532,-1.3509
2013-12-24,0.0092,17.3864,17.3775,-1.4063
2013-12-26,0.0106,17.5065,17.3440,-1.4072
2013-12-27,0.0058,17.1733,16.8589,-1.5775
2013-12-30,0.0066,16.9512,16.4773,-1.7058
2013-12-31,0.0088,16.8523,16.3273,-1.7448
2014-01-02,0.0114,16.6986,16.4296,-1.6889
2014-01-03,0.0103,16.3942,16.4239,-1.6742
2014-01-06,0.0142,16.6595,16.7862,-1.5246
2014-01-07,0.0112,16.9127,16.8495,-1.4882
2014-01-08,0.0115,16.8432,16.9340,-1.4452
2014-01-09,0.0136,16.9943,17.2124,-1.3323
2014-01-10,0.0141,16.9705,17.5226,-1.2077
2014-01-13,0.0172,17.6954,18.1104,-0.9798
2014-01-14,0.0161,17.9157,18.5587,-0.8047
2014-01-15,0.0094,17.8273,18.3425,-0.8790
2014-01-16,0.0063,17.7758,17.8451,-1.0582
2014-01-17,0.0156,18.1019,18.2609,-0.8942
2014-01-21,0.0118,17.6978,18.2911,-0.8759
2014-01-22,0.0113,17.9013,18.2746,-0.8752
2014-01-23,0.0133,18.1458,18.4404,-0.8066
2014-01-24,0.0105,18.0606,18.3363,-0.8397
2014-01-27,0.0182,18.7383,18.9676,-0.5976
2014-01-28,0.0088,18.6058,18.6718,-0.7040
2014-01-29,0.0079,18.7586,18.2996,-0.8383
2014-01-30,0.0091,18.9446,18.0658,-0.9196
2014-01-31,0.0110,19.1088,18.0274,-0.9272
2014-02-03,0.0129,19.2240,18.1729,-0.8669
2014-02-04,0.0087,19.1039,17.9112,-0.9576
2014-02-05,0.0091,18.7215,17.7025,-1.0276
2014-02-06,0.0082,18.4916,17.4211,-1.1236
2014-02-07,0.0139,18.6696,17.6956,-1.0132
2014-02-10,0.0125,18.5897,17.8276,-0.9566
2014-02-11,0.0128,18.4925,17.9784,-0.8935
2014-02-12,0.0192,18.6436,18.7293,-0.6092
2014-02-13,0.0206,18.9816,19.5663,-0.2936
2014-02-14,0.0174,19.5870,20.0524,-0.1070
2014-02-18,0.0091,19.7944,19.7138,-0.2277
2014-02-19,0.0169,19.8902,20.1381,-0.0627
2014-02-20,0.0158,20.1912,20.4350,0.0562
2014-02-21,0.0173,20.6441,20.8605,0.2245
2014-02-24,0.0210,21.2312,21.6109,0.5166
2014-02-25,0.0127,21.3954,21.5235,0.4895
2014-02-26,0.0124,20.9584,21.4129,0.4526
2014-02-27,0.0155,21.4638,21.6072,0.5335
2014-02-28,0.0181,22.2387,22.0352,0.7059
2014-03-03,0.0153,22.7073,22.1678,0.7639
2014-03-04,0.0090,22.5545,21.6906,0.5839
2014-03-05,0.0084,22.2128,21.1859,0.3906
2014-03-06,0.0127,22.5155,21.1247,0.3713
2014-03-07,0.0098,22.5719,20.7943,0.2460
2014-03-10,0.0125,22.8943,20.7337,0.2259
2014-03-11,0.0116,22.7235,20.5941,0.1736
2014-03-12,0.0114,22.6401,20.4472,0.1181
2014-03-13,0.0219,23.3263,21.3053,0.4625
2014-03-14,0.0140,22.9322,21.3601,0.4861
2014-03-17,0.0077,21.9586,20.8125,0.2689
2014-03-18,0.0178,21.9880,21.2609,0.4482
2014-03-19,0.0212,22.9028,22.0025,0.7428
2014-03-20,0.0128,22.5962,21.9031,0.7012
2014-03-21,0.0154,22.5675,22.0579,0.7595
2014-03-24,0.0197,22.7426,22.6067,0.9719
2014-03-25,0.0120,22.0628,22.3958,0.8826
2014-03-26,0.0372,23.9150,24.5950,1.7371
2014-03-27,0.0206,24.5374,25.0845,1.9077
2014-03-28,0.0108,24.1822,24.6108,1.7044
2014-03-31,0.0110,23.6458,24.1827,1.5241
2014-04-01,0.0225,24.1942,24.8775,1.7750
2014-04-02,0.0082,24.1380,24.1669,1.4887
2014-04-03,0.0226,25.2152,24.8709,1.7411
2014-04-04,0.0241,26.0801,25.6784,2.0242
2014-04-07,0.0192,26.7904,25.9698,2.1074
2014-04-08,0.0173,27.1571,26.0607,2.1154
2014-04-09,0.0153,27.4365,25.9536,2.0506
2014-04-10,0.0233,28.3311,26.6123,2.2661
2014-04-11,0.0245,28.5305,27.3517,2.5046
2014-04-14,0.0101,28.2359,26.6725,2.2376
2014-04-15,0.0146,28.7538,26.4587,2.1400
2014-04-16,0.0114,28.2686,25.9570,1.9458
2014-04-17,0.0125,27.6111,25.5883,1.8030
2014-04-21,0.0108,27.4600,25.0834,1.6161
2014-04-22,0.0124,27.2339,24.7626,1.4962
2014-04-23,0.0079,26.3446,24.0284,1.2366
2014-04-24,0.0087,26.0915,23.4134,1.0226
2014-04-25,0.0209,24.8607,24.0007,1.2251
2014-04-28,0.0198,24.7947,24.4427,1.3727
2014-04-29,0.0106,24.7763,23.9844,1.2080
2014-04-30,0.0071,24.4803,23.2209,0.9399
2014-05-01,0.0127,23.7390,23.0393,0.8741
2014-05-02,0.0105,23.9099,22.6543,0.7389
2014-05-05,0.0124,23.1404,22.4795,0.6759
2014-05-06,0.0225,23.0150,23.2726,0.9450
2014-05-07,0.0135,22.5851,23.1666,0.9040
2014-05-08,0.0240,23.0907,24.0627,1.2056
2014-05-09,0.0153,23.0935,24.0790,1.2038
2014-05-12,0.0125,22.2824,23.8282,1.1115
2014-05-13,0.0156,21.6109,23.8885,1.1256
2014-05-14,0.0082,21.4691,23.2384,0.8998
2014-05-15,0.0132,21.3667,23.1017,0.8493
2014-05-16,0.0084,21.1366,22.5115,0.6460
2014-05-19,0.0175,21.5190,22.8315,0.7518
2014-05-20,0.0117,21.5872,22.5778,0.6625
2014-05-21,0.0129,21.6240,22.4538,0.6177
2014-05-22,0.0074,21.5907,21.8161,0.4008
2014-05-23,0.0101,21.6965,21.4672,0.2827
2014-05-27,0.0077,20.6958,20.9103,0.0950
2014-05-28,0.0143,20.2820,21.0164,0.1318
2014-05-29,0.0082,20.0980,20.5319,-0.0317
2014-05-30,0.0073,20.1122,19.9935,-0.2123
2014-06-02,0.0144,20.2374,20.1632,-0.1531
2014-06-03,0.0141,20.5136,20.2988,-0.1046
2014-06-04,0.0079,20.1705,19.8329,-0.2588
2014-06-05,0.0081,19.0800,19.4108,-0.3976
2014-06-06,0.0081,18.6699,19.0198,-0.5258
2014-06-09,0.0129,17.8324,19.1095,-0.4910
2014-06-10,0.0113,17.5296,19.0415,-0.5102
2014-06-11,0.0088,17.2478,18.7379,-0.6089
2014-06-12,0.0133,17.0703,18.8800,-0.5561
2014-06-13,0.0125,17.3948,18.9392,-0.5314
2014-06-16,0.0109,17.2176,18.8371,-0.5618
2014-06-17,0.0099,17.3337,18.6491,-0.6214
2014-06-18,0.0108,16.8257,18.5608,-0.6463
2014-06-19,0.0118,16.8334,18.5731,-0.6360
2014-06-20,0.0157,17.0438,18.9544,-0.4997
2014-06-23,0.0098,17.2244,18.7543,-0.5622
2014-06-24,0.0165,17.7086,19.1991,-0.4022
2014-06-25,0.0113,17.9843,19.1257,-0.4215
2014-06-26,0.0089,17.5788,18.8279,-0.5197
2014-06-27,0.0099,17.7125,18.6432,-0.5786
2014-06-30,0.0074,17.7226,18.2308,-0.7187
2014-07-01,0.0131,17.6241,18.3822,-0.6586
2014-07-02,0.0072,17.1004,17.9649,-0.8015
2014-07-03,0.0095,17.2183,17.7875,-0.8586
2014-07-07,0.0058,17.0443,17.2688,-1.0379
2014-07-08,0.0133,17.4364,17.5005,-0.9467
2014-07-09,0.0191,17.9066,18.2737,-0.6609
2014-07-10,0.0163,18.2807,18.7273,-0.4913
2014-07-11,0.0055,18.0332,18.1307,-0.7023
2014-07-14,0.0089,17.7024,17.8923,-0.7829
2014-07-15,0.0083,17.3815,17.6065,-0.8800
2014-07-16,0.0127,17.5214,17.7608,-0.8183
2014-07-17,0.0124,17.7095,17.8742,-0.7723
2014-07-18,0.0187,18.3045,18.5821,-0.5130
2014-07-21,0.0102,18.1791,18.4352,-0.5618
2014-07-22,0.0115,17.8637,18.4273,-0.5603
2014-07-23,0.0096,17.8444,18.2346,-0.6256
2014-07-24,0.0095,17.3139,18.0421,-0.6910
2014-07-25,0.0094,17.1676,17.8538,-0.7539
2014-07-28,0.0173,17.7977,18.4262,-0.5441
2014-07-29,0.0117,17.9353,18.4390,-0.5365
2014-07-30,0.0093,18.0795,18.2205,-0.6113
2014-07-31,0.0169,18.3705,18.7393,-0.4216
2014-08-01,0.0123,18.7595,18.7906,-0.4001
2014-08-04,0.0104,18.8286,18.6508,-0.4474
2014-08-05,0.0187,19.8049,19.3104,-0.2082
2014-08-06,0.0177,20.1363,19.8372,-0.0180
2014-08-07,0.0215,20.3145,20.6948,0.2898
2014-08-08,0.0208,20.6585,21.4365,0.5544
2014-08-11,0.0084,20.8786,20.9547,0.3815
2014-08-12,0.0116,21.0834,20.8049,0.3403
2014-08-13,0.0131,21.4520,20.8087,0.3527
2014-08-14,0.0098,21.2356,20.4982,0.2505
2014-08-15,0.0165,21.5508,20.8446,0.3934
2014-08-18,0.0132,21.1351,20.8504,0.4093
2014-08-19,0.0107,21.1738,20.6162,0.3308
2014-08-20,0.0068,20.8142,20.0244,0.1108
2014-08-21,0.0086,20.7406,19.6431,-0.0303
2014-08-22,0.0114,20.8902,19.5546,-0.0584
2014-08-25,0.0079,20.7812,19.1382,-0.2169
2014-08-26,0.0113,20.3314,19.0668,-0.2405
2014-08-27,0.0097,20.1784,18.8483,-0.3228
2014-08-28,0.0089,20.1479,18.5668,-0.4302
2014-08-29,0.0088,19.5304,18.2868,-0.5372
2014-09-02,0.0066,19.0930,17.8141,-0.7202
2014-09-03,0.0098,19.0480,17.6762,-0.7697
2014-09-04,0.0137,18.6698,17.9177,-0.6695
2014-09-05,0.0091,18.0217,17.7115,-0.7472
2014-09-08,0.0086,17.0487,17.4706,-0.8379
2014-09-09,0.0099,16.2246,17.3674,-0.8747
2014-09-10,0.0090,16.2628,17.1779,-0.9452
2014-09-11,0.0123,16.3108,17.3152,-0.8864
2014-09-12,0.0086,15.9670,17.0953,-0.9677
2014-09-15,0.0121,16.1388,17.2240,-0.9127
2014-09-16,0.0147,15.9985,17.5902,-0.7658
2014-09-17,0.0120,15.9099,17.6795,-0.7285
2014-09-18,0.0073,15.6573,17.3173,-0.8672
2014-09-19,0.0107,15.9519,17.2946,-0.8735
2014-09-22,0.0117,16.1844,17.3701,-0.8416
2014-09-23,0.0112,16.1677,17.3968,-0.8282
2014-09-24,0.0064,16.0479,16.9590,-0.9950
2014-09-25,0.0127,16.1529,17.1506,-0.9174
2014-09-26,0.0076,15.9912,16.8434,-1.0333
2014-09-29,0.0160,16.5259,17.3559,-0.8333
2014-09-30,0.0134,16.8802,17.5950,-0.7394
2014-10-01,0.0132,17.3811,17.7950,-0.6617
2014-10-02,0.0219,18.2958,18.8107,-0.2703
2014-10-03,0.0121,18.1749,18.8318,-0.2636
2014-10-06,0.0163,18.7208,19.2586,-0.0993
2014-10-07,0.0115,18.9397,19.2007,-0.1232
2014-10-08,0.0193,19.6459,19.8835,0.1409
2014-10-09,0.0146,20.0724,20.0805,0.2162
2014-10-10,0.0232,20.9020,21.0889,0.6044
2014-10-13,0.0211,21.8464,21.8325,0.8873
2014-10-14,0.0293,23.1447,23.3129,1.4483
2014-10-15,0.0227,23.7485,24.0744,1.7241
2014-10-16,0.0197,24.3279,24.5048,1.8681
2014-10-17,0.0186,25.1823,24.8096,1.9614
2014-10-20,0.0165,25.6247,24.8948,1.9702
2014-10-21,0.0167,26.0003,24.9875,1.9819
2014-10-22,0.0115,26.0250,24.5883,1.8128
2014-10-23,0.0132,26.5430,24.3716,1.7148
2014-10-24,0.0112,26.4287,23.9745,1.5526
2014-10-27,0.0111,26.6961,23.5947,1.3995
2014-10-28,0.0117,26.3709,23.2925,1.2766
2014-10-29,0.0120,26.2591,23.0344,1.1713
2014-10-30,0.0146,26.3667,23.0437,1.1654
2014-10-31,0.0140,25.7696,22.9922,1.1373
2014-11-03,0.0096,25.5823,22.5263,0.9568
2014-11-04,0.0184,25.7350,22.9239,1.0960
2014-11-05,0.0091,25.5534,22.4172,0.9003
2014-11-06,0.0137,25.1301,22.3737,0.8770
2014-11-07,0.0328,26.5072,24.1564,1.5266
2014-11-10,0.0131,25.7411,23.9549,1.4387
2014-11-11,0.0138,25.1879,23.8296,1.3801
2014-11-12,0.0136,24.0013,23.6951,1.3191
2014-11-13,0.0118,23.1820,23.4014,1.2012
2014-11-14,0.0131,22.6822,23.2423,1.1336
2014-11-17,0.0122,22.1940,23.0078,1.0394
2014-11-18,0.0137,21.9838,22.9362,1.0053
2014-11-19,0.0124,21.6645,22.7441,0.9278
2014-11-20,0.0128,21.7591,22.5987,0.8678
2014-11-21,0.0091,21.4487,22.1102,0.6835
2014-11-24,0.0083,21.2274,21.5701,0.4806
2014-11-25,0.0075,20.9536,20.9896,0.2631
2014-11-26,0.0096,20.7973,20.6467,0.1324
2014-11-28,0.0098,20.6317,20.3387,0.0142
2014-12-01,0.0124,20.4646,20.2992,-0.0053
2014-12-02,0.0113,20.2596,20.1540,-0.0635
2014-12-03,0.0111,20.3730,20.0013,-0.1241
2014-12-04,0.0119,19.8836,19.9337,-0.1531
2014-12-05,0.0070,19.7234,19.4046,-0.3546
2014-12-08,0.0197,20.1786,20.1154,-0.0931
2014-12-09,0.0143,18.7812,20.2729,-0.0384
2014-12-10,0.0122,18.7165,20.2229,-0.0610
2014-12-11,0.0100,18.4310,19.9617,-0.1635
2014-12-12,0.0164,18.6424,20.3257,-0.0303
2014-12-15,0.0236,19.5284,21.3506,0.3524
2014-12-16,0.0176,19.8737,21.7496,0.4980
2014-12-17,0.0365,21.7099,23.9183,1.3112
2014-12-18,0.0202,22.1990,24.4083,1.4838
2014-12-19,0.0113,22.1156,24.0228,1.3266
2014-12-22,0.0104,21.9339,23.5716,1.1467
2014-12-23,0.0109,22.0683,23.1942,0.9960
2014-12-24,0.0048,21.8042,22.2563,0.6349
2014-12-26,0.0061,21.7024,21.5063,0.3451
2014-12-29,0.0092,21.6735,21.0959,0.1833
2014-12-30,0.0060,21.3914,20.4056,-0.0868
2014-12-31,0.0146,21.5602,20.5747,-0.0285
2015-01-02,0.0166,21.9621,20.9195,0.0983
2015-01-05,0.0138,22.1648,20.9763,0.1139
2015-01-06,0.0137,22.2998,21.0202,0.1251
2015-01-07,0.0141,22.8378,21.1038,0.1519
2015-01-08,0.0162,22.5735,21.3796,0.2547
2015-01-09,0.0153,22.6468,21.5537,0.3179
2015-01-12,0.0148,22.8406,21.6710,0.3590
2015-01-13,0.0250,23.9731,22.7499,0.7820
2015-01-14,0.0111,23.5742,22.4440,0.6544
2015-01-15,0.0117,22.6771,22.2113,0.5562
2015-01-16,0.0115,22.2152,21.9768,0.4571
2015-01-20,0.0154,20.6199,22.1217,0.5098
2015-01-21,0.0165,20.3403,22.3673,0.6026
2015-01-22,0.0177,20.8257,22.7158,0.7363
2015-01-23,0.0085,20.6813,22.1612,0.5081
2015-01-26,0.0079,20.4551,21.5833,0.2709
2015-01-27,0.0153,21.2517,21.7458,0.3323
2015-01-28,0.0153,21.9408,21.8946,0.3878
2015-01-29,0.0189,22.6676,22.3768,0.5771
2015-01-30,0.0211,23.8052,23.0430,0.8400
2015-02-02,0.0261,24.6737,24.1482,1.2777
2015-02-03,0.0126,24.3765,23.9040,1.1694
2015-02-04,0.0136,24.3626,23.7643,1.1041
2015-02-05,0.0071,23.8638,23.0124,0.7926
2015-02-06,0.0136,23.8265,22.9295,0.7524
2015-02-09,0.0096,23.3307,22.4710,0.5595
2015-02-10,0.0149,23.3027,22.5444,0.5836
2015-02-11,0.0097,22.9143,22.1129,0.4010
2015-02-12,0.0182,22.4043,22.5226,0.5642
2015-02-13,0.0136,22.5949,22.4705,0.5381
2015-02-17,0.0110,22.5417,22.1692,0.4105
2015-02-18,0.0075,22.2351,21.5509,0.1526
2015-02-19,0.0097,21.8032,21.1771,-0.0033
2015-02-20,0.0100,21.3081,20.8556,-0.1367
2015-02-23,0.0076,20.5373,20.3237,-0.3553
2015-02-24,0.0104,20.6793,20.0915,-0.4485
2015-02-25,0.0086,20.7358,19.7090,-0.6030
2015-02-26,0.0098,20.3215,19.4619,-0.7010
2015-02-27,0.0063,19.6469,18.8977,-0.9274
2015-03-02,0.0168,19.4949,19.3682,-0.7290
2015-03-03,0.0117,18.7853,19.3208,-0.7432
2015-03-04,0.0118,17.7001,19.2819,-0.7545
2015-03-05,0.0116,17.6218,19.2311,-0.7713
2015-03-06,0.0083,17.2221,18.8682,-0.9147
2015-03-09,0.0083,17.3160,18.5283,-1.0478
2015-03-10,0.0125,17.2341,18.6112,-1.0085
2015-03-11,0.0144,17.5913,18.8619,-0.9022
2015-03-12,0.0185,17.8623,19.4934,-0.6434
2015-03-13,0.0156,18.3072,19.8055,-0.5139
2015-03-16,0.0115,17.7959,19.7094,-0.5499
2015-03-17,0.0125,17.7124,19.7209,-0.5432
2015-03-18,0.0193,18.3376,20.3723,-0.2775
2015-03-19,0.0142,18.8466,20.5032,-0.2220
2015-03-20,0.0126,19.0689,20.4724,-0.2322
2015-03-23,0.0113,19.1710,20.3217,-0.2906
2015-03-24,0.0142,19.6743,20.4560,-0.2328
2015-03-25,0.0255,20.8218,21.6617,0.2582
2015-03-26,0.0174,21.4820,22.0169,0.4082
2015-03-27,0.0222,22.4196,22.8127,0.7398
2015-03-30,0.0126,22.8900,22.6402,0.6746
2015-03-31,0.0102,22.3842,22.2488,0.5184
2015-04-01,0.0146,22.6011,22.3019,0.5470
2015-04-02,0.0102,22.4842,21.9368,0.4007
2015-04-06,0.0259,23.5624,23.0853,0.8842
2015-04-07,0.0170,24.2178,23.3169,0.9904
2015-04-08,0.0133,24.5957,23.1862,0.9470
2015-04-09,0.0149,24.7745,23.2150,0.9712
2015-04-10,0.0074,24.2487,22.5269,0.6897
2015-04-13,0.0114,23.7079,22.2571,0.5880
2015-04-14,0.0127,23.4900,22.1289,0.5497
2015-04-15,0.0142,23.6987,22.1563,0.5768
2015-04-16,0.0113,23.6056,21.9037,0.4779
2015-04-17,0.0120,23.0590,21.7353,0.4137
2015-04-20,0.0109,22.8100,21.4707,0.3032
2015-04-21,0.0100,22.6169,21.1386,0.1585
2015-04-22,0.0153,22.9197,21.3294,0.2552
2015-04-23,0.0233,23.6103,22.2734,0.7024
2015-04-24,0.0132,22.6776,22.1949,0.6694
2015-04-27,0.0214,22.9841,22.9043,1.0077
2015-04-28,0.0134,22.3165,22.8057,0.9683
2015-04-29,0.0102,22.1370,22.4074,0.7853
2015-04-30,0.0094,22.0794,21.9575,0.5751
2015-05-01,0.0135,22.0001,21.9281,0.5642
2015-05-04,0.0101,21.9886,21.5709,0.3963
2015-05-05,0.0144,21.1188,21.6454,0.4340
2015-05-06,0.0176,21.1627,22.0187,0.6162
2015-05-07,0.0144,21.2475,22.0729,0.6455
2015-05-08,0.0448,23.5072,25.0155,2.0497
2015-05-11,0.0155,24.1231,24.9954,2.0319
2015-05-12,0.0147,24.3749,24.8948,1.9750
2015-05-13,0.0131,24.4098,24.6524,1.8538
2015-05-14,0.0122,24.2543,24.3324,1.6949
2015-05-15,0.0100,24.1565,23.8260,1.4516
2015-05-18,0.0083,23.8736,23.1859,1.1468
2015-05-19,0.0077,23.6314,22.5291,0.8382
2015-05-20,0.0094,23.5796,22.0681,0.6222
2015-05-21,0.0078,23.0077,21.4826,0.3480
2015-05-22,0.0067,21.7485,20.8308,0.0419
2015-05-26,0.0112,21.5981,20.6494,-0.0423
2015-05-27,0.0250,21.8699,21.7940,0.4970
2015-05-28,0.0101,21.6198,21.4469,0.3321
2015-05-29,0.0057,21.2830,20.7057,-0.0184
2015-06-01,0.0145,21.6723,20.8484,0.0474
2015-06-02,0.0112,21.4993,20.6677,-0.0390
2015-06-03,0.0141,21.8023,20.7678,0.0075
2015-06-04,0.0120,21.6259,20.6683,-0.0412
2015-06-05,0.0170,21.5818,21.0446,0.1338
2015-06-08,0.0241,22.3100,22.0748,0.6160
2015-06-09,0.0090,19.6051,21.6091,0.3912
2015-06-10,0.0122,19.3549,21.4782,0.3249
2015-06-11,0.0105,19.0375,21.1886,0.1832
2015-06-12,0.0162,19.2693,21.4606,0.3081
2015-06-15,0.0109,19.1744,21.2126,0.1860
2015-06-16,0.0158,19.6136,21.4468,0.2932
2015-06-17,0.0120,19.8927,21.3011,0.2191
2015-06-18,0.0112,20.1533,21.0857,0.1114
2015-06-19,0.0144,20.5346,21.1918,0.1577
2015-06-22,0.0185,21.3469,21.6824,0.3890
2015-06-23,0.0256,22.7744,22.8171,0.9280
2015-06-24,0.0119,22.8292,22.5857,0.8100
2015-06-25,0.0085,21.5776,22.0372,0.5407
2015-06-26,0.0099,21.5627,21.6566,0.3524
2015-06-29,0.0181,22.4959,22.0787,0.5507
2015-06-30,0.0120,22.3024,21.8952,0.4563
2015-07-01,0.0225,23.1544,22.7251,0.8522
2015-07-02,0.0090,22.7678,22.2148,0.5980
2015-07-06,0.0176,23.1895,22.5598,0.7600
2015-07-07,0.0340,24.4743,24.4414,1.6695
2015-07-08,0.0111,23.4950,24.0339,1.4595
2015-07-09,0.0211,24.4081,24.6011,1.7221
2015-07-10,0.0111,24.3211,24.1811,1.5028
2015-07-13,0.0083,24.1523,23.5167,1.1691
2015-07-14,0.0107,23.7368,23.1255,0.9703
2015-07-15,0.0140,23.9719,23.0738,0.9383
2015-07-16,0.0096,23.4995,22.6011,0.6988
2015-07-17,0.0116,23.4692,22.3480,0.5671
2015-07-20,0.0135,23.6455,22.2918,0.5333
2015-07-21,0.0140,23.6161,22.2885,0.5258
2015-07-22,0.0157,23.4068,22.4496,0.6005
2015-07-23,0.0180,22.8310,22.8129,0.7768
2015-07-24,0.0123,22.8561,22.6133,0.6699
2015-07-27,0.0160,23.4251,22.7801,0.7483
2015-07-28,0.0225,24.3771,23.5544,1.1346
2015-07-29,0.0163,24.2425,23.6930,1.1965
2015-07-30,0.0101,24.1003,23.2335,0.9545
2015-07-31,0.0088,23.0607,22.6732,0.6609
2015-08-03,0.0152,23.5344,22.7628,0.7007
2015-08-04,0.0090,22.8834,22.2548,0.4329
2015-08-05,0.0082,20.9351,21.6997,0.1409
2015-08-06,0.0196,21.5773,22.2659,0.4302
2015-08-07,0.0444,23.3359,25.1550,1.9083
2015-08-10,0.0288,24.6733,26.3871,2.5018
2015-08-11,0.0123,24.9816,25.9787,2.2605
2015-08-12,0.0141,25.2388,25.7638,2.1234
2015-08-13,0.0082,24.7971,24.9973,1.7221
2015-08-14,0.0096,24.7963,24.4082,1.4167
2015-08-17,0.0118,24.8118,24.0661,1.2375
2015-08-18,0.0142,24.8640,23.9726,1.1822
2015-08-19,0.0174,25.1227,24.1945,1.2808
2015-08-20,0.0192,25.3884,24.5759,1.4548
2015-08-21,0.0255,25.9614,25.5336,1.9019
2015-08-24,0.0605,29.6033,29.7596,3.8303
2015-08-25,0.0266,30.4064,30.5096,4.0375
2015-08-26,0.0240,30.5195,30.9626,4.0920
2015-08-27,0.0164,30.5243,30.6627,3.8332
2015-08-28,0.0122,30.6808,29.9823,3.4480
2015-08-31,0.0116,30.8949,29.2868,3.0883
2015-09-01,0.0248,31.6167,29.8891,3.2673
2015-09-02,0.0140,31.9975,29.4332,3.0229
2015-09-03,0.0109,32.2031,28.7065,2.6857
2015-09-04,0.0156,31.8978,28.4677,2.5541
2015-09-08,0.0145,29.6415,28.1418,2.3954
2015-09-09,0.0190,28.9022,28.2630,2.4153
2015-09-10,0.0236,29.7536,28.8149,2.6002
2015-09-11,0.0152,29.8359,28.5336,2.4602
2015-09-14,0.0079,29.8123,27.5711,2.0661
2015-09-15,0.0116,29.9659,27.0212,1.8377
2015-09-16,0.0144,30.1641,26.7720,1.7274
2015-09-17,0.0126,30.0429,26.3634,1.5566
2015-09-18,0.0178,30.0703,26.4763,1.5914
2015-09-21,0.0100,29.3749,25.8447,1.3352
2015-09-22,0.0121,28.3606,25.4482,1.1719
2015-09-23,0.0095,24.5119,24.8300,0.9200
2015-09-24,0.0326,24.9652,26.4469,1.5614
2015-09-25,0.0203,24.6892,26.7959,1.6932
2015-09-28,0.0165,24.6966,26.7553,1.6699
2015-09-29,0.0154,24.9401,26.6162,1.6050
2015-09-30,0.0183,25.4479,26.7625,1.6553
2015-10-01,0.0346,26.1906,28.4520,2.3242
2015-10-02,0.0221,26.8027,28.8536,2.4550
2015-10-05,0.0225,27.6766,29.2628,2.5829
2015-10-06,0.0171,27.7901,29.1337,2.4940
2015-10-07,0.0238,28.4950,29.6559,2.6592
2015-10-08,0.0201,28.5800,29.7934,2.6671
2015-10-09,0.0191,28.2374,29.8218,2.6327
2015-10-12,0.0148,28.2056,29.4400,2.4453
2015-10-13,0.0123,28.5369,28.8406,2.1854
2015-10-14,0.0292,29.8701,29.8944,2.5410
2015-10-15,0.0221,30.4489,30.2021,2.6113
2015-10-16,0.0152,30.6511,29.8423,2.4425
2015-10-19,0.0147,30.4163,29.4508,2.2710
2015-10-20,0.0106,30.4562,28.6909,1.9773
2015-10-21,0.0150,30.6715,28.3949,1.8551
2015-10-22,0.0136,30.9797,27.9882,1.6964
2015-10-23,0.0138,29.5597,27.6265,1.5567
2015-10-26,0.0115,28.8911,27.0622,1.3486
2015-10-27,0.0075,28.2145,26.1532,1.0235
2015-10-28,0.0116,27.9306,25.6925,0.8573
2015-10-29,0.0185,27.9441,25.9113,0.9283
2015-10-30,0.0181,26.7007,26.0850,0.9829
2015-11-02,0.0096,25.7516,25.4328,0.7511
2015-11-03,0.0127,25.0102,25.1132,0.6358
2015-11-04,0.0161,24.9377,25.1416,0.6421
2015-11-05,0.0119,24.0352,24.7662,0.5080
2015-11-06,0.0433,25.7845,27.4012,1.4124
2015-11-09,0.0115,25.2136,26.8539,1.2156
2015-11-10,0.0232,25.8514,27.4537,1.4126
2015-11-11,0.0135,25.9443,27.0905,1.2790
2015-11-12,0.0104,24.5209,26.4559,1.0551
2015-11-13,0.0170,24.1357,26.4845,1.0583
2015-11-16,0.0101,23.7490,25.8605,0.8404
2015-11-17,0.0089,23.3117,25.1569,0.5971
2015-11-18,0.0192,23.9604,25.4721,0.7004
2015-11-19,0.0122,23.7549,25.1103,0.5737
2015-11-20,0.0092,23.4217,24.4809,0.3568
2015-11-23,0.0123,23.3062,24.1841,0.2531
2015-11-24,0.0141,23.5076,24.0801,0.2144
2015-11-25,0.0104,23.7266,23.6259,0.0562
2015-11-27,0.0096,23.5739,23.1244,-0.1185
2015-11-30,0.0087,22.8338,22.5648,-0.3134
2015-12-01,0.0103,22.2392,22.1901,-0.4452
2015-12-02,0.0142,22.5888,22.2121,-0.4415
2015-12-03,0.0168,22.9028,22.4813,-0.3532
2015-12-04,0.0159,22.8877,22.6487,-0.3000
2015-12-07,0.0101,22.7519,22.2517,-0.4429
2015-12-08,0.0202,21.0085,22.8409,-0.2427
2015-12-09,0.0250,22.0250,23.8480,0.1032
2015-12-10,0.0093,20.9763,23.3068,-0.0902
2015-12-11,0.0095,20.6741,22.8116,-0.2683
2015-12-14,0.0124,20.8235,22.6220,-0.3388
2015-12-15,0.0094,20.2528,22.1616,-0.5023
2015-12-16,0.0111,20.3249,21.8878,-0.5990
2015-12-17,0.0164,20.8944,22.1401,-0.5074
2015-12-18,0.0134,20.4606,22.0897,-0.5217
2015-12-21,0.0138,20.5781,22.0790,-0.5225
2015-12-22,0.0113,20.7348,21.8288,-0.6076
2015-12-23,0.0056,20.2261,21.0502,-0.8769
2015-12-24,0.0061,19.6183,20.3684,-1.1112
2015-12-28,0.0157,20.0208,20.6441,-1.0124
2015-12-29,0.0115,20.1626,20.5001,-1.0611
2015-12-30,0.0107,20.3167,20.2922,-1.1334
2015-12-31,0.0087,20.2006,19.9076,-1.2655
2016-01-04,0.0117,20.0123,19.8292,-1.2892
2016-01-05,0.0201,20.2596,20.5530,-1.0358
2016-01-06,0.0251,20.9562,21.7139,-0.6329
2016-01-07,0.0230,21.9350,22.6061,-0.3244
2016-01-08,0.0156,21.5873,22.7360,-0.2812
2016-01-11,0.0177,21.0399,23.0598,-0.1704
2016-01-12,0.0152,21.4798,23.1201,-0.1514
2016-01-13,0.0221,22.4362,23.8412,0.0994
2016-01-14,0.0294,23.7209,25.2084,0.5738
2016-01-15,0.0300,25.2762,26.5525,1.0362
2016-01-19,0.0303,26.7280,27.8446,1.4738
2016-01-20,0.0325,27.9442,29.2719,1.9467
2016-01-21,0.0260,28.8967,29.9937,2.1659
2016-01-22,0.0088,28.5194,29.0334,1.8168
2016-01-25,0.0101,28.4331,28.2572,1.5380
2016-01-26,0.0149,29.1363,27.9789,1.4308
2016-01-27,0.0223,30.3617,28.4254,1.5663
2016-01-28,0.0275,31.2526,29.3402,1.8527
2016-01-29,0.0190,31.8206,29.3902,1.8482
2016-02-01,0.0106,31.8115,28.6374,1.5830
2016-02-02,0.0246,33.0097,29.2618,1.7715
2016-02-03,0.0227,33.8370,29.6646,1.8828
2016-02-04,0.0229,34.0499,30.0665,1.9897
2016-02-05,0.0361,34.8821,31.7051,2.4781
2016-02-08,0.0306,35.4497,32.7131,2.7460
2016-02-09,0.0461,37.7565,35.1431,3.4143
2016-02-10,0.0296,38.6564,35.8563,3.5276
2016-02-11,0.0177,38.8492,35.3918,3.3006
2016-02-12,0.0288,39.3547,36.0135,3.3883
2016-02-16,0.0171,38.4234,35.4769,3.1563
2016-02-17,0.0163,37.3908,34.9038,2.9313
2016-02-18,0.0250,36.9897,35.1895,2.9463
2016-02-19,0.0220,36.1936,35.1730,2.8820
2016-02-22,0.0200,35.7360,34.9642,2.7726
2016-02-23,0.0162,36.2978,34.4135,2.5834
2016-02-24,0.0279,37.6419,35.0081,2.6908
2016-02-25,0.0163,37.7466,34.4566,2.5092
2016-02-26,0.0154,37.2245,33.8566,2.3240
2016-02-29,0.0144,36.2300,33.1924,2.1308
2016-03-01,0.0160,36.0020,32.7240,1.9906
2016-03-02,0.0096,35.9227,31.6713,1.7100
2016-03-03,0.0174,35.3753,31.4240,1.6335
2016-03-04,0.0119,34.5642,30.6750,1.4344
2016-03-07,0.0147,33.9421,30.2325,1.3138
2016-03-08,0.0111,32.0473,29.4737,1.1157
2016-03-09,0.0159,30.9404,29.2209,1.0447
2016-03-10,0.0233,29.2136,29.6846,1.1535
2016-03-11,0.0101,27.7356,28.8631,0.9385
2016-03-14,0.0103,27.1748,28.1115,0.7416
2016-03-15,0.0170,26.2840,28.0477,0.7190
2016-03-16,0.0220,26.6578,28.4600,0.8174
2016-03-17,0.0163,26.6589,28.3093,0.7723
2016-03-18,0.0238,26.5706,28.8793,0.9110
2016-03-21,0.0145,26.0014,28.5243,0.8132
2016-03-22,0.0138,25.5349,28.1267,0.7048
2016-03-23,0.0152,25.4594,27.8910,0.6381
2016-03-24,0.0088,24.0121,27.0534,0.4170
2016-03-28,0.0098,23.5215,26.3610,0.2340
2016-03-29,0.0122,23.2817,25.9447,0.1231
2016-03-30,0.0142,23.2685,25.7385,0.0666
2016-03-31,0.0119,22.9560,25.3236,-0.0442
2016-04-01,0.0159,23.4334,25.3164,-0.0493
2016-04-04,0.0156,23.2985,25.2804,-0.0622
2016-04-05,0.0139,23.4454,25.0852,-0.1152
2016-04-06,0.0222,24.0166,25.6977,0.0421
2016-04-07,0.0119,24.0766,25.2866,-0.0674
2016-04-08,0.0127,23.8306,24.9751,-0.1507
2016-04-11,0.0139,23.1219,24.8006,-0.1989
2016-04-12,0.0179,23.7108,25.0141,-0.1461
2016-04-13,0.0073,23.4814,24.2044,-0.3608
2016-04-14,0.0092,22.8898,23.6296,-0.5137
2016-04-15,0.0134,22.2386,23.4865,-0.5536
2016-04-18,0.0085,21.6459,22.8874,-0.7131
2016-04-19,0.0164,21.0818,23.0720,-0.6672
2016-04-20,0.0082,20.6116,22.4730,-0.8276
2016-04-21,0.0073,20.1226,21.8222,-1.0005
2016-04-22,0.0114,19.8306,21.5970,-1.0585
2016-04-25,0.0087,19.8213,21.1252,-1.1805
2016-04-26,0.0145,20.1770,21.2367,-1.1475
2016-04-27,0.0116,20.1316,21.0707,-1.1873
2016-04-28,0.0174,20.3752,21.4638,-1.0820
2016-04-29,0.0174,20.7977,21.8378,-0.9836
2016-05-02,0.0100,20.3516,21.4776,-1.0771
2016-05-03,0.0096,19.8969,21.0990,-1.1753
2016-05-04,0.0141,19.9153,21.1779,-1.1535
2016-05-05,0.0134,19.2509,21.1878,-1.1491
2016-05-06,0.0090,19.0341,20.7740,-1.2542
2016-05-09,0.0114,18.9360,20.6097,-1.2883
2016-05-10,0.0151,19.0265,20.8112,-1.2278
2016-05-11,0.0115,18.5480,20.6611,-1.2585
2016-05-12,0.0278,20.1031,22.0720,-0.8892
2016-05-13,0.0219,21.0627,22.8343,-0.6900
2016-05-16,0.0308,22.3827,24.4021,-0.2855
2016-05-17,0.0184,23.1300,24.6896,-0.2129
2016-05-18,0.0232,23.6449,25.4149,-0.0284
2016-05-19,0.0107,23.8296,24.9080,-0.1628
2016-05-20,0.0098,24.0188,24.3495,-0.3112
2016-05-23,0.0088,23.8204,23.7227,-0.4782
2016-05-24,0.0137,24.2023,23.6045,-0.5135
2016-05-25,0.0130,24.0895,23.4252,-0.5628
2016-05-26,0.0122,24.1306,23.1797,-0.6298
2016-05-27,0.0059,23.2609,22.3504,-0.8503
2016-05-31,0.0078,22.5345,21.7560,-1.0083
2016-06-01,0.0130,22.7597,21.6844,-1.0294
2016-06-02,0.0141,23.1019,21.7246,-1.0210
2016-06-03,0.0163,23.2678,21.9750,-0.9579
2016-06-06,0.0138,23.2937,21.9696,-0.9613
2016-06-07,0.0067,23.1175,21.2869,-1.1398
2016-06-08,0.0107,23.0647,21.0253,-1.2074
2016-06-09,0.0145,23.0174,21.1423,-1.1757
2016-06-10,0.0145,23.2381,21.2504,-1.1473
2016-06-13,0.0206,22.6919,21.9377,-0.9672
2016-06-14,0.0140,22.0944,21.9553,-0.9641
2016-06-15,0.0152,20.9130,22.0873,-0.9306
2016-06-16,0.0146,20.6251,22.1509,-0.9155
2016-06-17,0.0114,19.7375,21.9101,-0.9810
2016-06-20,0.0107,19.7410,21.6178,-1.0593
2016-06-21,0.0080,19.6039,21.0841,-1.1991
2016-06-22,0.0077,19.5230,20.5512,-1.3344
2016-06-23,0.0078,19.0804,20.0658,-1.4555
2016-06-24,0.0297,20.3426,21.6891,-1.0277
2016-06-27,0.0176,20.7554,22.0679,-0.9289
2016-06-28,0.0133,21.3184,22.0146,-0.9428
2016-06-29,0.0117,21.6098,21.8076,-0.9971
2016-06-30,0.0139,21.6782,21.8190,-0.9923
2016-07-01,0.0129,21.5890,21.7388,-1.0124
2016-07-05,0.0170,21.6435,22.0570,-0.9279
2016-07-06,0.0150,21.7389,22.1669,-0.8953
2016-07-07,0.0151,22.3731,22.2715,-0.8651
2016-07-08,0.0194,23.0337,22.7832,-0.7285
2016-07-11,0.0107,22.7523,22.4400,-0.8156
2016-07-12,0.0179,23.0095,22.7944,-0.7219
2016-07-13,0.0065,21.9455,22.0483,-0.9149
2016-07-14,0.0154,22.0498,22.1908,-0.8762
2016-07-15,0.0148,22.0206,22.2719,-0.8545
2016-07-18,0.0076,21.4916,21.6578,-1.0132
2016-07-19,0.0097,21.3594,21.2800,-1.1095
2016-07-20,0.0121,21.4616,21.1544,-1.1397
2016-07-21,0.0126,21.8087,21.0857,-1.1545
2016-07-22,0.0161,22.4455,21.3551,-1.0816
2016-07-25,0.0110,22.6872,21.1260,-1.1378
2016-07-26,0.0091,21.1286,20.7220,-1.2378
2016-07-27,0.0147,20.9095,20.8827,-1.1908
2016-07-28,0.0074,20.4609,20.3354,-1.3243
2016-07-29,0.0222,21.2519,21.2257,-1.0916
2016-08-01,0.0132,21.2018,21.2089,-1.0929
2016-08-02,0.0161,21.4414,21.4672,-1.0242
2016-08-03,0.0077,20.7363,20.9133,-1.1631
2016-08-04,0.0114,20.4596,20.7432,-1.2043
2016-08-05,0.0068,19.8353,20.1465,-1.3513
2016-08-08,0.0120,19.2752,20.0799,-1.3582
2016-08-09,0.0085,19.1042,19.6835,-1.4461
2016-08-10,0.0105,18.5494,19.5042,-1.4785
2016-08-11,0.0117,18.9402,19.4481,-1.4798
2016-08-12,0.0292,19.9879,21.0665,-1.0679
2016-08-15,0.0154,20.0286,21.2664,-1.0129
2016-08-16,0.0059,19.8996,20.5502,-1.1850
2016-08-17,0.0189,20.5948,21.1147,-1.0397
2016-08-18,0.0119,20.5803,20.9809,-1.0675
2016-08-19,0.0104,20.4129,20.7116,-1.1276
2016-08-22,0.0102,19.9671,20.4418,-1.1860
2016-08-23,0.0065,19.6229,19.8338,-1.3248
2016-08-24,0.0124,19.8723,19.8215,-1.3173
2016-08-25,0.0135,19.7780,19.9174,-1.2838
2016-08-26,0.0131,20.2056,19.9668,-1.2619
2016-08-29,0.0067,19.0350,19.4042,-1.3890
2016-08-30,0.0085,18.6771,19.0458,-1.4641
2016-08-31,0.0077,18.0434,18.6354,-1.5510
2016-09-01,0.0151,18.5985,18.9508,-1.4607
2016-09-02,0.0156,18.9182,19.3014,-1.3630
2016-09-06,0.0069,18.9226,18.7967,-1.4728
2016-09-07,0.0141,19.0799,19.0093,-1.4084
2016-09-08,0.0142,19.5081,19.2166,-1.3463
2016-09-09,0.0294,20.9330,20.8608,-0.9400
2016-09-12,0.0369,22.8403,23.1264,-0.3857
2016-09-13,0.0193,22.0887,23.5771,-0.2726
2016-09-14,0.0122,21.8481,23.3232,-0.3309
2016-09-15,0.0165,22.6499,23.4939,-0.2864
2016-09-16,0.0127,22.1855,23.2966,-0.3314
2016-09-19,0.0225,22.9876,24.0426,-0.1476
2016-09-20,0.0133,23.2103,23.8701,-0.1877
2016-09-21,0.0110,23.2685,23.4841,-0.2798
2016-09-22,0.0083,23.4071,22.8683,-0.4276
2016-09-23,0.0067,22.9793,22.1348,-0.6017
2016-09-26,0.0117,22.8469,21.9252,-0.6478
2016-09-27,0.0154,23.0202,22.0725,-0.6074
2016-09-28,0.0095,23.2339,21.6528,-0.7043
2016-09-29,0.0151,23.7324,21.7876,-0.6665
2016-09-30,0.0176,24.4789,22.1533,-0.5723
2016-10-03,0.0121,24.2551,21.9756,-0.6098
2016-10-04,0.0195,24.5497,22.5159,-0.4727
2016-10-05,0.0149,25.1584,22.5852,-0.4504
2016-10-06,0.0165,25.3453,22.8061,-0.3909
2016-10-07,0.0107,25.0829,22.4550,-0.4714
2016-10-10,0.0115,23.7296,22.1996,-0.5284
2016-10-11,0.0127,21.8980,22.0772,-0.5528
2016-10-12,0.0148,21.5578,22.1622,-0.5263
2016-10-13,0.0228,22.3569,23.0001,-0.3128
2016-10-14,0.0106,21.9115,22.6289,-0.3994
2016-10-17,0.0110,21.7823,22.3207,-0.4706
2016-10-18,0.0078,20.6713,21.7253,-0.6139
2016-10-19,0.0098,20.4054,21.3569,-0.7004
2016-10-20,0.0168,20.8458,21.6767,-0.6141
2016-10-21,0.0080,20.8191,21.1356,-0.7444
2016-10-24,0.0150,21.4447,21.2943,-0.6984
2016-10-25,0.0170,21.8419,21.6356,-0.6069
2016-10-26,0.0153,21.8405,21.7985,-0.5614
2016-10-27,0.0167,22.3881,22.0852,-0.4852
2016-10-28,0.0161,22.4649,22.2908,-0.4297
2016-10-31,0.0081,21.7508,21.7266,-0.5679
2016-11-01,0.0287,23.0057,23.1556,-0.2044
2016-11-02,0.0176,22.8630,23.4454,-0.1295
2016-11-03,0.0240,23.5484,24.3225,0.0931
2016-11-04,0.0225,23.9959,25.0030,0.2650
2016-11-07,0.0162,24.4163,25.0498,0.2796
2016-11-08,0.0122,24.4706,24.7072,0.1952
2016-11-09,0.0211,25.1056,25.2343,0.3315
2016-11-10,0.0353,26.6588,27.0870,0.8017
2016-11-11,0.0601,29.4797,31.1837,1.8261
2016-11-14,0.0194,30.1481,31.1637,1.8059
2016-11-15,0.0255,31.2454,31.7260,1.9275
2016-11-16,0.0390,33.6054,33.5399,2.3453
2016-11-17,0.0316,35.2500,34.5348,2.5485
2016-11-18,0.0181,35.3471,34.1862,2.4262
2016-11-21,0.0128,35.7114,33.3536,2.1961
2016-11-22,0.0101,35.3401,32.3114,1.9259
2016-11-23,0.0186,35.4597,32.1425,1.8653
2016-11-25,0.0126,35.2498,31.4105,1.6768
2016-11-28,0.0084,34.6202,30.3270,1.4118
2016-11-29,0.0136,34.4305,29.7992,1.2787
2016-11-30,0.0125,34.7638,29.2044,1.1320
2016-12-01,0.0505,36.4127,32.2623,1.8187
2016-12-02,0.0255,37.0082,32.7561,1.9094
2016-12-05,0.0250,37.0833,33.1692,1.9791
2016-12-06,0.0145,36.4787,32.5571,1.8199
2016-12-07,0.0191,36.6964,32.4249,1.7709
2016-12-08,0.0241,37.5988,32.7768,1.8294
2016-12-09,0.0221,37.6738,32.9142,1.8392
2016-12-12,0.0191,36.4470,32.7604,1.7856
2016-12-13,0.0157,33.0939,32.2917,1.6656
2016-12-14,0.0326,34.0901,33.4606,1.8983
2016-12-15,0.0211,33.7553,33.4631,1.8770
2016-12-16,0.0209,32.3818,33.4422,1.8512
2016-12-19,0.0211,31.5891,33.4442,1.8308
2016-12-20,0.0131,31.2086,32.6815,1.6515
2016-12-21,0.0151,31.3805,32.1559,1.5256
2016-12-22,0.0153,31.7738,31.6811,1.4128
2016-12-23,0.0128,31.3359,30.9982,1.2585
2016-12-27,0.0251,32.2851,31.5308,1.3587
2016-12-28,0.0410,34.7451,33.5398,1.7614
2016-12-29,0.0434,37.0009,35.6615,2.1754
2016-12-30,0.0252,37.9610,35.9247,2.2004
2017-01-03,0.0459,37.6100,38.1371,2.6109
2017-01-04,0.0265,37.6826,38.3699,2.6124
2017-01-05,0.0279,37.9075,38.7295,2.6365
2017-01-06,0.0209,38.3968,38.4003,2.5275
2017-01-09,0.0202,38.4794,38.0217,2.4142
2017-01-10,0.0221,38.3276,37.8465,2.3438
2017-01-11,0.0129,37.6303,36.8011,2.1148
2017-01-12,0.0206,37.7405,36.5529,2.0413
2017-01-13,0.0131,37.5463,35.6120,1.8434
2017-01-17,0.0142,36.1518,34.8246,1.6803
2017-01-18,0.0235,36.3366,34.9781,1.6943
2017-01-19,0.0199,36.2651,34.7762,1.6452
2017-01-20,0.0216,36.3006,34.7430,1.6288
2017-01-23,0.0127,36.2738,33.8685,1.4595
2017-01-24,0.0143,36.2143,33.1967,1.3288
2017-01-25,0.0181,36.4275,32.9281,1.2725
2017-01-26,0.0187,36.8753,32.7347,1.2310
2017-01-27,0.0165,36.2254,32.3441,1.1558
2017-01-30,0.0194,34.5942,32.2490,1.1344
2017-01-31,0.0119,32.2140,31.4491,0.9864
2017-02-01,0.0194,31.7717,31.4078,0.9763
2017-02-02,0.0198,29.8037,31.4115,0.9747
2017-02-03,0.0109,28.6241,30.5615,0.8211
2017-02-06,0.0099,27.2600,29.6709,0.6631
2017-02-07,0.0177,27.0182,29.5806,0.6505
2017-02-08,0.0175,26.8166,29.4771,0.6388
2017-02-09,0.0162,26.3713,29.2535,0.6065
2017-02-10,0.0358,28.1078,30.9117,0.9162
2017-02-13,0.0238,28.3497,31.3216,0.9996
2017-02-14,0.0248,29.2316,31.8057,1.0956
2017-02-15,0.0132,29.1621,31.1593,0.9825
2017-02-16,0.0216,29.0156,31.3480,1.0243
2017-02-17,0.0172,28.8095,31.1042,0.9860
2017-02-21,0.0108,27.9980,30.2689,0.8370
2017-02-22,0.0109,27.8642,29.4942,0.6981
2017-02-23,0.0348,29.4115,31.0345,0.9957
2017-02-24,0.0357,30.7448,32.5755,1.2918
2017-02-27,0.0196,30.8123,32.4883,1.2781
2017-02-28,0.0228,31.2886,32.7128,1.3218
2017-03-01,0.0216,31.4580,32.8090,1.3399
2017-03-02,0.0189,31.9896,32.6453,1.3069
2017-03-03,0.0185,31.9213,32.4462,1.2671
2017-03-06,0.0210,32.0070,32.4955,1.2732
2017-03-07,0.0157,32.3739,32.0428,1.1844
2017-03-08,0.0149,32.7547,31.5431,1.0867
2017-03-09,0.0142,32.4853,31.0010,0.9818
2017-03-10,0.0118,32.0503,30.2642,0.8420
2017-03-13,0.0129,31.7969,29.6740,0.7297
2017-03-14,0.0155,30.2561,29.3656,0.6702
2017-03-15,0.0185,29.8561,29.3642,0.6686
2017-03-16,0.0084,28.6124,28.3988,0.4867
2017-03-17,0.0126,28.5625,27.8939,0.3919
2017-03-20,0.0169,28.2048,27.8278,0.3804
2017-03-21,0.0235,28.6812,28.3955,0.4876
2017-03-22,0.0124,28.7992,27.8714,0.3889
2017-03-23,0.0116,28.8501,27.3048,0.2826
2017-03-24,0.0167,27.4878,27.2599,0.2739
2017-03-27,0.0282,26.9219,28.3143,0.4711
2017-03-28,0.0100,26.1959,27.5680,0.3291
2017-03-29,0.0072,25.0157,26.6007,0.1462
2017-03-30,0.0135,24.4051,26.2942,0.0877
2017-03-31,0.0096,23.7016,25.6350,-0.0368
2017-04-03,0.0142,23.3753,25.4454,-0.0727
2017-04-04,0.0232,23.5475,26.1317,0.0559
2017-04-05,0.0201,23.8794,26.4790,0.1208
2017-04-06,0.0199,24.2512,26.7817,0.1767
2017-04-07,0.0135,24.1964,26.4561,0.1142
2017-04-10,0.0143,24.3827,26.2268,0.0699
2017-04-11,0.0155,24.5826,26.1308,0.0510
2017-04-12,0.0103,24.1963,25.5482,-0.0598
2017-04-13,0.0114,23.6600,25.1001,-0.1455
2017-04-17,0.0142,24.1020,24.9475,-0.1754
2017-04-18,0.0133,24.1577,24.7198,-0.2199
2017-04-19,0.0109,23.7057,24.2748,-0.3049
2017-04-20,0.0130,22.9129,24.0566,-0.3475
2017-04-21,0.0086,22.6247,23.4298,-0.4675
2017-04-24,0.0094,22.4596,22.9216,-0.5650
2017-04-25,0.0166,22.4505,23.1282,-0.5279
2017-04-26,0.0063,20.7881,22.3359,-0.6793
2017-04-27,0.0141,21.0986,22.3396,-0.6801
2017-04-28,0.0085,21.1977,21.8108,-0.7808
2017-05-01,0.0115,21.0466,21.6014,-0.8203
2017-05-02,0.0166,21.5715,21.8850,-0.7669
2017-05-03,0.0124,21.4400,21.7548,-0.7925
2017-05-04,0.0088,20.3502,21.2893,-0.8810
2017-05-05,0.0091,19.5201,20.8812,-0.9581
2017-05-08,0.0108,18.8319,20.6527,-1.0012
2017-05-09,0.0155,18.9837,20.8862,-0.9573
2017-05-10,0.0287,20.0762,22.3675,-0.6780
2017-05-11,0.0498,22.6664,25.7668,-0.0359
2017-05-12,0.0202,23.4145,26.1486,0.0337
2017-05-15,0.0151,23.6914,26.0133,0.0056
2017-05-16,0.0212,24.2212,26.4736,0.0918
2017-05-17,0.0252,25.1188,27.2852,0.2447
2017-05-18,0.0302,26.5810,28.5287,0.4794
2017-05-19,0.0148,26.7163,28.2257,0.4190
2017-05-22,0.0097,26.8046,27.4600,0.2706
2017-05-23,0.0172,27.3902,27.4479,0.2656
2017-05-24,0.0108,26.9507,26.8291,0.1452
2017-05-25,0.0166,27.7359,26.8042,0.1379
2017-05-26,0.0371,29.4706,28.7254,0.5005
2017-05-30,0.0150,29.9614,28.4319,0.4401
2017-05-31,0.0221,30.7567,28.8274,0.5108
2017-06-01,0.0120,30.4135,28.2449,0.3949
2017-06-02,0.0089,30.1505,27.4017,0.2295
2017-06-05,0.0199,30.9847,27.6485,0.2728
2017-06-06,0.0136,31.3256,27.2884,0.1999
2017-06-07,0.0098,31.2549,26.5865,0.0611
2017-06-08,0.0270,32.1238,27.5587,0.2437
2017-06-09,0.1008,37.5737,35.5065,1.7580
2017-06-12,0.0429,37.0506,37.4584,2.1057
2017-06-13,0.0412,38.6333,39.1329,2.3878
2017-06-14,0.0260,39.4592,39.2593,2.3749
2017-06-15,0.0248,39.7300,39.2658,2.3406
2017-06-16,0.0202,39.3487,38.8296,2.2283
2017-06-19,0.0115,37.9339,37.5978,1.9782
2017-06-20,0.0200,38.3267,37.2455,1.8923
2017-06-21,0.0169,38.8661,36.6183,1.7602
2017-06-22,0.0118,38.4626,35.5483,1.5527
2017-06-23,0.0197,39.1392,35.2960,1.4942
2017-06-26,0.0364,40.6316,36.6434,1.7189
2017-06-27,0.0160,39.0375,35.9658,1.5822
2017-06-28,0.0276,39.9925,36.4411,1.6505
2017-06-29,0.0273,40.3898,36.8566,1.7069
2017-06-30,0.0178,40.8273,36.3438,1.6005
2017-07-03,0.0248,42.0227,36.5207,1.6160
2017-07-05,0.0145,41.6157,35.7077,1.4596
2017-07-06,0.0270,42.6245,36.1350,1.5204
2017-07-07,0.0121,42.7986,35.1217,1.3315
2017-07-10,0.0188,42.1848,34.8085,1.2661
2017-07-11,0.0166,35.8229,34.3052,1.1688
2017-07-12,0.0234,34.3499,34.4732,1.1883
2017-07-13,0.0316,33.6235,35.4116,1.3400
2017-07-14,0.0103,32.4402,34.2703,1.1326
2017-07-17,0.0234,32.3366,34.4456,1.1537
2017-07-18,0.0162,32.0356,33.9193,1.0540
2017-07-19,0.0110,31.9922,32.9274,0.8749
2017-07-20,0.0142,31.5550,32.3046,0.7604
2017-07-21,0.0125,31.2204,31.5522,0.6236
2017-07-24,0.0099,31.0747,30.6025,0.4528
2017-07-25,0.0101,30.3437,29.7259,0.2945
2017-07-26,0.0171,28.8872,29.5724,0.2624
2017-07-27,0.0418,30.8374,31.7763,0.6434
2017-07-28,0.0214,30.3685,31.9121,0.6611
2017-07-31,0.0232,30.0598,32.2103,0.7075
2017-08-01,0.0126,29.6634,31.4768,0.5719
2017-08-02,0.0194,29.2582,31.4353,0.5588
2017-08-03,0.0098,28.9077,30.4858,0.3845
2017-08-04,0.0151,28.0073,30.0919,0.3087
2017-08-07,0.0110,27.9223,29.3341,0.1673
2017-08-08,0.0203,28.0344,29.5094,0.1929
2017-08-09,0.0133,27.7804,29.0040,0.0955
2017-08-10,0.0217,27.6571,29.3348,0.1492
2017-08-11,0.0272,27.3281,30.1669,0.2948
2017-08-14,0.0231,28.2943,30.5577,0.3608
2017-08-15,0.0161,27.7416,30.2593,0.3004
2017-08-16,0.0178,27.8646,30.1392,0.2723
2017-08-17,0.0125,27.9803,29.5199,0.1519
2017-08-18,0.0189,28.3323,29.5450,0.1509
2017-08-21,0.0210,28.9775,29.7712,0.1872
2017-08-22,0.0109,29.0555,29.0265,0.0412
2017-08-23,0.0155,29.4634,28.7585,-0.0161
2017-08-24,0.0114,29.0343,28.1223,-0.1439
2017-08-25,0.0095,26.5919,27.3358,-0.3014
2017-08-28,0.0119,25.8685,26.8266,-0.4067
2017-08-29,0.0119,25.0095,26.3476,-0.5077
2017-08-30,0.0079,24.6575,25.5223,-0.6774
2017-08-31,0.0093,23.8954,24.8778,-0.8139
2017-09-01,0.0093,23.8582,24.2749,-0.9426
2017-09-05,0.0193,24.1781,24.6569,-0.8763
2017-09-06,0.0135,24.3637,24.4590,-0.9264
2017-09-07,0.0125,23.7717,24.1808,-0.9926
2017-09-08,0.0146,23.8675,24.1159,-1.0156
2017-09-11,0.0117,23.1062,23.7806,-1.0897
2017-09-12,0.0126,22.0041,23.5573,-1.1360
2017-09-13,0.0165,21.5077,23.7193,-1.1032
2017-09-14,0.0197,21.7749,24.1679,-1.0132
2017-09-15,0.0156,21.6068,24.2015,-1.0075
2017-09-18,0.0224,22.3601,24.8876,-0.8699
2017-09-19,0.0188,22.3538,25.1827,-0.8112
2017-09-20,0.0189,22.1985,25.4748,-0.7536
2017-09-21,0.0198,22.8648,25.8275,-0.6845
2017-09-22,0.0138,22.7403,25.5946,-0.7361
2017-09-25,0.0196,23.3600,25.9291,-0.6727
2017-09-26,0.0297,24.8912,27.2036,-0.4157
2017-09-27,0.0143,25.0715,26.9294,-0.4784
2017-09-28,0.0097,24.9079,26.2381,-0.6286
2017-09-29,0.0098,25.0465,25.5940,-0.7692
2017-10-02,0.0186,25.7493,25.8307,-0.7251
2017-10-03,0.0118,25.9381,25.4085,-0.8196
2017-10-04,0.0136,25.5068,25.1791,-0.8725
2017-10-05,0.0088,25.1536,24.5048,-1.0189
2017-10-06,0.0096,24.9332,23.9462,-1.1397
2017-10-09,0.0157,25.0234,24.0089,-1.1296
2017-10-10,0.0195,25.6171,24.4281,-1.0448
2017-10-11,0.0114,25.5205,24.0444,-1.1309
2017-10-12,0.0117,25.1521,23.7129,-1.2052
2017-10-13,0.0118,24.5579,23.4133,-1.2703
2017-10-16,0.0160,24.5924,23.5355,-1.2462
2017-10-17,0.0089,23.5670,22.9696,-1.3692
2017-10-18,0.0173,23.4580,23.2424,-1.3144
2017-10-19,0.0171,23.3159,23.4720,-1.2703
2017-10-20,0.0097,22.5542,22.9851,-1.3788
2017-10-23,0.0103,22.2878,22.5870,-1.4690
2017-10-24,0.0086,21.4503,22.0466,-1.5883
2017-10-25,0.0271,21.2496,23.3013,-1.3207
2017-10-26,0.0080,20.7777,22.6666,-1.4610
2017-10-27,0.0131,21.0311,22.5503,-1.4876
2017-10-30,0.0158,21.4860,22.7007,-1.4560
2017-10-31,0.0089,20.7522,22.1865,-1.5693
2017-11-01,0.0172,21.1544,22.4897,-1.5015
2017-11-02,0.0143,21.2074,22.5021,-1.4963
2017-11-03,0.0105,21.3403,22.1560,-1.5657
2017-11-06,0.0085,21.2556,21.6315,-1.6701
2017-11-07,0.0084,20.7035,21.1375,-1.7655
2017-11-08,0.0140,20.2824,21.1984,-1.7422
2017-11-09,0.0207,20.9905,21.9006,-1.5835
2017-11-10,0.0214,21.7244,22.6225,-1.4205
2017-11-13,0.0136,21.8628,22.5626,-1.4207
2017-11-14,0.0113,21.5083,22.2892,-1.4653
2017-11-15,0.0129,21.8121,22.1810,-1.4745
2017-11-16,0.0089,21.1782,21.7024,-1.5601
2017-11-17,0.0133,20.8953,21.6679,-1.5531
2017-11-20,0.0121,21.0780,21.5194,-1.5694
2017-11-21,0.0069,20.8194,20.8835,-1.6847
2017-11-22,0.0094,20.8838,20.5264,-1.7402
2017-11-24,0.0068,19.3528,19.9432,-1.8396
2017-11-27,0.0061,19.2080,19.3276,-1.9424
2017-11-28,0.0189,19.6505,19.9692,-1.7919
2017-11-29,0.0520,22.3911,23.7276,-1.0236
2017-11-30,0.0208,23.2932,24.2884,-0.9048
2017-12-01,0.0271,24.0461,25.4142,-0.6722
2017-12-04,0.0390,25.9141,27.6048,-0.2262
2017-12-05,0.0423,28.3140,29.9763,0.2561
2017-12-06,0.0161,28.8948,29.7145,0.2056
2017-12-07,0.0128,29.2263,29.1532,0.0946
2017-12-08,0.0105,28.9675,28.4072,-0.0533
2017-12-11,0.0090,28.0835,27.5628,-0.2208
2017-12-12,0.0129,27.4457,27.1414,-0.3024
2017-12-13,0.0138,27.4606,26.8292,-0.3619
2017-12-14,0.0178,27.9512,26.9180,-0.3391
2017-12-15,0.0229,28.7035,27.4799,-0.2199
2017-12-18,0.0159,29.2304,27.3473,-0.2425
2017-12-19,0.0089,28.8992,26.5567,-0.3996
2017-12-20,0.0124,28.9194,26.1404,-0.4803
2017-12-21,0.0080,29.0010,25.3301,-0.6414
2017-12-22,0.0158,29.4876,25.3193,-0.6385
2017-12-26,0.0163,30.2067,25.3546,-0.6265
2017-12-27,0.0130,30.7309,25.0748,-0.6787
2017-12-28,0.0076,29.8770,24.2956,-0.8320
2017-12-29,0.0085,26.5884,23.6508,-0.9575
2018-01-02,0.0140,26.0717,23.5652,-0.9680
2018-01-03,0.0226,25.7332,24.3079,-0.8088
2018-01-04,0.0164,24.0271,24.4152,-0.7810
2018-01-05,0.0189,22.2625,24.7547,-0.7043
2018-01-08,0.0200,22.5525,25.1715,-0.6103
2018-01-09,0.0165,22.8332,25.2365,-0.5906
2018-01-10,0.0199,23.5389,25.6146,-0.5029
2018-01-11,0.0093,23.5581,24.9621,-0.6388
2018-01-12,0.0114,23.4445,24.5536,-0.7224
2018-01-16,0.0326,24.8675,26.1895,-0.3556
2018-01-17,0.0238,25.3177,26.8840,-0.1956
2018-01-18,0.0124,24.5263,26.4508,-0.2860
2018-01-19,0.0114,24.1829,25.9473,-0.3927
2018-01-22,0.0150,24.6399,25.8164,-0.4161
2018-01-23,0.0116,24.5814,25.3708,-0.5109
2018-01-24,0.0189,25.4075,25.6477,-0.4426
2018-01-25,0.0111,25.0478,25.1645,-0.5468
2018-01-26,0.0102,24.5847,24.6257,-0.6635
2018-01-29,0.0190,25.0381,24.9608,-0.5813
2018-01-30,0.0230,26.2009,25.6537,-0.4177
2018-01-31,0.0138,26.5994,25.4295,-0.4641
2018-02-01,0.0253,27.4510,26.3101,-0.2578
2018-02-02,0.0183,27.1244,26.4766,-0.2154
2018-02-05,0.0832,32.1674,32.8080,1.2374
2018-02-06,0.0368,33.5170,34.3444,1.5789
2018-02-07,0.0252,33.9159,34.6884,1.6448
2018-02-08,0.0321,35.0943,35.6672,1.8499
2018-02-09,0.0642,38.4475,39.6445,2.7004
2018-02-12,0.0254,39.6633,39.6821,2.6654
2018-02-13,0.0232,40.5551,39.5141,2.5895
2018-02-14,0.0233,39.8501,39.3641,2.5220
2018-02-15,0.0193,39.5105,38.8402,2.3783
2018-02-16,0.0183,39.9568,38.2519,2.2277
2018-02-20,0.0176,40.4281,37.6341,2.0761
2018-02-21,0.0163,40.5312,36.9321,1.9108
2018-02-22,0.0178,41.0018,36.4124,1.7861
2018-02-23,0.0093,40.2733,35.1089,1.5081
2018-02-26,0.0108,40.2550,34.0350,1.2843
2018-02-27,0.0107,40.2952,33.0146,1.0738
2018-02-28,0.0151,40.0006,32.4752,0.9634
2018-03-01,0.0405,41.3256,34.3866,1.3526
2018-03-02,0.0398,43.2928,36.1172,1.6981
2018-03-05,0.0232,43.1389,36.1626,1.6976
2018-03-06,0.0144,42.8427,35.3648,1.5285
2018-03-07,0.0145,37.6554,34.6269,1.3736
2018-03-08,0.0094,35.5841,33.4443,1.1310
2018-03-09,0.0080,34.2839,32.2041,0.8788
2018-03-12,0.0165,33.1050,31.8465,0.8046
2018-03-13,0.0220,29.9110,32.0286,0.8385
2018-03-14,0.0122,28.9155,31.2688,0.6834
2018-03-15,0.0141,28.2234,30.7336,0.5742
2018-03-16,0.0077,27.0465,29.6275,0.3505
2018-03-19,0.0309,27.9266,30.7968,0.5831
2018-03-20,0.0193,28.0002,30.7839,0.5777
2018-03-21,0.0131,27.6586,30.1836,0.4555
2018-03-22,0.0191,27.8684,30.1930,0.4553
2018-03-23,0.0166,27.7754,29.9605,0.4064
2018-03-26,0.0192,28.5236,29.9869,0.4094
2018-03-27,0.0696,32.9653,34.8168,1.3685
2018-03-28,0.0385,35.0638,36.3937,1.6675
2018-03-29,0.0411,37.0275,38.1257,1.9873
2018-04-02,0.0493,37.6891,40.5318,2.4225
2018-04-03,0.0274,36.7470,40.7066,2.4173
2018-04-04,0.0255,36.9190,40.6933,2.3771
2018-04-05,0.0271,37.8762,40.8298,2.3658
2018-04-06,0.0264,38.7731,40.8940,2.3416
2018-04-09,0.0235,39.8422,40.6824,2.2685
2018-04-10,0.0187,40.6472,40.0223,2.1179
2018-04-11,0.0123,40.3277,38.7930,1.8711
2018-04-12,0.0179,40.0171,38.1670,1.7386
2018-04-13,0.0188,40.5189,37.6712,1.6324
2018-04-16,0.0158,40.6512,36.9185,1.4831
2018-04-17,0.0185,41.4645,36.4661,1.3896
2018-04-18,0.0193,40.5831,36.1145,1.3155
2018-04-19,0.0179,40.4831,35.6565,1.2236
2018-04-20,0.0143,40.5753,34.8801,1.0767
2018-04-23,0.0223,40.8156,34.9104,1.0735
2018-04-24,0.0307,41.8809,35.7373,1.2107
2018-04-25,0.0357,43.1321,36.9934,1.4213
2018-04-26,0.0149,38.9971,36.1928,1.2690
2018-04-27,0.0154,37.2515,35.4878,1.1351
2018-04-30,0.0141,35.2101,34.7020,0.9881
2018-05-01,0.0142,32.5607,33.9752,0.8521
2018-05-02,0.0109,31.3154,32.9744,0.6679
2018-05-03,0.0209,30.9678,32.9871,0.6640
2018-05-04,0.0149,30.0510,32.4307,0.5585
2018-05-07,0.0188,29.4752,32.2733,0.5243
2018-05-08,0.0099,28.4467,31.2831,0.3399
2018-05-09,0.0116,27.9073,30.5072,0.1934
2018-05-10,0.0073,27.5282,29.3712,-0.0184
2018-05-11,0.0253,28.0883,30.0163,0.0964
2018-05-14,0.0111,27.5068,29.2768,-0.0410
2018-05-15,0.0272,28.3645,30.1085,0.1082
2018-05-16,0.0165,28.2160,29.8776,0.0635
2018-05-17,0.0168,28.0271,29.6833,0.0262
2018-05-18,0.0161,27.8903,29.4387,-0.0193
2018-05-21,0.0236,28.5899,29.9170,0.0671
2018-05-22,0.0153,28.0580,29.5748,0.0029
2018-05-23,0.0105,26.5341,28.8017,-0.1398
2018-05-24,0.0119,24.7327,28.2042,-0.2503
2018-05-25,0.0086,24.2598,27.3352,-0.4101
2018-05-29,0.0132,24.0919,26.9500,-0.4793
2018-05-30,0.0098,23.7676,26.2678,-0.6023
2018-05-31,0.0109,23.5164,25.7306,-0.6978
2018-06-01,0.0077,23.2723,24.9169,-0.8432
2018-06-04,0.0167,22.9552,25.0135,-0.8229
2018-06-05,0.0091,22.5159,24.3820,-0.9344
2018-06-06,0.0084,21.7285,23.7154,-1.0514
2018-06-07,0.0160,22.1906,23.8209,-1.0286
2018-06-08,0.0117,22.2042,23.5099,-1.0799
2018-06-11,0.0086,22.3051,22.9209,-1.1772
2018-06-12,0.0090,21.0734,22.4011,-1.2619
2018-06-13,0.0097,20.9671,21.9846,-1.3288
2018-06-14,0.0134,19.9263,21.9424,-1.3280
2018-06-15,0.0109,19.4993,21.6635,-1.3703
2018-06-18,0.0083,18.8611,21.1578,-1.4530
2018-06-19,0.0234,19.4134,22.1207,-1.2673
2018-06-20,0.0112,18.4772,21.8584,-1.3058
2018-06-21,0.0134,18.3346,21.8200,-1.3028
2018-06-22,0.0149,18.6663,21.9302,-1.2723
2018-06-25,0.0268,19.7960,23.1684,-1.0363
2018-06-26,0.0161,20.3624,23.3151,-1.0017
2018-06-27,0.0244,21.2113,24.2407,-0.8242
2018-06-28,0.0120,21.3766,23.9294,-0.8748
2018-06-29,0.0123,21.4824,23.6659,-0.9167
2018-07-02,0.0169,22.1782,23.8528,-0.8750
2018-07-03,0.0128,21.8789,23.6361,-0.9084
2018-07-05,0.0129,22.1639,23.4463,-0.9366
2018-07-06,0.0136,22.5587,23.3333,-0.9505
2018-07-09,0.0130,22.3255,23.1679,-0.9739
2018-07-10,0.0146,22.5399,23.1663,-0.9665
2018-07-11,0.0096,22.6137,22.6908,-1.0477
2018-07-12,0.0109,22.7595,22.3686,-1.0997
2018-07-13,0.0104,22.8119,22.0200,-1.1565
2018-07-16,0.0075,22.3652,21.4129,-1.2607
2018-07-17,0.0179,22.8959,21.8344,-1.1720
2018-07-18,0.0114,23.1249,21.6070,-1.2051
2018-07-19,0.0082,21.9698,21.0876,-1.2919
2018-07-20,0.0082,21.7418,20.5999,-1.3715
2018-07-23,0.0189,22.1622,21.1668,-1.2547
2018-07-24,0.0181,22.4050,21.6221,-1.1603
2018-07-25,0.0144,21.4654,21.6948,-1.1381
2018-07-26,0.0138,21.2863,21.7044,-1.1278
2018-07-27,0.0157,20.6266,21.8954,-1.0837
2018-07-30,0.0196,21.2014,22.4491,-0.9732
2018-07-31,0.0163,21.5037,22.6552,-0.9277
2018-08-01,0.0128,21.1971,22.5164,-0.9461
2018-08-02,0.0211,21.8265,23.1729,-0.8181
2018-08-03,0.0059,21.2940,22.3400,-0.9651
2018-08-06,0.0110,21.0978,22.0461,-1.0120
2018-08-07,0.0073,20.6710,21.4202,-1.1192
2018-08-08,0.0123,20.4972,21.3046,-1.1319
2018-08-09,0.0055,20.1897,20.5533,-1.2601
2018-08-10,0.0086,20.0117,20.1350,-1.3257
2018-08-13,0.0161,20.4383,20.4580,-1.2563
2018-08-14,0.0133,20.8798,20.5009,-1.2383
2018-08-15,0.0196,21.0110,21.1424,-1.1129
2018-08-16,0.0159,21.3510,21.3849,-1.0608
2018-08-17,0.0168,22.0015,21.6985,-0.9967
2018-08-20,0.0399,24.4031,24.2002,-0.5404
2018-08-21,0.0112,23.8184,23.8143,-0.6057
2018-08-22,0.0160,23.6613,23.9129,-0.5839
2018-08-23,0.0194,24.0400,24.3252,-0.5061
2018-08-24,0.0098,23.7430,23.8028,-0.5969
2018-08-27,0.0164,23.7968,23.9357,-0.5701
2018-08-28,0.0180,23.6775,24.2166,-0.5173
2018-08-29,0.0128,23.4136,23.9842,-0.5572
2018-08-30,0.0136,23.4748,23.8428,-0.5812
2018-08-31,0.0083,22.5083,23.2019,-0.6949
2018-09-04,0.0135,23.0852,23.0941,-0.7131
2018-09-05,0.0211,23.8521,23.7213,-0.5994
2018-09-06,0.0122,24.2187,23.4568,-0.6460
2018-09-07,0.0244,25.1387,24.3781,-0.4806
2018-09-10,0.0119,25.6235,24.0533,-0.5389
2018-09-11,0.0113,25.8305,23.6858,-0.6049
2018-09-12,0.0257,26.5614,24.7167,-0.4206
2018-09-13,0.0125,26.4986,24.4250,-0.4737
2018-09-14,0.0140,26.0685,24.2891,-0.4983
2018-09-17,0.0103,25.6513,23.8171,-0.5828
2018-09-18,0.0180,25.7433,24.1007,-0.5311
2018-09-19,0.0110,23.5526,23.6979,-0.6021
2018-09-20,0.0122,23.6315,23.4416,-0.6463
2018-09-21,0.0155,23.5876,23.5073,-0.6324
2018-09-24,0.0175,23.4414,23.7597,-0.5855
2018-09-25,0.0119,23.6000,23.4711,-0.6351
2018-09-26,0.0097,23.0923,22.9841,-0.7186
2018-09-27,0.0078,22.3200,22.3491,-0.8279
2018-09-28,0.0187,22.7635,22.7876,-0.7462
2018-10-01,0.0204,23.2737,23.3608,-0.6418
2018-10-02,0.0171,23.9423,23.5913,-0.5987
2018-10-03,0.0166,24.1787,23.7579,-0.5676
2018-10-04,0.0216,24.2163,24.3927,-0.4537
2018-10-05,0.0284,25.4407,25.6307,-0.2339
2018-10-08,0.0295,25.8188,26.8980,-0.0101
2018-10-09,0.0158,26.1097,26.7885,-0.0316
2018-10-10,0.0302,27.5400,28.0591,0.1927
2018-10-11,0.0345,28.2000,29.6591,0.4744
2018-10-12,0.0285,29.4071,30.5919,0.6360
2018-10-15,0.0151,29.4957,30.1976,0.5609
2018-10-16,0.0191,30.1588,30.2065,0.5579
2018-10-17,0.0215,30.4284,30.4464,0.5957
2018-10-18,0.0254,31.5200,31.0384,0.6959
2018-10-19,0.0298,32.8512,32.0190,0.8645
2018-10-22,0.0252,33.5904,32.5013,0.9433
2018-10-23,0.0239,34.0795,32.8304,0.9941
2018-10-24,0.0469,36.7244,35.3302,1.4272
2018-10-25,0.0415,39.1303,37.1631,1.7347
2018-10-26,0.0417,41.6891,38.9014,2.0172
2018-10-29,0.0869,46.8425,44.8400,2.9950
2018-10-30,0.0377,48.1560,45.7451,3.0799
2018-10-31,0.0289,49.0469,45.7550,3.0146
2018-11-01,0.0336,50.3306,46.2093,3.0226
2018-11-02,0.0377,51.5478,47.0307,3.0857
2018-11-05,0.0329,51.8924,47.3446,3.0662
2018-11-06,0.0176,50.9958,46.1794,2.8258
2018-11-07,0.0206,51.3559,45.3667,2.6521
2018-11-08,0.0203,50.6033,44.5744,2.4898
2018-11-09,0.0267,50.0190,44.4472,2.4321
2018-11-12,0.0328,50.3457,44.9043,2.4613
2018-11-13,0.0344,51.8042,45.4890,2.5070
2018-11-14,0.0411,53.4623,46.6697,2.6347
2018-11-15,0.0302,54.1131,46.7418,2.5998
2018-11-16,0.0383,55.0885,47.5851,2.6733
2018-11-19,0.0386,55.7522,48.4090,2.7395
2018-11-20,0.0793,59.8427,53.0621,3.3094
2018-11-21,0.0370,60.8290,53.4002,3.2743
2018-11-23,0.0321,59.7067,53.2517,3.1793
2018-11-26,0.0299,58.8286,52.9030,3.0660
2018-11-27,0.0289,57.8613,52.4780,2.9510
2018-11-28,0.0317,53.6894,52.3455,2.8775
2018-11-29,0.0215,52.4619,51.2535,2.6882
2018-11-30,0.0285,52.4334,50.8970,2.5970
2018-12-03,0.0289,52.0786,50.5957,2.5164
2018-12-04,0.0299,51.4854,50.4065,2.4525
2018-12-06,0.0219,50.6487,49.4636,2.3042
2018-12-07,0.0430,52.5691,50.5909,2.4011
2018-12-10,0.0229,52.7497,49.7412,2.2673
2018-12-11,0.0414,54.3460,50.6978,2.3430
2018-12-12,0.0378,55.1804,51.2546,2.3701
2018-12-13,0.0268,54.7265,50.7313,2.2762
2018-12-14,0.0241,53.9459,49.9829,2.1613
2018-12-17,0.0330,53.3381,50.1280,2.1479
2018-12-18,0.0284,53.2053,49.8253,2.0865
2018-12-19,0.0471,53.8672,51.3175,2.2193
2018-12-20,0.0448,54.3360,52.5082,2.3141
2018-12-21,0.0369,51.1245,52.8689,2.3177
2018-12-24,0.0303,50.6214,52.5847,2.2542
2018-12-26,0.0434,51.4767,53.5628,2.3225
2018-12-27,0.0395,52.2062,54.1146,2.3442
2018-12-28,0.0366,52.7914,54.3543,2.3334
2018-12-31,0.0217,52.0371,53.1588,2.1801
2019-01-02,0.0360,53.1331,53.3989,2.1747
2019-01-03,0.0293,53.1889,52.9840,2.1051
2019-01-04,0.0347,53.6309,53.1144,2.0907
2019-01-07,0.0366,54.1418,53.4179,2.0934
2019-01-08,0.0393,55.4581,53.9528,2.1179
2019-01-09,0.0228,53.9343,52.8908,1.9890
2019-01-10,0.0271,54.2457,52.2954,1.9084
2019-01-11,0.0252,53.0196,51.5539,1.8162
2019-01-14,0.0222,51.8385,50.5711,1.7037
2019-01-15,0.0181,51.1835,49.2636,1.5632
2019-01-16,0.0149,50.4859,47.7241,1.4037
2019-01-17,0.0276,50.0751,47.4873,1.3691
2019-01-18,0.0259,49.8882,47.1074,1.3217
2019-01-22,0.0285,48.4859,46.9959,1.3000
2019-01-23,0.0298,47.3488,47.0132,1.2907
2019-01-24,0.0182,45.9372,45.9249,1.1785
2019-01-25,0.0392,46.6121,46.9077,1.2603
2019-01-28,0.0548,47.4759,49.3148,1.4725
2019-01-29,0.0307,46.8082,49.2801,1.4560
2019-01-30,0.0318,46.4477,49.3557,1.4498
2019-01-31,0.0337,47.3547,49.6029,1.4593
2019-02-01,0.0206,46.1864,48.5844,1.3531
2019-02-04,0.0250,45.8615,48.0489,1.2926
2019-02-05,0.0147,44.3476,46.5680,1.1467
2019-02-06,0.0197,43.0659,45.6492,1.0550
2019-02-07,0.0213,41.7106,44.9427,0.9843
2019-02-08,0.0158,41.1813,43.7543,0.8707
2019-02-11,0.0197,40.6234,43.0042,0.7984
2019-02-12,0.0160,39.9291,41.9453,0.7003
2019-02-13,0.0184,39.6420,41.1772,0.6294
2019-02-14,0.0199,39.7781,40.6049,0.5766
2019-02-15,0.0247,40.5184,40.5177,0.5681
2019-02-19,0.0167,39.6998,39.6818,0.4913
2019-02-20,0.0170,39.0271,38.9226,0.4217
2019-02-21,0.0176,38.2004,38.2607,0.3610
2019-02-22,0.0105,36.7463,36.9699,0.2431
2019-02-25,0.0264,37.3653,37.2641,0.2696
2019-02-26,0.0217,36.0386,37.0949,0.2534
2019-02-27,0.0199,33.3994,36.7653,0.2223
2019-02-28,0.0112,31.9273,35.6289,0.1176
2019-03-01,0.0192,30.9688,35.3158,0.0880
2019-03-04,0.0194,29.8854,35.0403,0.0626
2019-03-05,0.0185,29.7321,34.7024,0.0323
2019-03-06,0.0127,28.8069,33.8340,-0.0461
2019-03-07,0.0178,29.0392,33.4986,-0.0761
2019-03-08,0.0215,29.1754,33.5357,-0.0723
2019-03-11,0.0414,30.6886,35.4627,0.1029
2019-03-12,0.0227,31.2081,35.4977,0.1049
2019-03-13,0.0192,31.1707,35.1958,0.0761
2019-03-14,0.0125,30.9060,34.2718,-0.0091
2019-03-15,0.0157,30.7070,33.7134,-0.0609
2019-03-18,0.0209,30.7839,33.6858,-0.0645
2019-03-19,0.0192,30.3737,33.4971,-0.0832
2019-03-20,0.0226,30.8147,33.6380,-0.0714
2019-03-21,0.0248,31.4026,33.9823,-0.0411
2019-03-22,0.0246,31.9341,34.2864,-0.0148
2019-03-25,0.0288,33.3110,34.9689,0.0459
2019-03-26,0.0269,33.3480,35.4298,0.0861
2019-03-27,0.0238,33.5059,35.5696,0.0969
2019-03-28,0.0191,33.4414,35.2502,0.0675
2019-03-29,0.0103,33.3707,34.1156,-0.0355
2019-04-01,0.0117,32.8070,33.1831,-0.1191
2019-04-02,0.0126,32.2961,32.3918,-0.1887
2019-04-03,0.0200,32.4064,32.3519,-0.1894
2019-04-04,0.0159,32.6479,31.9288,-0.2252
2019-04-05,0.0112,32.1484,31.0783,-0.2998
2019-04-08,0.0134,31.5376,30.4910,-0.3501
2019-04-09,0.0118,29.3056,29.7883,-0.4108
2019-04-10,0.0119,28.4884,29.1341,-0.4669
2019-04-11,0.0143,28.1197,28.7496,-0.4985
2019-04-12,0.0087,27.8372,27.8564,-0.5766
2019-04-15,0.0197,28.1398,28.0641,-0.5538
2019-04-16,0.0137,27.5955,27.6897,-0.5845
2019-04-17,0.0132,27.1391,27.2856,-0.6178
2019-04-18,0.0135,26.4558,26.9384,-0.6458
2019-04-22,0.0159,25.7863,26.8410,-0.6510
2019-04-23,0.0111,24.7629,26.2840,-0.6981
2019-04-24,0.0155,23.7571,26.1794,-0.7039
2019-04-25,0.0240,23.5389,26.8928,-0.6350
2019-04-26,0.0289,23.9269,28.0336,-0.5274
2019-04-29,0.0194,23.9535,28.2000,-0.5091
2019-04-30,0.0157,24.3630,28.0044,-0.5240
2019-05-01,0.0142,24.5535,27.6785,-0.5508
2019-05-02,0.0209,25.1796,28.0064,-0.5185
2019-05-03,0.0131,24.6572,27.5713,-0.5559
2019-05-06,0.0202,24.9809,27.8429,-0.5290
2019-05-07,0.0214,25.7493,28.2059,-0.4942
2019-05-08,0.0218,26.3812,28.5871,-0.4581
2019-05-09,0.0255,27.4145,29.3006,-0.3924
2019-05-10,0.0320,28.9332,30.5892,-0.2754
2019-05-13,0.0215,29.4795,30.8057,-0.2563
2019-05-14,0.0204,30.3643,30.9040,-0.2477
2019-05-15,0.0161,30.0932,30.5873,-0.2770
2019-05-16,0.0186,30.4582,30.5213,-0.2832
2019-05-17,0.0381,32.3441,32.3235,-0.1203
2019-05-20,0.0183,32.7052,32.1291,-0.1389
2019-05-21,0.0136,32.5280,31.4969,-0.1971
2019-05-22,0.0117,32.5798,30.7260,-0.2676
2019-05-23,0.0207,32.9756,30.8535,-0.2565
2019-05-24,0.0184,32.5533,30.7544,-0.2662
2019-05-28,0.0157,31.5577,30.4090,-0.2986
2019-05-29,0.0189,31.5190,30.3842,-0.3021
2019-05-30,0.0205,31.8796,30.5119,-0.2919
2019-05-31,0.0216,32.4375,30.7385,-0.2731
2019-06-03,0.0235,32.6387,31.1362,-0.2390
2019-06-04,0.0259,33.6074,31.7339,-0.1871
2019-06-05,0.0241,33.9001,32.1246,-0.1542
2019-06-06,0.0135,33.3078,31.4844,-0.2157
2019-06-07,0.0165,32.9106,31.1683,-0.2477
2019-06-10,0.0160,32.1911,30.8204,-0.2826
2019-06-11,0.0150,30.9074,30.4003,-0.3243
2019-06-12,0.0130,30.2622,29.8153,-0.3814
2019-06-13,0.0115,29.5894,29.1252,-0.4483
2019-06-14,0.0130,29.3508,28.6146,-0.4989
2019-06-17,0.0138,28.9934,28.2167,-0.5391
2019-06-18,0.0304,28.4079,29.4195,-0.4313
2019-06-19,0.0114,27.8881,28.7443,-0.4981
2019-06-20,0.0137,27.8922,28.3204,-0.5409
2019-06-21,0.0169,28.2826,28.2320,-0.5526
2019-06-24,0.0145,27.8169,27.9223,-0.5850
2019-06-25,0.0200,27.9367,28.1500,-0.5671
2019-06-26,0.0228,28.4685,28.6310,-0.5248
2019-06-27,0.0117,27.9282,28.0320,-0.5838
2019-06-28,0.0127,27.3403,27.5601,-0.6301
2019-07-01,0.0309,28.0429,28.8492,-0.5111
2019-07-02,0.0157,27.4541,28.6183,-0.5355
2019-07-03,0.0133,26.5002,28.1653,-0.5807
2019-07-05,0.0129,25.6519,27.7012,-0.6270
2019-07-08,0.0114,25.4908,27.1234,-0.6839
2019-07-09,0.0138,25.2837,26.8080,-0.7160
2019-07-10,0.0166,25.3310,26.7813,-0.7208
2019-07-11,0.0246,26.0584,27.5200,-0.6531
2019-07-12,0.0128,26.0447,27.0906,-0.6967
2019-07-15,0.0118,26.0626,26.5866,-0.7475
2019-07-16,0.0141,26.1437,26.3305,-0.7749
2019-07-17,0.0140,26.1583,26.0880,-0.8014
2019-07-18,0.0202,25.3857,26.4450,-0.7702
2019-07-19,0.0102,25.2888,25.8263,-0.8327
2019-07-22,0.0092,24.9515,25.1524,-0.9006
2019-07-23,0.0101,24.4364,24.6050,-0.9566
2019-07-24,0.0177,24.6742,24.8126,-0.9394
2019-07-25,0.0159,24.3689,24.8423,-0.9390
2019-07-26,0.0097,23.3838,24.2804,-0.9956
2019-07-29,0.0171,23.7907,24.4552,-0.9808
2019-07-30,0.0114,23.6941,24.0762,-1.0194
2019-07-31,0.0223,23.0470,24.7589,-0.9549
2019-08-01,0.0389,24.7997,26.9819,-0.7415
2019-08-02,0.0206,25.3509,27.3216,-0.7116
2019-08-05,0.0196,25.8590,27.5483,-0.6922
2019-08-06,0.0233,26.7597,28.1145,-0.6404
2019-08-07,0.0177,27.0571,28.1144,-0.6442
2019-08-08,0.0183,27.1820,28.1667,-0.6434
2019-08-09,0.0187,26.7328,28.2564,-0.6390
2019-08-12,0.0166,27.0145,28.1376,-0.6557
2019-08-13,0.0320,28.5441,29.4980,-0.5266
2019-08-14,0.0194,28.9448,29.5722,-0.5247
2019-08-15,0.0181,29.2548,29.5258,-0.5348
2019-08-16,0.0207,29.2926,29.7242,-0.5200
2019-08-19,0.0227,30.2420,30.1049,-0.4868
2019-08-20,0.0112,30.3914,29.3626,-0.5663
2019-08-21,0.0154,30.7932,29.0689,-0.5989
2019-08-22,0.0141,30.5245,28.6701,-0.6423
2019-08-23,0.0308,31.6500,29.8865,-0.5225
2019-08-26,0.0114,31.7755,29.1800,-0.5972
2019-08-27,0.0199,31.9869,29.3272,-0.5856
2019-08-28,0.0189,32.5504,29.3659,-0.5849
2019-08-29,0.0128,31.8305,28.8240,-0.6432
2019-08-30,0.0163,30.1228,28.6515,-0.6638
2019-09-03,0.0113,29.4243,28.0109,-0.7323
2019-09-04,0.0066,28.4392,26.9551,-0.8435
2019-09-05,0.0156,27.8595,26.8264,-0.8596
2019-09-06,0.0157,27.7050,26.7089,-0.8741
2019-09-09,0.0160,27.5311,26.6265,-0.8851
2019-09-10,0.0163,27.3473,26.5769,-0.8919
2019-09-11,0.0139,27.1500,26.3104,-0.9212
2019-09-12,0.0156,25.9106,26.2188,-0.9328
2019-09-13,0.0112,25.2957,25.7150,-0.9858
2019-09-16,0.0113,24.7805,25.2509,-1.0345
2019-09-17,0.0101,23.9833,24.7012,-1.0919
2019-09-18,0.0192,23.7200,25.0516,-1.0567
2019-09-19,0.0134,23.8888,24.8252,-1.0808
2019-09-20,0.0168,23.9934,24.9355,-1.0705
2019-09-23,0.0148,24.0464,24.8515,-1.0805
2019-09-24,0.0217,23.3537,25.4241,-1.0227
2019-09-25,0.0268,24.5175,26.4519,-0.9181
2019-09-26,0.0115,23.8783,25.9573,-0.9717
2019-09-27,0.0312,24.8078,27.3694,-0.8280
2019-09-30,0.0111,24.6801,26.7865,-0.8925
2019-10-01,0.0284,25.5944,27.8881,-0.7812
2019-10-02,0.0143,25.8175,27.5744,-0.8173
2019-10-03,0.0257,27.2607,28.3633,-0.7379
2019-10-04,0.0170,27.3617,28.2774,-0.7502
2019-10-07,0.0156,27.3552,28.0645,-0.7754
2019-10-08,0.0113,27.0055,27.4603,-0.8405
2019-10-09,0.0138,26.8179,27.1242,-0.8762
2019-10-10,0.0161,26.9797,27.0287,-0.8865
2019-10-11,0.0138,26.8461,26.7257,-0.9175
2019-10-14,0.0109,26.8244,26.1642,-0.9742
2019-10-15,0.0290,28.1635,27.3603,-0.8459
2019-10-16,0.0195,28.8732,27.5783,-0.8212
2019-10-17,0.0200,28.9294,27.8270,-0.7935
2019-10-18,0.0273,29.9814,28.7595,-0.6943
2019-10-21,0.0125,29.6542,28.2214,-0.7492
2019-10-22,0.0243,30.3675,28.8390,-0.6825
2019-10-23,0.0144,29.8177,28.4796,-0.7180
2019-10-24,0.0102,28.5595,27.7388,-0.7927
2019-10-25,0.0140,28.7472,27.4035,-0.8235
2019-10-28,0.0128,27.3601,26.9811,-0.8623
2019-10-29,0.0112,27.3664,26.4294,-0.9135
2019-10-30,0.0135,26.2401,26.1333,-0.9369
2019-10-31,0.0180,26.5197,26.2772,-0.9146
2019-11-01,0.0162,25.8028,26.2406,-0.9111
2019-11-04,0.0153,25.6784,26.1253,-0.9158
2019-11-05,0.0128,25.4653,25.7730,-0.9453
2019-11-06,0.0188,26.0268,26.0138,-0.9128
2019-11-07,0.0154,26.1498,25.9195,-0.9154
2019-11-08,0.0099,25.6802,25.3045,-0.9723
2019-11-11,0.0165,25.8788,25.3554,-0.9593
2019-11-12,0.0119,25.9548,24.9717,-0.9918
2019-11-13,0.0121,24.6745,24.6263,-1.0201
2019-11-14,0.0111,24.0394,24.2081,-1.0559
2019-11-15,0.0344,25.1322,26.0358,-0.8562
2019-11-18,0.0207,24.6293,26.4422,-0.8066
2019-11-19,0.0194,25.1570,26.7080,-0.7720
2019-11-20,0.0239,25.1292,27.3814,-0.6942
2019-11-21,0.0129,25.0185,26.9700,-0.7324
2019-11-22,0.0101,25.0124,26.3121,-0.7976
2019-11-25,0.0121,24.8755,25.8899,-0.8379
2019-11-26,0.0080,24.5115,25.0997,-0.9187
2019-11-27,0.0092,24.3602,24.4701,-0.9823
2019-11-29,0.0077,23.9153,23.7311,-1.0585
2019-12-02,0.0181,23.9266,24.0334,-1.0190
2019-12-03,0.0189,24.1335,24.3922,-0.9729
2019-12-04,0.0113,23.8325,24.0085,-1.0102
2019-12-05,0.0106,23.6688,23.5769,-1.0530
2019-12-06,0.0077,22.8294,22.8918,-1.1244
2019-12-09,0.0112,22.5136,22.5869,-1.1532
2019-12-10,0.0158,22.9610,22.7357,-1.1297
2019-12-11,0.0065,22.2074,21.9911,-1.2101
2019-12-12,0.0183,22.6872,22.4138,-1.1556
2019-12-13,0.0225,23.4698,23.2079,-1.0573
2019-12-16,0.0101,23.3899,22.7741,-1.1030
2019-12-17,0.0094,21.4965,22.3022,-1.1536
2019-12-18,0.0079,20.5332,21.7190,-1.2178
2019-12-19,0.0105,19.8568,21.4158,-1.2500
2019-12-20,0.0084,18.6831,20.9279,-1.3065
2019-12-23,0.0091,18.3903,20.5348,-1.3526
2019-12-24,0.0073,18.1811,19.9994,-1.4169
2019-12-26,0.0068,17.7748,19.4440,-1.4861
2019-12-27,0.0111,18.0063,19.3322,-1.5016
2019-12-30,0.0121,18.2276,19.3276,-1.5048
2019-12-31,0.0121,18.5633,19.3200,-1.5069
2020-01-02,0.0090,17.8716,19.0155,-1.5494
2020-01-03,0.0109,17.2649,18.9109,-1.5657
2020-01-06,0.0131,17.3947,19.0197,-1.5546
2020-01-07,0.0153,17.7479,19.3323,-1.5170
2020-01-08,0.0113,18.0263,19.2529,-1.5356
2020-01-09,0.0146,18.2801,19.4861,-1.5088
2020-01-10,0.0115,17.9558,19.4121,-1.5255
2020-01-13,0.0140,18.5232,19.5820,-1.5061
2020-01-14,0.0105,17.9336,19.4063,-1.5366
2020-01-15,0.0105,17.0324,19.2454,-1.5633
2020-01-16,0.0061,16.7331,18.6722,-1.6504
2020-01-17,0.0074,16.5828,18.2571,-1.7138
2020-01-21,0.0078,16.5696,17.8999,-1.7683
2020-01-22,0.0129,16.7502,18.0533,-1.7434
2020-01-23,0.0140,17.1733,18.3004,-1.7044
2020-01-24,0.0260,18.4572,19.6826,-1.4811
2020-01-27,0.0294,20.1292,21.3050,-1.2183
2020-01-28,0.0210,21.2075,22.0300,-1.1040
2020-01-29,0.0133,21.3732,21.9718,-1.1205
2020-01-30,0.0172,21.7540,22.2887,-1.0731
2020-01-31,0.0210,22.4235,22.9471,-0.9638
2020-02-03,0.0117,22.6267,22.6808,-1.0197
2020-02-04,0.0108,22.6209,22.3491,-1.0905
2020-02-05,0.0138,22.6764,22.3214,-1.1029
2020-02-06,0.0142,22.5943,22.3326,-1.1068
2020-02-07,0.0079,22.3333,21.7442,-1.2319
2020-02-10,0.0150,22.3651,21.8680,-1.2115
2020-02-11,0.0201,23.0187,22.4747,-1.0879
2020-02-12,0.0098,22.6985,22.0574,-1.1787
2020-02-13,0.0113,22.7609,21.8117,-1.2331
2020-02-14,0.0211,23.5629,22.5170,-1.0784
2020-02-18,0.0192,24.5559,22.9988,-0.9708
2020-02-19,0.0176,25.3235,23.2912,-0.9029
2020-02-20,0.0454,28.1686,26.2168,-0.2246
2020-02-21,0.0274,29.2635,27.2507,0.0261
2020-02-24,0.0350,30.8514,28.9468,0.4375
2020-02-25,0.0440,32.2056,31.3965,1.0359
2020-02-26,0.0329,32.4661,32.6442,1.3508
2020-02-27,0.0493,34.6063,35.3856,2.0219
2020-02-28,0.0514,37.4860,38.1545,2.6765
2020-03-02,0.0436,39.4813,40.0144,3.0857
2020-03-03,0.0387,40.8203,41.2965,3.3339
2020-03-04,0.0320,42.3603,41.8696,3.4025
2020-03-05,0.0289,43.7310,42.1136,3.3874
2020-03-06,0.0279,44.7990,42.2458,3.3461
2020-03-09,0.0587,48.1612,45.2979,3.9060
2020-03-10,0.0407,50.6385,46.4529,4.0349
2020-03-11,0.0329,51.9948,46.8031,3.9904
2020-03-12,0.0582,54.8706,49.5372,4.3843
2020-03-13,0.0599,58.6564,52.2664,4.7056
2020-03-16,0.0967,65.1108,58.3406,5.4919
2020-03-17,0.0905,70.3501,63.4558,5.9317
2020-03-18,0.1058,76.8933,69.7256,6.3706
2020-03-19,0.0735,81.1226,72.5433,6.2361
2020-03-20,0.0721,83.1443,75.0612,6.0710
2020-03-23,0.0576,85.4312,76.0459,5.7598
2020-03-24,0.0500,86.5640,76.2415,5.4213
2020-03-25,0.0466,86.7619,76.1030,5.1051
2020-03-26,0.0328,86.7543,74.6587,4.7139
2020-03-27,0.0393,85.9977,73.9259,4.4407
2020-03-30,0.0232,83.8687,71.6999,4.0668
2020-03-31,0.0461,84.0583,71.7859,3.9339
2020-04-01,0.0476,84.7320,72.0106,3.8238
2020-04-02,0.0270,84.3526,70.2628,3.5601
2020-04-03,0.0425,85.3793,70.0968,3.4476
2020-04-06,0.0336,85.8070,69.0890,3.2762
2020-04-07,0.0356,84.0661,68.3370,3.1372
2020-04-08,0.0178,82.3403,65.9352,2.8798
2020-04-09,0.0256,81.7875,64.4199,2.7061
2020-04-13,0.0279,79.4989,63.2134,2.5652
2020-04-14,0.0210,76.5589,61.4174,2.3868
2020-04-15,0.0207,70.8128,59.7026,2.2223
2020-04-16,0.0253,65.8864,58.5288,2.1043
2020-04-17,0.0262,59.8675,57.5104,2.0019
2020-04-20,0.0201,55.8309,55.9749,1.8648
2020-04-21,0.0349,53.0160,55.9400,1.8413
2020-04-22,0.0244,50.5011,54.9033,1.7456
2020-04-23,0.0235,48.4979,53.8435,1.6506
2020-04-24,0.0184,46.3656,52.3621,1.5274
2020-04-27,0.0221,45.5551,51.3210,1.4386
2020-04-28,0.0192,44.0356,50.0739,1.3368
2020-04-29,0.0159,43.4812,48.5805,1.2189
2020-04-30,0.0138,41.0383,46.9756,1.0947
2020-05-01,0.0197,38.9315,46.0344,1.0195
2020-05-04,0.0149,38.0134,44.6883,0.9162
2020-05-05,0.0212,36.3986,44.0222,0.8624
2020-05-06,0.0155,35.0319,42.8569,0.7736
2020-05-07,0.0138,33.3833,41.6015,0.6792
2020-05-08,0.0110,32.8650,40.1507,0.5716
2020-05-11,0.0218,32.5738,39.8156,0.5446
2020-05-12,0.0225,32.1609,39.5651,0.5239
2020-05-13,0.0423,33.7724,41.2186,0.6390
2020-05-14,0.0276,34.2986,41.3787,0.6469
2020-05-15,0.0291,34.5895,41.6708,0.6640
2020-05-18,0.0190,34.0434,40.9758,0.6114
2020-05-19,0.0257,34.4669,40.9660,0.6078
2020-05-20,0.0121,32.7421,39.6584,0.5118
2020-05-21,0.0160,32.1107,38.8031,0.4484
2020-05-22,0.0267,32.3573,39.0200,0.4613
2020-05-26,0.0264,32.9674,39.1967,0.4714
2020-05-27,0.0536,35.3541,41.9528,0.6640
2020-05-28,0.0310,36.2418,42.3862,0.6908
2020-05-29,0.0221,36.7126,41.9473,0.6558
2020-06-01,0.0121,36.5841,40.5784,0.5554
2020-06-02,0.0143,36.1785,39.5101,0.4769
2020-06-03,0.0129,36.0265,38.3639,0.3936
2020-06-04,0.0212,36.0262,38.0769,0.3714
2020-06-05,0.0213,36.4680,37.8249,0.3517
2020-06-08,0.0156,36.6035,37.0422,0.2944
2020-06-09,0.0226,37.4849,36.9756,0.2879
2020-06-10,0.0226,37.5496,36.9125,0.2816
2020-06-11,0.0281,37.9731,37.3698,0.3119
2020-06-12,0.0349,37.4115,38.4474,0.3856
2020-06-15,0.0242,37.1475,38.4411,0.3824
2020-06-16,0.0317,37.3417,39.1541,0.4298
2020-06-17,0.0155,37.0839,38.2853,0.3657
2020-06-18,0.0129,36.1156,37.2169,0.2875
2020-06-19,0.0164,36.4457,36.5502,0.2380
2020-06-22,0.0123,36.1692,35.5329,0.1638
2020-06-23,0.0161,35.3698,34.9389,0.1198
2020-06-24,0.0267,35.3931,35.3898,0.1498
2020-06-25,0.0228,33.0602,35.4348,0.1511
2020-06-26,0.0168,31.9887,34.9093,0.1119
2020-06-29,0.0237,32.1102,35.0721,0.1213
2020-06-30,0.0153,32.3572,34.4269,0.0740
2020-07-01,0.0121,32.1880,33.5144,0.0078
2020-07-02,0.0115,32.0879,32.6018,-0.0583
2020-07-06,0.0127,31.4503,31.8572,-0.1124
2020-07-07,0.0148,30.9594,31.3600,-0.1490
2020-07-08,0.0120,30.6851,30.6195,-0.2028
2020-07-09,0.0216,30.6036,30.8354,-0.1886
2020-07-10,0.0174,30.2107,30.6457,-0.2031
2020-07-13,0.0406,31.1616,32.6772,-0.0601
2020-07-14,0.0392,31.4873,34.4468,0.0637
2020-07-15,0.0235,31.4365,34.6165,0.0735
2020-07-16,0.0206,30.5985,34.5030,0.0630
2020-07-17,0.0111,30.2613,33.4885,-0.0113
2020-07-20,0.0213,30.8994,33.5119,-0.0118
2020-07-21,0.0149,30.7840,32.9221,-0.0562
2020-07-22,0.0206,31.4094,32.9105,-0.0594
2020-07-23,0.0297,32.4346,33.7655,-0.0008
2020-07-24,0.0362,33.1514,35.1900,0.0983
2020-07-27,0.0103,32.2065,34.0564,0.0143
2020-07-28,0.0070,31.4648,32.6792,-0.0868
2020-07-29,0.0106,30.4725,31.7254,-0.1576
2020-07-30,0.0170,30.6033,31.4458,-0.1797
2020-07-31,0.0220,31.3544,31.6586,-0.1658
2020-08-03,0.0191,31.9291,31.5815,-0.1726
2020-08-04,0.0180,32.3290,31.4019,-0.1867
2020-08-05,0.0127,32.1649,30.7253,-0.2362
2020-08-06,0.0112,32.1076,29.9506,-0.2926
2020-08-07,0.0286,32.6435,30.8820,-0.2263
2020-08-10,0.0338,33.8795,32.2468,-0.1292
2020-08-11,0.0180,32.1656,32.0227,-0.1465
2020-08-12,0.0202,30.7339,32.0277,-0.1469
2020-08-13,0.0217,30.6014,32.1756,-0.1370
2020-08-14,0.0160,30.2558,31.7731,-0.1667
2020-08-17,0.0239,31.2281,32.1474,-0.1405
2020-08-18,0.0216,31.2451,32.2728,-0.1321
2020-08-19,0.0097,30.8480,31.2570,-0.2059
2020-08-20,0.0276,31.3794,32.0148,-0.1521
2020-08-21,0.0250,31.0239,32.4756,-0.1200
2020-08-24,0.0211,29.8797,32.5358,-0.1164
2020-08-25,0.0087,29.7602,31.4109,-0.1983
2020-08-26,0.0105,30.0239,30.5247,-0.2626
2020-08-27,0.0139,30.2739,30.0152,-0.2996
2020-08-28,0.0158,30.1816,29.7219,-0.3211
2020-08-31,0.0271,30.5643,30.5204,-0.2640
2020-09-01,0.0242,30.9456,30.9920,-0.2309
2020-09-02,0.0379,32.4482,32.7410,-0.1062
2020-09-03,0.0375,34.3264,34.3506,0.0080
2020-09-04,0.0833,39.7748,40.2234,0.4289
2020-09-08,0.0484,41.2706,42.4231,0.5834
2020-09-09,0.0287,40.8828,42.6068,0.5921
2020-09-10,0.0378,42.3820,43.6501,0.6624
2020-09-11,0.0405,43.9142,44.8880,0.7463
2020-09-14,0.0359,44.9863,45.6151,0.7928
2020-09-15,0.0215,45.4004,44.9279,0.7374
2020-09-16,0.0236,45.3727,44.4781,0.6992
2020-09-17,0.0271,45.7931,44.3934,0.6876
2020-09-18,0.0309,47.4000,44.6750,0.7023
2020-09-21,0.0193,46.7704,43.8344,0.6363
2020-09-22,0.0279,46.9901,43.8630,0.6331
2020-09-23,0.0291,47.5964,44.0038,0.6381
2020-09-24,0.0287,49.1104,44.0985,0.6398
2020-09-25,0.0292,50.5229,44.2307,0.6442
2020-09-28,0.0165,50.7238,43.1521,0.5617
2020-09-29,0.0236,51.3144,42.8147,0.5328
2020-09-30,0.0179,50.6188,41.9511,0.4664
2020-10-01,0.0143,49.8700,40.7933,0.3790
2020-10-02,0.0237,48.7992,40.6051,0.3620
2020-10-05,0.0118,46.8534,39.2912,0.2638
2020-10-06,0.0239,42.3629,39.2094,0.2548
2020-10-07,0.0128,39.6713,38.0787,0.1699
2020-10-08,0.0128,38.4745,37.0150,0.0901
2020-10-09,0.0084,36.2534,35.5952,-0.0154
2020-10-12,0.0191,34.6352,35.2775,-0.0410
2020-10-13,0.0163,33.1532,34.7139,-0.0845
2020-10-14,0.0171,32.8196,34.2606,-0.1195
2020-10-15,0.0098,31.7783,33.1386,-0.2030
2020-10-16,0.0133,30.7325,32.4166,-0.2570
2020-10-19,0.0234,30.1662,32.7034,-0.2374
2020-10-20,0.0149,29.8320,32.1599,-0.2783
2020-10-21,0.0156,28.9031,31.7186,-0.3114
2020-10-22,0.0186,28.1069,31.5848,-0.3222
2020-10-23,0.0145,27.0339,31.0727,-0.3607
2020-10-26,0.0319,27.2430,32.2499,-0.2763
2020-10-27,0.0126,26.9463,31.5163,-0.3315
2020-10-28,0.0226,26.8688,31.7794,-0.3140
2020-10-29,0.0224,27.2110,32.0091,-0.2992
2020-10-30,0.0321,28.5621,33.1503,-0.2178
2020-11-02,0.0245,28.6187,33.4920,-0.1950
2020-11-03,0.0232,29.4809,33.6912,-0.1828
2020-11-04,0.0176,29.0040,33.3445,-0.2107
2020-11-05,0.0174,29.3476,32.9985,-0.2384
2020-11-06,0.0283,30.5197,33.7167,-0.1880
2020-11-09,0.0356,32.5728,35.0815,-0.0904
2020-11-10,0.0350,33.7792,36.3148,-0.0026
2020-11-11,0.0197,34.0363,36.0128,-0.0282
2020-11-12,0.0235,34.5178,36.0883,-0.0260
2020-11-13,0.0284,35.9254,36.6302,0.0105
2020-11-16,0.0206,36.4753,36.3917,-0.0103
2020-11-17,0.0142,35.7744,35.5567,-0.0751
2020-11-18,0.0221,36.3226,35.5329,-0.0796
2020-11-19,0.0177,36.4774,35.0841,-0.1154
2020-11-20,0.0151,36.2167,34.4200,-0.1673
2020-11-23,0.0196,36.6013,34.2223,-0.1846
2020-11-24,0.0122,35.1093,33.3307,-0.2537
2020-11-25,0.0094,34.8672,32.2271,-0.3388
2020-11-27,0.0114,34.0223,31.3830,-0.4046
2020-11-30,0.0227,34.0446,31.6646,-0.3865
2020-12-01,0.0152,32.7609,31.2090,-0.4235
2020-12-02,0.0213,32.5194,31.3629,-0.4145
2020-12-03,0.0149,31.8954,30.9035,-0.4519
2020-12-04,0.0074,31.1280,29.7573,-0.5410
2020-12-07,0.0120,30.7224,29.1155,-0.5923
2020-12-08,0.0127,29.5403,28.5771,-0.6358
2020-12-09,0.0236,28.6332,29.1075,-0.5985
2020-12-10,0.0109,26.8067,28.3977,-0.6554
2020-12-11,0.0106,26.1149,27.6990,-0.7112
2020-12-14,0.0130,25.3215,27.2737,-0.7456
2020-12-15,0.0142,24.2498,26.9942,-0.7692
2020-12-16,0.0085,23.3355,26.1818,-0.8333
2020-12-17,0.0106,23.0694,25.6241,-0.8782
2020-12-18,0.0172,22.6921,25.7209,-0.8733
2020-12-21,0.0179,22.7090,25.8821,-0.8638
2020-12-22,0.0151,22.7037,25.7633,-0.8760
2020-12-23,0.0086,21.8751,25.0410,-0.9347
2020-12-24,0.0103,21.7318,24.5198,-0.9782
2020-12-28,0.0144,22.1108,24.4224,-0.9891
2020-12-29,0.0125,22.1936,24.1509,-1.0133
2020-12-30,0.0155,21.6471,24.1778,-1.0146
2020-12-31,0.0122,21.4236,23.8898,-1.0404
2021-01-04,0.0367,22.5872,25.9490,-0.8847
2021-01-05,0.0125,22.4041,25.5838,-0.9174
2021-01-06,0.0211,23.4392,26.0609,-0.8843
2021-01-07,0.0196,24.0117,26.3623,-0.8651
2021-01-08,0.0199,24.5536,26.6719,-0.8452
2021-01-11,0.0295,25.0054,27.8858,-0.7545
2021-01-12,0.0175,25.5080,27.8827,-0.7595
2021-01-13,0.0124,25.6490,27.3926,-0.8031
2021-01-14,0.0137,25.7028,27.0533,-0.8348
2021-01-15,0.0189,26.0508,27.2256,-0.8264
2021-01-19,0.0136,26.4400,26.8897,-0.8588
2021-01-20,0.0160,26.8455,26.8005,-0.8718
2021-01-21,0.0329,28.0350,28.3254,-0.7554
2021-01-22,0.0110,27.5117,27.6710,-0.8141
2021-01-25,0.0304,28.6704,28.9049,-0.7195
2021-01-26,0.0117,28.9000,28.2833,-0.7741
2021-01-27,0.0187,29.5329,28.3650,-0.7711
2021-01-28,0.0202,29.9716,28.5896,-0.7566
2021-01-29,0.0224,30.7205,29.0118,-0.7259
2021-02-01,0.0179,30.9013,28.9748,-0.7323
2021-02-02,0.0132,30.9772,28.4946,-0.7751
2021-02-03,0.0208,29.7809,28.7703,-0.7561
2021-02-04,0.0165,30.0818,28.6148,-0.7726
2021-02-05,0.0078,29.0769,27.6439,-0.8562
2021-02-08,0.0204,29.1378,27.9271,-0.8367
2021-02-09,0.0174,28.9512,27.9077,-0.8421
2021-02-10,0.0241,28.5363,28.5246,-0.7945
2021-02-11,0.0119,28.1078,27.9432,-0.8467
2021-02-12,0.0240,28.9836,28.5531,-0.7999
2021-02-16,0.0164,29.1905,28.4049,-0.8160
2021-02-17,0.0178,29.1117,28.3967,-0.8200
2021-02-18,0.0137,29.1168,27.9971,-0.8566
2021-02-19,0.0150,29.0422,27.7474,-0.8785
2021-02-22,0.0344,29.1597,29.3636,-0.7435
2021-02-23,0.0434,31.6098,31.7341,-0.5450
2021-02-24,0.0338,31.8706,33.0527,-0.4345
2021-02-25,0.0490,34.6945,35.7404,-0.2089
2021-02-26,0.0256,35.2172,36.0333,-0.1844
2021-03-01,0.0191,35.1302,35.6882,-0.2127
2021-03-02,0.0152,34.5856,34.9983,-0.2692
2021-03-03,0.0192,34.6865,34.7291,-0.2897
2021-03-04,0.0456,37.1354,36.9893,-0.0974
2021-03-05,0.0507,39.3889,39.5947,0.1233
2021-03-08,0.0295,40.3750,40.0322,0.1610
2021-03-09,0.0252,41.6868,40.0293,0.1626
2021-03-10,0.0226,41.8524,39.7779,0.1438
2021-03-11,0.0170,41.8211,39.0080,0.0814
2021-03-12,0.0131,40.9953,37.9184,-0.0070
2021-03-15,0.0182,41.4718,37.3738,-0.0483
2021-03-16,0.0208,41.2293,37.1122,-0.0637
2021-03-17,0.0203,41.5242,36.8222,-0.0803
2021-03-18,0.0159,41.3834,36.1314,-0.1305
2021-03-19,0.0165,41.5934,35.5324,-0.1734
2021-03-22,0.0228,42.1793,35.5688,-0.1598
2021-03-23,0.0150,40.7106,34.8652,-0.2147
2021-03-24,0.0149,38.5540,34.1882,-0.2699
2021-03-25,0.0250,37.8860,34.5180,-0.2287
2021-03-26,0.0232,35.9326,34.6564,-0.2051
2021-03-29,0.0189,35.4283,34.3789,-0.2240
2021-03-30,0.0148,35.1061,33.7271,-0.2847
2021-03-31,0.0208,35.5301,33.6892,-0.2808
2021-04-01,0.0150,35.2115,33.0970,-0.3408
2021-04-05,0.0133,32.7681,32.3765,-0.4198
2021-04-06,0.0129,29.9115,31.6593,-0.5040
2021-04-07,0.0243,29.5129,32.0707,-0.4504
2021-04-08,0.0106,28.4097,31.1555,-0.5684
2021-04-09,0.0082,27.3246,30.0693,-0.7163
2021-04-12,0.0434,29.3253,32.4028,-0.3924
2021-04-13,0.0192,29.7859,32.2898,-0.4037
2021-04-14,0.0177,29.7469,32.0338,-0.4370
2021-04-15,0.0180,29.5384,31.8300,-0.4639
2021-04-16,0.0121,28.9154,31.0718,-0.5796
2021-04-19,0.0252,29.6163,31.6092,-0.4907
2021-04-20,0.0240,30.1861,31.9994,-0.4218
2021-04-21,0.0070,28.9929,30.7445,-0.6307
2021-04-22,0.0218,29.5032,30.9732,-0.5895
2021-04-23,0.0151,29.5214,30.5528,-0.6623
2021-04-26,0.0112,28.4820,29.7910,-0.7993
2021-04-27,0.0120,27.6390,29.1508,-0.9175
2021-04-28,0.0141,27.2769,28.7474,-0.9932
2021-04-29,0.0166,27.4153,28.6079,-1.0183
2021-04-30,0.0157,27.0290,28.3903,-1.0572
2021-05-03,0.0180,27.2567,28.4031,-1.0507
2021-05-04,0.0284,28.4023,29.4076,-0.8482
2021-05-05,0.0177,28.7644,29.3248,-0.8590
2021-05-06,0.0173,28.2390,29.2143,-0.8748
2021-05-07,0.0143,28.5165,28.8201,-0.9469
2021-05-10,0.0153,29.0526,28.5496,-0.9936
2021-05-11,0.0218,27.4146,28.9103,-0.9137
2021-05-12,0.0255,27.8887,29.6042,-0.7671
2021-05-13,0.0273,28.6192,30.4299,-0.5941
2021-05-14,0.0247,29.1210,30.9545,-0.4815
2021-05-17,0.0159,29.4113,30.6146,-0.5448
2021-05-18,0.0166,28.7590,30.3576,-0.5914
2021-05-19,0.0158,28.1380,30.0404,-0.6506
2021-05-20,0.0152,28.7562,29.6820,-0.7184
2021-05-21,0.0150,28.2425,29.3272,-0.7853
2021-05-24,0.0204,28.6465,29.5145,-0.7400
2021-05-25,0.0144,28.8879,29.1192,-0.8155
2021-05-26,0.0093,28.6768,28.2534,-0.9897
2021-05-27,0.0101,28.3703,27.5176,-1.1375
2021-05-28,0.0186,28.5196,27.6400,-1.1051
2021-06-01,0.0212,28.9357,28.0048,-1.0206
2021-06-02,0.0214,29.1909,28.3623,-0.9375
2021-06-03,0.0264,29.0406,29.1798,-0.7570
2021-06-04,0.0158,28.9035,28.9380,-0.8019
2021-06-07,0.0250,29.4834,29.5813,-0.6585
2021-06-08,0.0148,29.5252,29.2177,-0.7301
2021-06-09,0.0117,29.2507,28.5775,-0.8602
2021-06-10,0.0126,28.5581,28.0638,-0.9625
2021-06-11,0.0156,27.8116,27.8680,-0.9965
2021-06-14,0.0144,26.8355,27.5680,-1.0525
2021-06-15,0.0105,25.7653,26.9159,-1.1830
2021-06-16,0.0147,25.6737,26.7028,-1.2195
2021-06-17,0.0288,26.5999,27.8476,-0.9663
2021-06-18,0.0291,27.6040,28.9462,-0.7239
2021-06-21,0.0278,28.5568,29.8538,-0.5235
2021-06-22,0.0170,28.7071,29.6782,-0.5565
2021-06-23,0.0090,27.8391,28.7508,-0.7507
2021-06-24,0.0122,27.6668,28.1842,-0.8661
2021-06-25,0.0146,28.0698,27.8822,-0.9240
2021-06-28,0.0189,28.7337,28.0053,-0.8908
2021-06-29,0.0151,28.4645,27.7593,-0.9365
2021-06-30,0.0106,27.6567,27.0990,-1.0701
2021-07-01,0.0150,27.1758,26.9049,-1.1036
2021-07-02,0.0074,25.7362,25.9960,-1.2881
2021-07-06,0.0168,25.8118,26.0404,-1.2696
2021-07-07,0.0117,24.8058,25.5900,-1.3554
2021-07-08,0.0153,24.8406,25.5098,-1.3633
2021-07-09,0.0112,24.8077,25.0506,-1.4493
2021-07-12,0.0086,24.5069,24.3696,-1.5794
2021-07-13,0.0112,24.1722,23.9736,-1.6461
2021-07-14,0.0171,24.3779,24.1665,-1.5903
2021-07-15,0.0239,25.3878,24.9910,-1.4071
2021-07-16,0.0292,26.4812,26.2710,-1.1340
2021-07-19,0.0343,26.8931,27.9607,-0.7809
2021-07-20,0.0255,26.6199,28.7082,-0.6229
2021-07-21,0.0234,26.2906,29.2153,-0.5155
2021-07-22,0.0220,26.6724,29.5591,-0.4420
2021-07-23,0.0160,27.2078,29.3134,-0.4887
2021-07-26,0.0195,27.7596,29.4083,-0.4648
2021-07-27,0.0324,29.1087,30.7327,-0.1900
2021-07-28,0.0231,29.4286,31.0878,-0.1157
2021-07-29,0.0184,29.6811,30.9751,-0.1383
2021-07-30,0.0131,29.8729,30.3635,-0.2631
2021-08-02,0.0215,30.3635,30.5917,-0.2153
2021-08-03,0.0359,32.5143,32.1715,0.1090
2021-08-04,0.0149,32.3651,31.6575,0.0031
2021-08-05,0.0128,32.4510,30.9782,-0.1367
2021-08-06,0.0115,32.1672,30.2171,-0.2934
2021-08-09,0.0118,32.2114,29.5312,-0.4332
2021-08-10,0.0172,32.8567,29.3945,-0.4588
2021-08-11,0.0194,33.4763,29.4777,-0.4395
2021-08-12,0.0145,33.2813,29.0946,-0.5155
2021-08-13,0.0093,32.1821,28.2384,-0.6874
2021-08-16,0.0291,32.1777,29.3181,-0.4638
2021-08-17,0.0167,30.8509,29.1531,-0.4949
2021-08-18,0.0178,30.2753,29.1039,-0.5022
2021-08-19,0.0617,33.1719,33.2369,0.3425
2021-08-20,0.0203,33.0429,33.1768,0.3292
2021-08-23,0.0193,33.2883,33.0234,0.2973
2021-08-24,0.0137,32.8558,32.3506,0.1598
2021-08-25,0.0198,31.9006,32.2950,0.1477
2021-08-26,0.0172,31.4580,31.9986,0.0858
2021-08-27,0.0122,30.9886,31.2398,-0.0705
2021-08-30,0.0148,31.1147,30.7713,-0.1673
2021-08-31,0.0160,30.6977,30.4496,-0.2332
2021-09-01,0.0106,28.7886,29.6325,-0.3993
2021-09-02,0.0088,28.3268,28.6890,-0.5888
2021-09-03,0.0201,28.8741,28.8774,-0.5458
2021-09-07,0.0108,28.8170,28.1704,-0.6844
2021-09-08,0.0195,29.3959,28.3367,-0.6447
2021-09-09,0.0123,29.0296,27.8101,-0.7491
2021-09-10,0.0106,28.3665,27.1529,-0.8836
2021-09-13,0.0316,29.6581,28.5367,-0.5856
2021-09-14,0.0103,29.7275,27.8014,-0.7425
2021-09-15,0.0128,28.4906,27.3488,-0.8409
2021-09-16,0.0111,28.0627,26.7628,-0.9718
2021-09-17,0.0110,27.5443,26.2039,-1.1002
2021-09-20,0.0259,24.8351,27.0973,-0.8945
2021-09-21,0.0150,24.4378,26.9050,-0.9399
2021-09-22,0.0188,24.4030,27.0840,-0.8973
2021-09-23,0.0182,24.7395,27.1915,-0.8719
2021-09-24,0.0092,23.9423,26.4410,-1.0625
2021-09-27,0.0155,23.8098,26.3289,-1.0968
2021-09-28,0.0208,24.4619,26.7319,-0.9949
2021-09-29,0.0138,24.3901,26.4434,-1.0747
2021-09-30,0.0127,24.1407,26.0672,-1.1789
2021-10-01,0.0226,25.0472,26.6552,-1.0170
2021-10-04,0.0254,26.3023,27.4717,-0.7872
2021-10-05,0.0230,26.5288,28.0186,-0.6277
2021-10-06,0.0134,26.7296,27.6161,-0.7389
2021-10-07,0.0117,26.1400,27.0728,-0.8916
2021-10-08,0.0121,26.1244,26.6023,-1.0234
2021-10-11,0.0184,26.7146,26.7613,-0.9696
2021-10-12,0.0174,25.6361,26.8096,-0.9482
2021-10-13,0.0094,25.5693,26.0938,-1.1515
2021-10-14,0.0162,25.8257,26.0667,-1.1505
2021-10-15,0.0086,25.6386,25.3219,-1.3596
2021-10-18,0.0160,26.0148,25.3235,-1.3474
2021-10-19,0.0109,24.8806,24.8406,-1.4764
2021-10-20,0.0132,24.7408,24.6075,-1.5304
2021-10-21,0.0110,24.1471,24.1763,-1.6402
2021-10-22,0.0174,24.0883,24.3842,-1.5643
2021-10-25,0.0172,24.6868,24.5563,-1.5004
2021-10-26,0.0336,26.0567,26.2833,-0.9928
2021-10-27,0.0231,26.2322,26.9102,-0.8057
2021-10-28,0.0121,26.1033,26.4485,-0.9320
2021-10-29,0.0141,26.2048,26.2000,-0.9960
2021-11-01,0.0179,25.8534,26.3372,-0.9489
2021-11-02,0.0192,25.3901,26.5891,-0.8692
2021-11-03,0.0145,24.7475,26.3793,-0.9224
2021-11-04,0.0862,30.2519,33.0107,0.9947
2021-11-05,0.0454,32.8006,35.3551,1.6638
2021-11-08,0.0242,33.7157,35.5406,1.7099
2021-11-09,0.0426,35.5393,37.4610,2.2470
2021-11-10,0.0491,37.9392,39.8913,2.9087
2021-11-11,0.0190,38.6655,39.3057,2.7165
2021-11-12,0.0233,39.2094,39.1713,2.6549
2021-11-15,0.0312,40.9156,39.7899,2.8003
2021-11-16,0.0132,40.7068,38.6603,2.4726
2021-11-17,0.0329,42.3691,39.4718,2.6666
2021-11-18,0.0288,43.5470,39.8449,2.7358
2021-11-19,0.0215,44.3436,39.5033,2.6138
2021-11-22,0.0503,46.8320,41.9269,3.1955
2021-11-23,0.0328,48.0169,42.5394,3.2835
2021-11-24,0.0357,48.1748,43.3864,3.4144
2021-11-26,0.0212,48.0277,42.8017,3.1921
2021-11-29,0.0228,48.8357,42.4046,3.0273
2021-11-30,0.0309,50.1111,42.8057,3.0561
2021-12-01,0.0238,50.5542,42.5049,2.9232
2021-12-02,0.0270,51.1384,42.5229,2.8692
2021-12-03,0.0373,52.8585,43.5244,3.0307
2021-12-06,0.0534,50.3749,45.9977,3.4858
2021-12-07,0.0282,49.0715,45.9206,3.3749
2021-12-08,0.0190,48.6766,44.9745,3.0973
2021-12-09,0.0315,47.8421,45.2775,3.0874
2021-12-10,0.0273,46.1898,45.1570,2.9945
2021-12-13,0.0284,46.9027,45.1536,2.9300
2021-12-14,0.0332,47.6495,45.6092,2.9558
2021-12-15,0.0477,48.9009,47.4183,3.2286
2021-12-16,0.0451,51.3091,48.8654,3.4124
2021-12-17,0.0287,50.9940,48.6675,3.2905
2021-12-20,0.0238,50.6160,48.0127,3.0979
2021-12-21,0.0403,52.0333,48.9668,3.1922
2021-12-22,0.0247,50.0949,48.3802,3.0208
2021-12-23,0.0147,48.7261,46.8808,2.7093
2021-12-27,0.0210,47.6159,46.0684,2.5282
2021-12-28,0.0229,47.7457,45.4864,2.3934
2021-12-29,0.0273,48.0889,45.3607,2.3388
2021-12-30,0.0210,47.3403,44.6412,2.1897
2021-12-31,0.0157,46.7281,43.4588,1.9707
2022-01-03,0.0207,46.2544,42.8227,1.8446
2022-01-04,0.0466,46.9590,44.6942,2.1258
2022-01-05,0.0362,45.6635,45.4649,2.2211
2022-01-06,0.0329,46.0195,45.8683,2.2543
2022-01-07,0.0284,46.7332,45.8246,2.2161
2022-01-10,0.0448,47.7380,47.3426,2.4195
2022-01-11,0.0296,47.9118,47.3172,2.3780
2022-01-12,0.0248,47.6383,46.8395,2.2700
2022-01-13,0.0306,47.4382,46.9420,2.2533
2022-01-14,0.0214,45.4493,46.1650,2.1061
2022-01-18,0.0218,43.6926,45.4739,1.9767
2022-01-19,0.0327,43.9909,45.8553,2.0095
2022-01-20,0.0314,44.5677,46.0961,2.0200
2022-01-21,0.0458,44.9833,47.6888,2.2258
2022-01-24,0.0745,48.7475,51.9218,2.7952
2022-01-25,0.0290,49.8284,51.5719,2.6931
2022-01-26,0.0521,52.1803,53.4413,2.8997
2022-01-27,0.0566,54.7253,55.6236,3.1320
2022-01-28,0.0445,56.0213,56.5226,3.1774
2022-01-31,0.0269,56.4623,55.6891,2.9964
2022-02-01,0.0343,57.8662,55.6128,2.9229
2022-02-02,0.0329,58.7849,55.4050,2.8371
2022-02-03,0.0352,57.9208,55.4328,2.7849
2022-02-04,0.0280,57.2976,54.7739,2.6522
2022-02-07,0.0266,56.8218,54.0193,2.5146
2022-02-08,0.0306,56.9859,53.6932,2.4346
2022-02-09,0.0270,55.6367,53.0392,2.3190
2022-02-10,0.0354,56.0820,53.2330,2.3079
2022-02-11,0.0463,57.7059,54.4466,2.4152
2022-02-14,0.0314,57.7696,54.1729,2.3464
2022-02-15,0.0310,58.4926,53.8730,2.2773
2022-02-16,0.0273,58.9069,53.2415,2.1734
2022-02-17,0.0365,59.1953,53.5202,2.1757
2022-02-18,0.0488,60.5105,54.9582,2.3059
2022-02-22,0.0305,59.3594,54.5688,2.2294
2022-02-23,0.0417,56.8801,55.2651,2.2741
2022-02-24,0.0522,58.6349,56.9256,2.4210
2022-02-25,0.0221,56.3669,55.6162,2.2453
2022-02-28,0.0261,54.0652,54.7678,2.1251
2022-03-01,0.0304,53.0024,54.3791,2.0571
2022-03-02,0.0268,53.0003,53.6716,1.9581
2022-03-03,0.0210,51.9975,52.4527,1.8102
2022-03-04,0.0347,52.1362,52.6092,1.8100
2022-03-07,0.0353,52.1473,52.8188,1.8155
2022-03-08,0.0564,54.2905,55.0172,2.0228
2022-03-09,0.0249,54.1656,54.0907,1.9077
2022-03-10,0.0285,54.0045,53.5572,1.8349
2022-03-11,0.0232,53.7200,52.5530,1.7164
2022-03-14,0.0324,53.4907,52.4870,1.6940
2022-03-15,0.0366,52.7619,52.8270,1.7119
2022-03-16,0.0334,52.9109,52.8382,1.6969
2022-03-17,0.0216,52.2040,51.7277,1.5720
2022-03-18,0.0358,52.8437,52.0309,1.5876
2022-03-21,0.0311,52.4385,51.8718,1.5579
2022-03-22,0.0306,51.0597,51.6713,1.5245
2022-03-23,0.0255,50.6793,50.9999,1.4463
2022-03-24,0.0436,50.8249,52.0938,1.5388
2022-03-25,0.0273,48.9387,51.5679,1.4749
2022-03-28,0.0246,49.1238,50.8132,1.3904
2022-03-29,0.0240,48.9619,50.0490,1.3064
2022-03-30,0.0211,48.2538,49.0513,1.2015
2022-03-31,0.0223,47.9084,48.2282,1.1145
2022-04-01,0.0285,48.4757,48.0507,1.0894
2022-04-04,0.0199,47.3614,47.0673,0.9885
2022-04-05,0.0252,46.5959,46.6450,0.9415
2022-04-06,0.0348,44.9638,47.1573,0.9827
2022-04-07,0.0360,45.8021,47.7586,1.0317
2022-04-08,0.0151,44.7884,46.3279,0.8899
2022-04-11,0.0195,44.5096,45.4061,0.7971
2022-04-12,0.0361,44.7867,46.1179,0.8582
2022-04-13,0.0308,44.3476,46.2869,0.8679
2022-04-14,0.0380,44.6973,47.1311,0.9404
2022-04-18,0.0284,45.2124,47.0120,0.9224
2022-04-19,0.0315,44.8901,47.1922,0.9324
2022-04-20,0.0373,45.3590,47.9142,0.9927
2022-04-21,0.0658,48.0217,51.3062,1.2999
2022-04-22,0.0247,47.9630,50.5827,1.2221
2022-04-25,0.0212,46.2714,49.5702,1.1186
2022-04-26,0.0281,46.3321,49.2722,1.0821
2022-04-27,0.0325,46.9354,49.4154,1.0868
2022-04-28,0.0504,48.9352,51.2549,1.2475
2022-04-29,0.0519,51.2682,53.1242,1.4086
2022-05-02,0.0299,51.8456,52.7843,1.3651
2022-05-03,0.0243,51.5255,51.9302,1.2753
2022-05-04,0.0582,54.4199,54.3610,1.4858
2022-05-05,0.0409,55.6062,54.9958,1.5297
2022-05-06,0.0574,57.3168,57.1624,1.7106
2022-05-09,0.0428,57.8303,57.8104,1.7512
2022-05-10,0.0470,60.2442,58.8181,1.8225
2022-05-11,0.0412,61.8845,59.2136,1.8376
2022-05-12,0.0534,63.1915,60.7439,1.9516
2022-05-13,0.0436,64.1556,61.2501,1.9725
2022-05-16,0.0262,63.2635,60.0724,1.8470
2022-05-17,0.0287,63.2859,59.2051,1.7517
2022-05-18,0.0426,64.1244,59.7101,1.7767
2022-05-19,0.0386,64.2194,59.8007,1.7656
2022-05-20,0.0667,64.2857,62.5631,1.9816
2022-05-23,0.0210,64.0071,60.8132,1.8105
2022-05-24,0.0330,64.8983,60.3097,1.7488
2022-05-25,0.0310,65.1143,59.6395,1.6746
2022-05-26,0.0542,66.7537,61.2263,1.7909
2022-05-27,0.0212,64.5464,59.5760,1.6350
2022-05-31,0.0304,62.9172,58.8932,1.5626
2022-06-01,0.0327,63.1312,58.4769,1.5135
2022-06-02,0.0317,63.6926,57.9886,1.4592
2022-06-03,0.0278,61.3941,57.1597,1.3776
2022-06-06,0.0264,60.2992,56.2471,1.2902
2022-06-07,0.0269,57.9978,55.4388,1.2126
2022-06-08,0.0237,56.5503,54.3663,1.1140
2022-06-09,0.0308,55.3243,54.0359,1.0778
2022-06-10,0.0253,54.1239,53.2060,1.0005
2022-06-13,0.0280,52.2098,52.6849,0.9494
2022-06-14,0.0291,51.1148,52.2949,0.9095
2022-06-15,0.0372,51.9411,52.6957,0.9357
2022-06-16,0.0222,51.4443,51.6450,0.8407
2022-06-17,0.0287,50.3935,51.2796,0.8033
2022-06-21,0.0252,49.3837,50.6037,0.7403
2022-06-22,0.0201,45.8644,49.4837,0.6402
2022-06-23,0.0299,46.5345,49.3629,0.6242
2022-06-24,0.0264,46.0329,48.9143,0.5806
2022-06-27,0.0245,45.5451,48.3132,0.5242
2022-06-28,0.0409,44.5386,49.3114,0.6029
2022-06-29,0.0276,45.0220,48.9851,0.5694
2022-06-30,0.0317,45.1249,49.0674,0.5705
2022-07-01,0.0280,44.7701,48.7935,0.5413
2022-07-05,0.0293,44.5894,48.6586,0.5238
2022-07-06,0.0244,44.3304,48.0631,0.4669
2022-07-07,0.0194,43.7970,47.0242,0.3715
2022-07-08,0.0242,43.5923,46.5114,0.3212
2022-07-11,0.0168,43.0737,45.3211,0.2117
2022-07-12,0.0247,42.6145,44.9549,0.1735
2022-07-13,0.0359,43.4109,45.6732,0.2303
2022-07-14,0.0332,43.7998,46.0941,0.2612
2022-07-15,0.0147,42.7123,44.7294,0.1338
2022-07-18,0.0377,42.7541,45.6367,0.2088
2022-07-19,0.0352,43.7366,46.2476,0.2580
2022-07-20,0.0343,44.1633,46.7435,0.2972
2022-07-21,0.0230,43.9996,46.1336,0.2368
2022-07-22,0.0266,44.4899,45.8996,0.2104
2022-07-25,0.0199,43.7330,45.0402,0.1271
2022-07-26,0.0132,42.7340,43.5922,-0.0100
2022-07-27,0.0315,43.2627,43.9766,0.0204
2022-07-28,0.0278,42.2733,43.9883,0.0168
2022-07-29,0.0180,41.5483,43.0679,-0.0724
2022-08-01,0.0317,41.5446,43.5006,-0.0374
2022-08-02,0.0293,41.6377,43.6780,-0.0259
2022-08-03,0.0209,41.0040,43.0515,-0.0883
2022-08-04,0.0149,40.2869,41.8889,-0.2006
2022-08-05,0.0202,40.3475,41.2968,-0.2604
2022-08-08,0.0384,41.4184,42.4770,-0.1551
2022-08-09,0.0293,42.3644,42.7208,-0.1377
2022-08-10,0.0288,42.6751,42.9020,-0.1261
2022-08-11,0.0315,42.3427,43.3247,-0.0917
2022-08-12,0.0230,41.5707,42.9138,-0.1365
2022-08-15,0.0175,41.7825,42.0068,-0.2292
2022-08-16,0.0240,40.7502,41.7767,-0.2570
2022-08-17,0.0199,39.5937,41.1620,-0.3220
2022-08-18,0.0207,38.5606,40.6614,-0.3763
2022-08-19,0.0221,38.4916,40.3295,-0.4120
2022-08-22,0.0178,37.8298,39.6098,-0.4854
2022-08-23,0.0191,37.7695,39.0518,-0.5431
2022-08-24,0.0196,38.2587,38.5795,-0.5928
2022-08-25,0.0243,37.7149,38.5795,-0.5965
2022-08-26,0.0387,38.5342,39.9473,-0.4669
2022-08-29,0.0237,38.9581,39.8036,-0.4859
2022-08-30,0.0336,39.1038,40.6156,-0.4111
2022-08-31,0.0242,38.7215,40.4845,-0.4296
2022-09-01,0.0555,41.3357,43.3434,-0.1521
2022-09-02,0.0215,41.8318,42.7885,-0.2141
2022-09-06,0.0187,41.7213,42.0031,-0.2994
2022-09-07,0.0247,40.6819,41.8314,-0.3240
2022-09-08,0.0226,40.1755,41.4758,-0.3672
2022-09-09,0.0140,39.0551,40.3201,-0.4927
2022-09-12,0.0161,37.8970,39.4383,-0.5916
2022-09-13,0.0300,38.4241,39.9247,-0.5491
2022-09-14,0.0195,38.5717,39.3831,-0.6134
2022-09-15,0.0237,38.5471,39.2795,-0.6331
2022-09-16,0.0242,38.8726,39.2247,-0.6484
2022-09-19,0.0168,38.5793,38.4709,-0.7383
2022-09-20,0.0226,38.6170,38.3178,-0.7642
2022-09-21,0.0480,40.8928,40.5863,-0.5313
2022-09-22,0.0313,41.8166,41.1337,-0.4820
2022-09-23,0.0196,41.8101,40.5284,-0.5575
2022-09-26,0.0216,41.6037,40.1514,-0.6096
2022-09-27,0.0266,40.6949,40.2797,-0.6067
2022-09-28,0.0208,40.4823,39.8482,-0.6659
2022-09-29,0.0299,40.2045,40.3075,-0.6260
2022-09-30,0.0318,40.7807,40.9210,-0.5686
2022-10-03,0.0316,38.9761,41.4799,-0.5163
2022-10-04,0.0124,38.2862,40.1674,-0.6788
2022-10-05,0.0354,39.5507,41.1326,-0.5775
2022-10-06,0.0289,39.8730,41.4192,-0.5552
2022-10-07,0.0301,40.4402,41.8030,-0.5218
2022-10-10,0.0385,42.2928,42.9620,-0.3955
2022-10-11,0.0344,43.6734,43.6612,-0.3228
2022-10-12,0.0235,43.1871,43.2815,-0.3812
2022-10-13,0.0569,46.0202,46.1082,-0.0432
2022-10-14,0.0326,46.6936,46.4496,-0.0108
2022-10-17,0.0170,46.1510,45.2810,-0.1711
2022-10-18,0.0475,48.4743,47.0910,0.0509
2022-10-19,0.0288,48.9428,47.0111,0.0295
2022-10-20,0.0375,48.1550,47.7653,0.1193
2022-10-21,0.0302,48.0673,47.7716,0.1096
2022-10-24,0.0366,49.3564,48.3922,0.1854
2022-10-25,0.0215,49.3521,47.5379,0.0540
2022-10-26,0.0368,50.1228,48.1942,0.1379
2022-10-27,0.0311,50.8991,48.2659,0.1384
2022-10-28,0.0242,50.4652,47.6735,0.0389
2022-10-31,0.0251,49.9581,47.2060,-0.0453
2022-11-01,0.0170,48.8520,45.9941,-0.2498
2022-11-02,0.0426,51.1406,47.2944,-0.0589
2022-11-03,0.0399,51.4762,48.2549,0.0840
2022-11-04,0.0259,51.2462,47.8243,0.0032
2022-11-07,0.0226,50.6786,47.1087,-0.1254
2022-11-08,0.0317,50.1648,47.3019,-0.1016
2022-11-09,0.0151,48.7040,45.9001,-0.3479
2022-11-10,0.0422,50.1141,47.1629,-0.1372
2022-11-11,0.0349,48.4456,47.6544,-0.0587
2022-11-14,0.0268,48.0023,47.3444,-0.1183
2022-11-15,0.0260,48.6847,46.9819,-0.1869
2022-11-16,0.0191,46.5360,45.9824,-0.3679
2022-11-17,0.0325,46.8121,46.3170,-0.3154
2022-11-18,0.0335,46.5048,46.7257,-0.2494
2022-11-21,0.0170,45.5115,45.5428,-0.4644
2022-11-22,0.0318,45.1482,45.8393,-0.4155
2022-11-23,0.0132,44.5220,44.3492,-0.6822
2022-11-25,0.0135,42.7592,42.9757,-0.9259
2022-11-28,0.0268,42.4301,42.9458,-0.9314
2022-11-29,0.0170,41.8849,41.9857,-1.1015
2022-11-30,0.0343,42.5802,42.7355,-0.9681
2022-12-01,0.0258,43.2455,42.6301,-0.9870
2022-12-02,0.0190,41.4632,41.8867,-1.1182
2022-12-05,0.0220,40.1083,41.4643,-1.1900
2022-12-06,0.0256,40.0840,41.4106,-1.1933
2022-12-07,0.0186,39.7828,40.7003,-1.3112
2022-12-08,0.0400,40.4132,42.0724,-1.0653
2022-12-09,0.0242,41.1028,41.8532,-1.0994
2022-12-12,0.0247,39.7837,41.6966,-1.1223
2022-12-13,0.0388,40.0810,42.8907,-0.9102
2022-12-14,0.0311,40.4112,43.2827,-0.8391
2022-12-15,0.0248,40.3182,43.0467,-0.8760
2022-12-16,0.0244,40.7152,42.7836,-0.9163
2022-12-19,0.0160,39.4704,41.7417,-1.0907
2022-12-20,0.0201,38.4617,41.1539,-1.1849
2022-12-21,0.0172,38.4786,40.3265,-1.3181
2022-12-22,0.0489,39.7706,42.5640,-0.9254
2022-12-23,0.0213,40.3833,42.0423,-1.0102
2022-12-27,0.0303,41.6530,42.4071,-0.9434
2022-12-28,0.0184,41.0185,41.6119,-1.0754
2022-12-29,0.0206,41.2911,41.0752,-1.1620
2022-12-30,0.0152,39.8480,40.0614,-1.3287
2023-01-03,0.0373,40.7183,41.2131,-1.1288
2023-01-04,0.0287,41.4504,41.4771,-1.0818
2023-01-05,0.0180,41.1527,40.7042,-1.2080
2023-01-06,0.0447,42.5964,42.5151,-0.8969
2023-01-09,0.0391,44.1450,43.6899,-0.6954
2023-01-10,0.0153,42.2719,42.5225,-0.8901
2023-01-11,0.0198,41.9427,41.8614,-0.9965
2023-01-12,0.0479,43.6967,43.9144,-0.6464
2023-01-13,0.0225,42.4635,43.4216,-0.7267
2023-01-17,0.0177,41.4500,42.5048,-0.8772
2023-01-18,0.0214,41.1968,41.9963,-0.9585
2023-01-19,0.0167,40.6161,41.0646,-1.1099
2023-01-20,0.0299,41.6685,41.4518,-1.0399
2023-01-23,0.0393,43.1214,42.7121,-0.8254
2023-01-24,0.0204,43.3611,42.0933,-0.9237
2023-01-25,0.0263,41.6497,42.0683,-0.9207
2023-01-26,0.0317,42.4319,42.5621,-0.8319
2023-01-27,0.0328,42.6168,43.1285,-0.7311
2023-01-30,0.0254,43.1453,42.9560,-0.7535
2023-01-31,0.0243,43.4243,42.6901,-0.7915
2023-02-01,0.0392,45.2373,43.8639,-0.5882
2023-02-02,0.0359,45.1310,44.6535,-0.4494
2023-02-03,0.0317,45.3517,44.9892,-0.3869
2023-02-06,0.0248,45.8645,44.6517,-0.4385
2023-02-07,0.0282,44.6220,44.6601,-0.4315
2023-02-08,0.0269,43.7016,44.5466,-0.4455
2023-02-09,0.0272,44.6039,44.4646,-0.4542
2023-02-10,0.0399,46.1228,45.6008,-0.2547
2023-02-13,0.0350,45.1449,46.1973,-0.1476
2023-02-14,0.0369,46.2353,46.9415,-0.0143
2023-02-15,0.0228,46.6196,46.2977,-0.1206
2023-02-16,0.0195,46.4705,45.3737,-0.2757
2023-02-17,0.0243,47.0498,44.9694,-0.3410
2023-02-21,0.0276,46.8706,44.8964,-0.3486
2023-02-22,0.0232,45.6517,44.4143,-0.4270
2023-02-23,0.0253,46.0243,44.1628,-0.4654
2023-02-24,0.0160,45.2471,43.0344,-0.6577
2023-02-27,0.0119,43.7533,41.5880,-0.9066
2023-02-28,0.0181,42.6485,40.8208,-1.0352
2023-03-01,0.0189,42.1566,40.1670,-1.1430
2023-03-02,0.0188,41.7444,39.5491,-1.2436
2023-03-03,0.0176,40.1130,38.8557,-1.3561
2023-03-06,0.0207,38.9659,38.5004,-1.4072
2023-03-07,0.0251,38.4680,38.5780,-1.3815
2023-03-08,0.0143,37.6720,37.6221,-1.5374
2023-03-09,0.0251,37.4371,37.7565,-1.5018
2023-03-10,0.0248,37.2740,37.8516,-1.4729
2023-03-13,0.0305,37.5236,38.4858,-1.3496
2023-03-14,0.0169,35.7857,37.7910,-1.4599
2023-03-15,0.0247,35.0067,37.8746,-1.4327
2023-03-16,0.0301,34.4883,38.4649,-1.3176
2023-03-17,0.0189,34.1905,37.9544,-1.3960
2023-03-20,0.0237,34.5139,37.9385,-1.3868
2023-03-21,0.0276,34.7617,38.2926,-1.3134
2023-03-22,0.0355,35.3629,39.3777,-1.1137
2023-03-23,0.0210,35.1983,39.0193,-1.1672
2023-03-24,0.0207,34.8441,38.6453,-1.2229
2023-03-27,0.0152,34.7891,37.7786,-1.3635
2023-03-28,0.0179,35.2398,37.2155,-1.4494
2023-03-29,0.0121,34.7852,36.1378,-1.6220
2023-03-30,0.0097,34.0911,34.8903,-1.8193
2023-03-31,0.0120,33.5767,33.9410,-1.9599
2023-04-03,0.0135,33.2680,33.1950,-2.0614
2023-04-04,0.0135,32.7184,32.4870,-2.1526
2023-04-05,0.0159,32.0275,32.0547,-2.1947
2023-04-06,0.0137,31.9844,31.4361,-2.2651
2023-04-10,0.0178,31.4315,31.2449,-2.2634
2023-04-11,0.0116,30.4347,30.4746,-2.3532
2023-04-12,0.0176,29.4559,30.3182,-2.3424
2023-04-13,0.0134,29.1883,29.7763,-2.3917
2023-04-14,0.0166,28.5797,29.5739,-2.3860
2023-04-17,0.0113,27.1599,28.8734,-2.4554
2023-04-18,0.0190,27.1668,28.9470,-2.4052
2023-04-19,0.0149,26.4996,28.6310,-2.4145
2023-04-20,0.0231,26.1609,29.1167,-2.3057
2023-04-21,0.0115,24.3432,28.4621,-2.3668
2023-04-24,0.0182,24.1266,28.4858,-2.3291
2023-04-25,0.0187,23.9796,28.5584,-2.2852
2023-04-26,0.0163,24.0611,28.3997,-2.2750
2023-04-27,0.0225,24.4115,28.8408,-2.1809
2023-04-28,0.0132,24.4907,28.3654,-2.2176
2023-05-01,0.0215,25.3848,28.7108,-2.1405
2023-05-02,0.0156,25.6591,28.4778,-2.1470
2023-05-03,0.0227,26.3473,28.9268,-2.0596
2023-05-04,0.0158,26.5200,28.6925,-2.0671
2023-05-05,0.0174,26.6350,28.6328,-2.0530
2023-05-08,0.0165,26.8485,28.4885,-2.0514
2023-05-09,0.0108,26.3160,27.8032,-2.1257
2023-05-10,0.0158,26.6344,27.6406,-2.1293
2023-05-11,0.0160,26.5162,27.5053,-2.1312
2023-05-12,0.0178,26.8477,27.5499,-2.1099
2023-05-15,0.0178,26.9353,27.5915,-2.0931
2023-05-16,0.0237,27.8751,28.1940,-2.0021
2023-05-17,0.0134,27.4560,27.7803,-2.0486
2023-05-18,0.0231,28.0741,28.3132,-1.9635
2023-05-19,0.0140,27.3857,27.9505,-2.0040
2023-05-22,0.0183,27.9012,28.0155,-1.9857
2023-05-23,0.0136,27.5571,27.6324,-2.0372
2023-05-24,0.0175,27.4666,27.6421,-2.0296
2023-05-25,0.0521,30.1743,30.9501,-1.5551
2023-05-26,0.0245,30.3237,31.4264,-1.4837
2023-05-30,0.0335,31.8629,32.7353,-1.2939
2023-05-31,0.0360,32.9620,34.2034,-1.0757
2023-06-01,0.0232,33.5330,34.3602,-1.0498
2023-06-02,0.0226,33.5309,34.4537,-1.0331
2023-06-05,0.0149,33.4682,33.8086,-1.1289
2023-06-06,0.0183,33.5324,33.5229,-1.1697
2023-06-07,0.0317,34.6817,34.5334,-1.0083
2023-06-08,0.0217,35.5064,34.5246,-1.0051
2023-06-09,0.0202,35.8403,34.3794,-1.0228
2023-06-12,0.0159,35.8328,33.8303,-1.1049
2023-06-13,0.0201,36.0056,33.7131,-1.1175
2023-06-14,0.0261,36.6304,34.1721,-1.0372
2023-06-15,0.0189,36.2662,33.9210,-1.0715
2023-06-16,0.0135,36.2705,33.1690,-1.1878
2023-06-20,0.0181,35.8911,32.9005,-1.2243
2023-06-21,0.0245,36.6806,33.2575,-1.1582
2023-06-22,0.0161,36.5186,32.7999,-1.2257
2023-06-23,0.0127,36.4485,32.0413,-1.3416
2023-06-26,0.0363,37.8710,33.5789,-1.0785
2023-06-27,0.0198,35.4294,33.4543,-1.0911
2023-06-28,0.0217,35.2181,33.5141,-1.0730
2023-06-29,0.0131,33.6762,32.7549,-1.1914
2023-06-30,0.0151,32.0906,32.2240,-1.2709
2023-07-03,0.0115,31.2042,31.3827,-1.4014
2023-07-05,0.0179,30.8480,31.2060,-1.4202
2023-07-06,0.0136,30.7453,30.6264,-1.5055
2023-07-07,0.0169,30.6411,30.4003,-1.5307
2023-07-10,0.0182,29.6155,30.3059,-1.5331
2023-07-11,0.0115,28.8449,29.5797,-1.6392
2023-07-12,0.0142,28.3913,29.1597,-1.6922
2023-07-13,0.0165,28.4357,28.9798,-1.7046
2023-07-14,0.0435,30.2029,31.3803,-1.2959
2023-07-17,0.0189,29.6604,31.2957,-1.2991
2023-07-18,0.0309,30.5713,32.3649,-1.1133
2023-07-19,0.0153,30.7069,31.8771,-1.1843
2023-07-20,0.0281,31.4630,32.6389,-1.0502
2023-07-21,0.0188,31.0361,32.4736,-1.0692
2023-07-24,0.0169,31.0914,32.1327,-1.1168
2023-07-25,0.0167,31.3967,31.7989,-1.1628
2023-07-26,0.0208,30.2232,31.8724,-1.1415
2023-07-27,0.0236,30.5033,32.2031,-1.0781
2023-07-28,0.0097,29.5975,31.1967,-1.2342
2023-07-31,0.0094,29.3161,30.2220,-1.3829
2023-08-01,0.0133,29.1809,29.6727,-1.4599
2023-08-02,0.0324,30.7612,30.9756,-1.2357
2023-08-03,0.0184,30.7971,30.8686,-1.2428
2023-08-04,0.0192,31.2194,30.8413,-1.2370
2023-08-07,0.0147,31.0553,30.3956,-1.2987
2023-08-08,0.0186,31.0886,30.3434,-1.2964
2023-08-09,0.0258,32.1691,30.9764,-1.1839
2023-08-10,0.0286,33.2560,31.8422,-1.0355
2023-08-11,0.0194,33.4741,31.7760,-1.0380
2023-08-14,0.0334,32.7175,33.0554,-0.8245
2023-08-15,0.0232,33.0428,33.2803,-0.7819
2023-08-16,0.0142,31.7781,32.6368,-0.8793
2023-08-17,0.0148,31.7391,32.0837,-0.9614
2023-08-18,0.0303,31.9104,33.0488,-0.7998
2023-08-21,0.0285,32.6399,33.7781,-0.6774
2023-08-22,0.0282,33.4948,34.4362,-0.5674
2023-08-23,0.0255,34.1575,34.7990,-0.5056
2023-08-24,0.0227,34.3015,34.8740,-0.4907
2023-08-25,0.0402,35.5635,36.6148,-0.2092
2023-08-28,0.0319,37.2375,37.4529,-0.0735
2023-08-29,0.0288,38.7001,37.9457,0.0071
2023-08-30,0.0214,39.3160,37.7091,-0.0297
2023-08-31,0.0113,37.7200,36.5188,-0.2188
2023-09-01,0.0179,37.6864,36.0369,-0.2937
2023-09-05,0.0139,37.2872,35.1964,-0.4244
2023-09-06,0.0231,37.9198,35.2865,-0.4054
2023-09-07,0.0157,37.6980,34.6614,-0.5019
2023-09-08,0.0199,37.2570,34.4797,-0.5267
2023-09-11,0.0257,37.0413,34.8634,-0.4606
2023-09-12,0.0178,36.9239,34.4681,-0.5206
2023-09-13,0.0187,35.8074,34.1792,-0.5637
2023-09-14,0.0123,34.9850,33.3005,-0.7009
2023-09-15,0.0200,35.4225,33.2069,-0.7114
2023-09-18,0.0324,36.7538,34.2970,-0.5322
2023-09-19,0.0150,35.5962,33.6708,-0.6292
2023-09-20,0.0193,34.9030,33.4893,-0.6547
2023-09-21,0.0171,34.0616,33.1046,-0.7126
2023-09-22,0.0150,33.2669,32.5460,-0.7966
2023-09-25,0.0210,33.1352,32.5903,-0.7837
2023-09-26,0.0195,31.5640,32.4883,-0.7943
2023-09-27,0.0207,30.7204,32.5112,-0.7851
2023-09-28,0.0200,30.0587,32.4667,-0.7866
2023-09-29,0.0127,29.4000,31.7288,-0.8985
2023-10-02,0.0180,29.9115,31.5419,-0.9217
2023-10-03,0.0241,30.3740,31.9413,-0.8515
2023-10-04,0.0131,30.3151,31.2723,-0.9510
2023-10-05,0.0134,29.5817,30.6738,-1.0387
2023-10-06,0.0173,29.7082,30.4848,-1.0605
2023-10-09,0.0185,29.6013,30.4191,-1.0625
2023-10-10,0.0169,28.9296,30.2001,-1.0886
2023-10-11,0.0092,28.2809,29.2671,-1.2264
2023-10-12,0.0191,28.3146,29.3328,-1.2062
2023-10-13,0.0196,28.8646,29.4378,-1.1800
2023-10-16,0.0147,28.4669,29.0750,-1.2282
2023-10-17,0.0369,28.8071,30.8416,-0.9413
2023-10-18,0.0224,29.3678,31.1293,-0.8885
2023-10-19,0.0211,29.5013,31.2684,-0.8598
2023-10-20,0.0223,29.9004,31.5198,-0.8132
2023-10-23,0.0289,30.9486,32.3771,-0.6696
2023-10-24,0.0142,30.4346,31.7838,-0.7592
2023-10-25,0.0255,30.8927,32.3074,-0.6684
2023-10-26,0.0338,31.8808,33.5862,-0.4533
2023-10-27,0.0184,31.7579,33.3223,-0.4905
2023-10-30,0.0221,32.4657,33.4249,-0.4672
2023-10-31,0.0287,33.2707,34.1505,-0.3396
2023-11-01,0.0140,32.5110,33.4362,-0.4534
2023-11-02,0.0159,32.7253,32.9475,-0.5299
2023-11-03,0.0211,33.3069,32.9813,-0.5180
2023-11-06,0.0148,33.1167,32.4142,-0.6092
2023-11-07,0.0161,32.9336,32.0020,-0.6746
2023-11-08,0.0121,32.5758,31.2373,-0.8016
2023-11-09,0.0210,33.4627,31.3595,-0.7746
2023-11-10,0.0138,33.0618,30.7946,-0.8677
2023-11-13,0.0143,32.6616,30.3076,-0.9482
2023-11-14,0.0114,32.4060,29.5705,-1.0742
2023-11-15,0.0217,31.2576,29.8604,-1.0168
2023-11-16,0.0140,30.6173,29.4002,-1.0942
2023-11-17,0.0098,29.7627,28.5663,-1.2386
2023-11-20,0.0137,29.1129,28.1611,-1.3055
2023-11-21,0.0182,28.3092,28.2072,-1.2907
2023-11-22,0.0354,29.9125,29.8844,-0.9752
2023-11-24,0.0147,29.0937,29.4902,-1.0422
2023-11-27,0.0116,27.4152,28.8231,-1.1590
2023-11-28,0.0113,26.8826,28.1739,-1.2710
2023-11-29,0.0128,26.1849,27.7063,-1.3484
2023-11-30,0.0192,25.4663,27.8696,-1.3075
2023-12-01,0.0150,25.5412,27.6265,-1.3429
2023-12-04,0.0147,25.4459,27.3663,-1.3811
2023-12-05,0.0141,24.9134,27.0640,-1.4262
2023-12-06,0.0195,25.2650,27.2950,-1.3715
2023-12-07,0.0101,24.8098,26.6164,-1.4861
2023-12-08,0.0132,24.8908,26.2769,-1.5358
2023-12-11,0.0231,25.0529,26.9009,-1.4079
2023-12-12,0.0119,24.9054,26.4178,-1.4860
2023-12-13,0.0132,24.8243,26.0912,-1.5340
2023-12-14,0.0184,25.3540,26.2745,-1.4885
2023-12-15,0.0163,24.9518,26.2553,-1.4815
2023-12-18,0.0161,25.1150,26.2171,-1.4778
2023-12-19,0.0113,25.2328,25.7226,-1.5584
2023-12-20,0.0191,25.6399,26.0010,-1.4941
2023-12-21,0.0095,24.9833,25.3492,-1.6020
2023-12-22,0.0124,23.2466,25.0097,-1.6499
2023-12-26,0.0083,22.7636,24.2995,-1.7672
2023-12-27,0.0084,22.5266,23.6451,-1.8712
2023-12-28,0.0065,22.1643,22.8502,-1.9991
2023-12-29,0.0175,22.5144,23.1432,-1.9252
2024-01-02,0.0207,22.6280,23.7234,-1.8004
2024-01-03,0.0127,22.4574,23.5141,-1.8201
2024-01-04,0.0143,22.4295,23.4655,-1.8116
2024-01-05,0.0160,22.5764,23.5823,-1.7739
2024-01-08,0.0197,22.5958,24.0467,-1.6736
2024-01-09,0.0341,24.4096,25.8483,-1.3356
2024-01-10,0.0118,24.3057,25.4239,-1.4049
2024-01-11,0.0231,24.3059,26.0994,-1.2725
2024-01-12,0.0082,24.0295,25.3162,-1.4065
2024-01-16,0.0192,24.4814,25.6250,-1.3424
2024-01-17,0.0218,24.7393,26.1613,-1.2361
2024-01-18,0.0185,24.9015,26.3532,-1.1929
2024-01-19,0.0225,25.3842,26.9174,-1.0803
2024-01-22,0.0144,25.6138,26.6703,-1.1186
2024-01-23,0.0155,25.3395,26.5461,-1.1342
2024-01-24,0.0317,27.0182,27.9768,-0.8585
2024-01-25,0.0201,27.5992,28.2117,-0.8079
2024-01-26,0.0140,28.0278,27.8493,-0.8708
2024-01-29,0.0132,28.3906,27.4392,-0.9434
2024-01-30,0.0138,28.9395,27.1082,-1.0016
2024-01-31,0.0180,28.9814,27.1985,-0.9786
2024-02-01,0.0148,28.5399,26.9791,-1.0157
2024-02-02,0.0237,29.3683,27.6182,-0.8855
2024-02-05,0.0215,29.9124,28.0089,-0.8039
2024-02-06,0.0336,31.2418,29.5282,-0.4931
2024-02-07,0.0216,31.3846,29.8157,-0.4283
2024-02-08,0.0129,29.7879,29.2593,-0.5375
2024-02-09,0.0138,29.9348,28.8154,-0.6256
2024-02-12,0.0325,30.6412,30.1775,-0.3300
2024-02-13,0.0347,32.6460,31.6757,0.0038
2024-02-14,0.0214,32.8160,31.8170,0.0482
2024-02-15,0.0112,32.0187,30.9773,-0.1282
2024-02-16,0.0133,31.6241,30.3830,-0.2556
2024-02-20,0.0367,32.6957,32.0556,0.1515
2024-02-21,0.0272,33.6657,32.7223,0.3296
2024-02-22,0.0286,34.6545,33.4810,0.5375
2024-02-23,0.0398,35.2633,35.2627,1.0112
2024-02-26,0.0184,35.1372,34.9015,0.9475
2024-02-27,0.0202,35.6110,34.7347,0.9287
2024-02-28,0.0164,35.8486,34.2109,0.8092
2024-02-29,0.0146,35.9119,33.5534,0.6488
2024-03-01,0.0180,35.9078,33.2518,0.5809
2024-03-04,0.0318,37.1896,34.2843,0.8784
2024-03-05,0.0218,37.0445,34.3022,0.8952
2024-03-06,0.0210,37.0084,34.2464,0.8906
2024-03-07,0.0176,35.8020,33.8713,0.7964
2024-03-08,0.0660,39.1531,38.1207,1.9983
2024-03-11,0.0376,41.0155,39.4126,2.3530
2024-03-12,0.0376,42.8201,40.6334,2.6750
2024-03-13,0.0241,42.1884,40.4904,2.6190
2024-03-14,0.0302,41.8449,40.9370,2.7182
2024-03-15,0.0257,42.1643,40.9250,2.6909
2024-03-18,0.0397,44.3181,42.2526,3.0194
2024-03-19,0.0403,46.3627,43.5581,3.3157
2024-03-20,0.0169,44.8625,42.5499,3.0057
2024-03-21,0.0163,44.0399,41.5506,2.7169
2024-03-22,0.0214,43.4972,41.0956,2.5849
2024-03-25,0.0232,42.2406,40.8371,2.5048
2024-03-26,0.0192,42.3020,40.2188,2.3345
2024-03-27,0.0254,42.6895,40.2213,2.3208
2024-03-28,0.0163,42.6853,39.3630,2.0891
2024-04-01,0.0235,43.3580,39.2440,2.0447
2024-04-02,0.0184,43.3903,38.6415,1.8771
2024-04-03,0.0152,42.1402,37.7756,1.6459
2024-04-04,0.0211,42.0862,37.5160,1.5689
2024-04-05,0.0191,41.9380,37.0807,1.4489
2024-04-08,0.0128,41.5698,36.0716,1.1888
2024-04-09,0.0352,39.2424,37.2564,1.4727
2024-04-10,0.0205,37.9482,36.9695,1.3902
2024-04-11,0.0206,36.6581,36.7113,1.3156
2024-04-12,0.0182,36.2127,36.2424,1.1908
2024-04-15,0.0304,36.2293,36.9648,1.3571
2024-04-16,0.0151,35.4329,36.1878,1.1573
2024-04-17,0.0244,34.2780,36.3444,1.1860
2024-04-18,0.0317,33.6265,37.1835,1.3789
2024-04-19,0.0549,36.5009,40.1796,2.0819
2024-04-22,0.0313,37.6320,40.7476,2.1884
2024-04-23,0.0177,37.3529,39.9892,1.9821
2024-04-24,0.0273,37.6681,40.1941,2.0059
2024-04-25,0.0340,38.7832,41.0195,2.1710
2024-04-26,0.0292,39.0739,41.3401,2.2148
2024-04-29,0.0222,39.5196,40.9764,2.1023
2024-04-30,0.0194,39.2092,40.3694,1.9391
2024-05-01,0.0372,40.6306,41.4905,2.1661
2024-05-02,0.0233,41.2392,41.2204,2.0777
2024-05-03,0.0165,40.8967,40.3225,1.8539
2024-05-06,0.0160,40.6631,39.4246,1.6361
2024-05-07,0.0213,41.3120,39.0924,1.5471
2024-05-08,0.0123,39.5852,37.9201,1.2755
2024-05-09,0.0187,39.4520,37.4256,1.1563
2024-05-10,0.0168,39.1638,36.7769,1.0044
2024-05-13,0.0194,39.2575,36.4222,0.9184
2024-05-14,0.0175,38.2831,35.9060,0.7972
2024-05-15,0.0202,38.6647,35.6733,0.7392
2024-05-16,0.0123,37.7436,34.7001,0.5176
2024-05-17,0.0183,36.7340,34.3659,0.4381
2024-05-20,0.0113,33.4407,33.3815,0.2144
2024-05-21,0.0118,31.9679,32.5016,0.0138
2024-05-22,0.0204,32.1744,32.4982,0.0091
2024-05-23,0.0309,32.4407,33.4882,0.2264
2024-05-24,0.0202,31.4000,33.4046,0.2029
2024-05-28,0.0245,31.0446,33.7343,0.2748
2024-05-29,0.0270,31.4056,34.2818,0.3955
2024-05-30,0.0311,32.2861,35.1858,0.5966
2024-05-31,0.0335,32.0072,36.2666,0.8371
2024-06-03,0.0171,31.5385,35.7194,0.7124
2024-06-04,0.0152,31.4360,35.0224,0.5551
2024-06-05,0.0205,31.7797,34.8755,0.5209
2024-06-06,0.0392,33.1296,36.5171,0.8856
2024-06-07,0.0209,33.7760,36.3138,0.8376
2024-06-10,0.0351,35.0182,37.4809,1.0942
2024-06-11,0.0238,35.5479,37.4962,1.0926
2024-06-12,0.0220,35.7383,37.3383,1.0521
2024-06-13,0.0145,35.5090,36.4783,0.8570
2024-06-14,0.0227,35.7013,36.4535,0.8485
2024-06-17,0.0202,36.3005,36.1885,0.7868
2024-06-18,0.0215,36.5422,36.0695,0.7570
2024-06-20,0.0418,38.8443,37.8835,1.1515
2024-06-21,0.0350,40.6001,38.9459,1.3761
2024-06-24,0.0265,41.0611,39.1366,1.4070
2024-06-25,0.0332,41.2382,39.9515,1.5711
2024-06-26,0.0311,42.0618,40.5178,1.6792
2024-06-27,0.0198,41.7054,39.9716,1.5477
2024-06-28,0.0275,41.7448,40.1946,1.5822
2024-07-01,0.0346,42.0133,41.0822,1.7549
2024-07-02,0.0113,40.3352,39.6946,1.4462
2024-07-03,0.0213,40.6515,39.3404,1.3594
2024-07-05,0.0159,40.7046,38.4930,1.1707
2024-07-08,0.0202,40.6781,38.1045,1.0803
2024-07-09,0.0274,39.7878,38.4306,1.1401
2024-07-10,0.0136,39.2361,37.4174,0.9198
2024-07-11,0.0289,38.7662,37.9261,1.0188
2024-07-12,0.0252,38.8751,38.0519,1.0371
2024-07-15,0.0207,38.7765,37.7364,0.9632
2024-07-16,0.0227,39.3975,37.6351,0.9353
2024-07-17,0.0249,39.5632,37.7496,0.9525
2024-07-18,0.0343,40.6342,38.7563,1.1549
2024-07-19,0.0216,40.6396,38.4901,1.0914
2024-07-22,0.0182,38.8587,37.9148,0.9654
2024-07-23,0.0148,37.3311,37.0507,0.7811
2024-07-24,0.0295,37.5551,37.6373,0.8970
2024-07-25,0.0654,39.9918,41.6124,1.7036
2024-07-26,0.0231,39.3882,41.3186,1.6269
2024-07-29,0.0287,40.0619,41.5731,1.6624
2024-07-30,0.0431,41.2418,43.1867,1.9673
2024-07-31,0.0403,41.6693,44.4334,2.1890
2024-08-01,0.0697,46.0802,48.4025,2.9232
2024-08-02,0.0450,47.8706,49.7817,3.1200
2024-08-05,0.0753,52.3645,53.9701,3.8012
2024-08-06,0.0486,54.5120,55.3589,3.9203
2024-08-07,0.0435,55.7234,56.1761,3.9270
2024-08-08,0.0527,58.6796,57.8229,4.0614
2024-08-09,0.0207,58.0580,56.3241,3.6855
2024-08-12,0.0271,58.2044,55.5305,3.4534
2024-08-13,0.0207,58.2077,54.1705,3.1544
2024-08-14,0.0274,58.5651,53.5335,2.9856
2024-08-15,0.0265,58.6888,52.8498,2.8207
2024-08-16,0.0174,57.4111,51.3406,2.5439
2024-08-19,0.0238,57.5765,50.5278,2.3825
2024-08-20,0.0213,57.8136,49.5290,2.2012
2024-08-21,0.0137,57.7303,47.8630,1.9306
2024-08-22,0.0295,57.7310,47.8018,1.8999
2024-08-23,0.0173,54.0905,46.5799,1.7039
2024-08-26,0.0350,54.9885,47.1196,1.7644
2024-08-27,0.0251,54.7159,46.6826,1.6858
2024-08-28,0.0296,53.6944,46.7026,1.6744
2024-08-29,0.0408,53.7345,47.7888,1.8130
2024-08-30,0.0268,50.4943,47.4739,1.7523
2024-09-03,0.0348,49.7262,47.9411,1.8004
2024-09-04,0.0594,48.5198,50.7198,2.1625
2024-09-05,0.0295,47.0792,50.4885,2.1029
2024-09-06,0.0378,46.6526,51.0604,2.1530
2024-09-09,0.0168,43.9415,49.5982,1.9304
2024-09-10,0.0293,44.5937,49.4146,1.8840
2024-09-11,0.0456,45.9902,50.7951,2.0443
2024-09-12,0.0301,46.6969,50.6097,1.9949
2024-09-13,0.0140,45.6849,48.9112,1.7512
2024-09-16,0.0232,45.4346,48.1895,1.6397
2024-09-17,0.0197,45.6074,47.1776,1.4934
2024-09-18,0.0238,45.6065,46.6135,1.4079
2024-09-19,0.0141,45.0606,45.1617,1.2098
2024-09-20,0.0187,45.4367,44.2317,1.0813
2024-09-23,0.0129,44.1813,42.8065,0.8907
2024-09-24,0.0308,45.2011,43.1694,0.9309
2024-09-25,0.0175,43.8813,42.2507,0.8067
2024-09-26,0.0303,44.2780,42.6057,0.8464
2024-09-27,0.0245,43.8900,42.3814,0.8117
2024-09-30,0.0113,41.6575,40.9139,0.6184
2024-10-01,0.0307,41.9523,41.3829,0.6736
2024-10-02,0.0222,40.9972,41.0121,0.6210
2024-10-03,0.0210,38.1000,40.5561,0.5580
2024-10-04,0.0184,37.2585,39.8743,0.4661
2024-10-07,0.0285,36.5533,40.1946,0.5027
2024-10-08,0.0180,36.6403,39.4940,0.4082
2024-10-09,0.0153,35.5772,38.5771,0.2863
2024-10-10,0.0164,33.3698,37.8265,0.1858
2024-10-11,0.0105,31.8927,36.5580,0.0183
2024-10-14,0.0153,31.9862,35.8205,-0.0805
2024-10-15,0.0432,33.4990,37.7903,0.1706
2024-10-16,0.0253,33.9229,37.9365,0.1854
2024-10-17,0.0174,33.4364,37.3139,0.1012
2024-10-18,0.0077,32.9532,35.8113,-0.0968
2024-10-21,0.0147,32.6519,35.0627,-0.1964
2024-10-22,0.0127,32.6374,34.1693,-0.3144
2024-10-23,0.0226,32.0212,34.2740,-0.3019
2024-10-24,0.0145,31.7903,33.5981,-0.3912
2024-10-25,0.0163,30.7295,33.1356,-0.4521
2024-10-28,0.0110,29.7064,32.1905,-0.5746
2024-10-29,0.0164,30.0897,31.8174,-0.6222
2024-10-30,0.0179,29.1254,31.6172,-0.6471
2024-10-31,0.0183,28.8358,31.4675,-0.6648
2024-11-01,0.0139,28.2943,30.9018,-0.7366
2024-11-04,0.0166,28.1626,30.6334,-0.7698
2024-11-05,0.0109,26.8313,29.8306,-0.8717
2024-11-06,0.0191,26.9136,29.8556,-0.8663
2024-11-07,0.0081,26.3704,28.8325,-0.9963
2024-11-08,0.0161,26.3441,28.6335,-1.0196
2024-11-11,0.0210,27.1406,28.9202,-0.9802
2024-11-12,0.0162,27.2103,28.7288,-1.0029
2024-11-13,0.0114,24.8067,28.0956,-1.0825
2024-11-14,0.0161,24.1115,27.9474,-1.0999
2024-11-15,0.0223,24.4851,28.3949,-1.0407
2024-11-18,0.0221,25.5745,28.8001,-0.9878
2024-11-19,0.0175,25.7870,28.7400,-0.9957
2024-11-20,0.0226,26.5374,29.1713,-0.9411
2024-11-21,0.0577,29.1862,32.9135,-0.4617
2024-11-22,0.0243,29.9248,33.2498,-0.4204
2024-11-25,0.0171,29.9857,32.8850,-0.4699
2024-11-26,0.0183,30.5439,32.6582,-0.5020
2024-11-27,0.0285,31.4582,33.4090,-0.4081
2024-11-29,0.0156,31.2805,32.8894,-0.4794
2024-12-02,0.0133,30.9018,32.1863,-0.5743
2024-12-03,0.0097,30.5825,31.1752,-0.7094
2024-12-04,0.0236,31.1043,31.5478,-0.6642
2024-12-05,0.0126,31.2357,30.8558,-0.7583
2024-12-06,0.0195,31.2699,30.8623,-0.7607
2024-12-09,0.0144,31.7469,30.3798,-0.8279
2024-12-10,0.0371,33.3394,32.0945,-0.6068
2024-12-11,0.0239,33.5566,32.4472,-0.5646
2024-12-12,0.0136,33.3566,31.7922,-0.6561
2024-12-13,0.0299,34.7477,32.7280,-0.5371
2024-12-16,0.0187,34.9379,32.5416,-0.5671
2024-12-17,0.0251,35.1512,32.9821,-0.5135
2024-12-18,0.0384,36.3781,34.6579,-0.2941
2024-12-19,0.0235,36.8300,34.8157,-0.2789
2024-12-20,0.0301,37.3971,35.5972,-0.1790
2024-12-23,0.0185,34.4402,35.2280,-0.2357
2024-12-24,0.0164,33.8422,34.6720,-0.3185
2024-12-26,0.0158,33.7433,34.0972,-0.4051
2024-12-27,0.0212,33.9567,34.0666,-0.4178
2024-12-30,0.0299,34.0625,34.8662,-0.3157
2024-12-31,0.0140,33.9394,34.1041,-0.4317
2025-01-02,0.0193,34.3920,33.8984,-0.4697
2025-01-03,0.0167,34.9270,33.4587,-0.5416
2025-01-06,0.0202,34.6707,33.3713,-0.5637
2025-01-07,0.0319,36.1328,34.4121,-0.4230
2025-01-08,0.0302,36.9423,35.2252,-0.3137
2025-01-10,0.0286,38.0147,35.8322,-0.2319
2025-01-13,0.0150,36.3385,35.1077,-0.3463
2025-01-14,0.0271,36.5766,35.5796,-0.2835
2025-01-15,0.0245,37.4040,35.7793,-0.2617
2025-01-16,0.0145,36.2446,35.0149,-0.3841
2025-01-17,0.0150,35.9678,34.3425,-0.4931
2025-01-21,0.0229,35.7969,34.4597,-0.4828
2025-01-22,0.0172,34.1930,34.0259,-0.5558
2025-01-23,0.0144,33.5021,33.3511,-0.6664
2025-01-24,0.0242,33.0530,33.6546,-0.6272
2025-01-27,0.0592,36.1235,37.2707,-0.0741
2025-01-28,0.0644,39.7558,41.1690,0.5255
2025-01-29,0.0366,41.3299,42.1877,0.6781
2025-01-30,0.0394,42.7082,43.4082,0.8626
2025-01-31,0.0458,43.9171,45.1706,1.1319
2025-02-03,0.0324,45.3088,45.5438,1.1829
2025-02-04,0.0252,45.7549,45.2137,1.1233
2025-02-05,0.0189,45.9157,44.2978,0.9710
2025-02-06,0.0189,45.8173,43.4360,0.8272
2025-02-07,0.0296,45.6392,43.6486,0.8544
2025-02-10,0.0213,44.9670,43.0605,0.7536
2025-02-11,0.0184,44.1989,42.2296,0.6140
2025-02-12,0.0163,44.2960,41.2436,0.4489
2025-02-13,0.0222,43.9252,40.8801,0.3844
2025-02-14,0.0161,43.2870,39.9576,0.2297
2025-02-18,0.0264,44.1878,40.0776,0.2444
2025-02-19,0.0210,44.6401,39.6713,0.1730
2025-02-20,0.0197,44.4028,39.1697,0.0854
2025-02-21,0.0285,45.2572,39.5299,0.1401
2025-02-24,0.0339,46.7379,40.3906,0.2774
2025-02-25,0.0276,46.9933,40.5935,0.3066
2025-02-26,0.0276,44.6063,40.7857,0.3349
2025-02-27,0.0411,42.8447,42.2534,0.5729
2025-02-28,0.0367,42.8480,43.2112,0.7257
2025-03-03,0.0474,43.4511,45.1303,1.0349
2025-03-04,0.0486,43.6589,47.0511,1.3406
2025-03-05,0.0229,42.9395,46.4051,1.2240
2025-03-06,0.0277,43.1238,46.2555,1.1896
2025-03-07,0.0370,44.4971,47.0074,1.3020
2025-03-10,0.0381,45.9503,47.8141,1.4215
2025-03-11,0.0476,47.3129,49.4809,1.6771
2025-03-12,0.0222,47.3818,48.6297,1.5245
2025-03-13,0.0230,47.7277,47.9005,1.3954
2025-03-14,0.0152,47.6518,46.4785,1.1589
2025-03-17,0.0233,47.7374,45.9089,1.0614
2025-03-18,0.0234,48.2937,45.3855,0.9727
2025-03-19,0.0285,48.4532,45.3808,0.9674
2025-03-20,0.0197,48.3547,44.5323,0.8293
2025-03-21,0.0150,48.0008,43.2931,0.6312
2025-03-24,0.0149,46.9765,42.1153,0.4430
2025-03-25,0.0139,45.4645,40.9156,0.2514
2025-03-26,0.0264,45.3744,40.9735,0.2607
2025-03-27,0.0238,45.0885,40.7828,0.2302
2025-03-28,0.0219,43.6407,40.4264,0.1730
2025-03-31,0.0443,44.2186,42.2220,0.4591
2025-04-01,0.0225,42.3400,41.8333,0.3952
2025-04-02,0.0284,40.8134,42.0284,0.4245
2025-04-03,0.0255,41.0119,41.9339,0.4071
2025-04-04,0.0511,42.7819,44.2827,0.7777
2025-04-07,0.0910,46.8591,50.2903,1.7192
2025-04-08,0.0656,48.9387,53.5203,2.2007
2025-04-09,0.0748,50.9895,57.4288,2.7608
2025-04-10,0.0783,55.2248,61.4372,3.2941
2025-04-11,0.0224,55.1802,59.8833,2.9908
2025-04-14,0.0272,56.0831,58.8801,2.7852
2025-04-15,0.0185,55.7173,57.1054,2.4830
2025-04-16,0.0433,57.2179,57.8010,2.5394
2025-04-17,0.0248,56.9353,56.6953,2.3448
2025-04-21,0.0297,57.6959,56.1262,2.2318
2025-04-22,0.0181,57.9301,54.4866,1.9773
2025-04-23,0.0156,57.9830,52.7037,1.7121
2025-04-24,0.0152,58.0766,50.9867,1.4625
2025-04-25,0.0325,58.5376,51.0212,1.4551
2025-04-28,0.0279,58.8472,50.6176,1.3886
2025-04-29,0.0162,58.4108,49.1214,1.1765
2025-04-30,0.0190,56.4966,47.9835,1.0157
2025-05-01,0.0213,56.4011,47.1287,0.8947
2025-05-02,0.0124,55.1937,45.4847,0.6680
2025-05-05,0.0115,54.1341,43.8478,0.4445
2025-05-06,0.0218,51.9200,43.2920,0.3679
2025-05-07,0.0252,46.9466,43.0926,0.3393
2025-05-08,0.0164,43.2298,42.0712,0.1994
2025-05-09,0.0179,38.9335,41.2533,0.0873
2025-05-12,0.0149,34.1456,40.1995,-0.0568
2025-05-13,0.0285,34.6069,40.5011,-0.0175
2025-05-14,0.0173,33.8569,39.7158,-0.1257
2025-05-15,0.0190,33.8961,39.1404,-0.2054
2025-05-16,0.0147,31.7342,38.1898,-0.3359
2025-05-19,0.0109,30.6838,36.9373,-0.5071
2025-05-20,0.0104,29.2192,35.7084,-0.6749
2025-05-21,0.0355,30.5280,36.9429,-0.5089
2025-05-22,0.0141,30.4133,36.0681,-0.6302
2025-05-23,0.0180,30.6267,35.6180,-0.6943
2025-05-27,0.0107,28.9782,34.4977,-0.8492
2025-05-28,0.0115,27.7381,33.5230,-0.9825
2025-05-29,0.0246,28.3729,33.8523,-0.9379
2025-05-30,0.0307,29.2590,34.7470,-0.8166
2025-06-02,0.0111,28.4931,33.7214,-0.9563
2025-06-03,0.0174,28.8658,33.3514,-1.0050
2025-06-04,0.0142,29.0761,32.7073,-1.0892
2025-06-05,0.0240,29.2436,33.0312,-1.0423
2025-06-06,0.0080,27.9473,31.8140,-1.2043
2025-06-09,0.0149,27.8310,31.3228,-1.2666
2025-06-10,0.0125,27.4215,30.6338,-1.3529
2025-06-11,0.0133,27.3001,30.0642,-1.4218
2025-06-12,0.0083,25.7740,29.0511,-1.5469
2025-06-13,0.0134,25.4808,28.5834,-1.5973
2025-06-16,0.0134,25.0567,28.1415,-1.6431
2025-06-17,0.0069,24.4661,27.1068,-1.7656
2025-06-18,0.0107,24.4476,26.4959,-1.8298
2025-06-20,0.0160,24.8709,26.4267,-1.8227
2025-06-23,0.0115,23.0574,25.9331,-1.8699
2025-06-24,0.0065,22.4841,24.9966,-1.9697
2025-06-25,0.0126,22.0745,24.6948,-1.9855
2025-06-26,0.0118,22.1574,24.3342,-2.0078
2025-06-27,0.0140,22.3455,24.2063,-1.9999
2025-06-30,0.0120,21.3971,23.8997,-2.0136
2025-07-01,0.0232,20.8322,24.6797,-1.8950
2025-07-02,0.0123,20.9229,24.3725,-1.9112
2025-07-03,0.0137,20.6485,24.2176,-1.9080
2025-07-07,0.0088,20.2365,23.6025,-1.9600
2025-07-08,0.0077,19.0035,22.9190,-2.0182
2025-07-09,0.0126,19.3527,22.7487,-2.0147
2025-07-10,0.0125,19.1729,22.5748,-2.0117
2025-07-11,0.0183,19.6124,22.9644,-1.9437
2025-07-14,0.0142,19.6760,22.9351,-1.9262
2025-07-15,0.0131,20.0408,22.8094,-1.9196
2025-07-16,0.0118,19.9190,22.5627,-1.9267
2025-07-17,0.0132,19.9054,22.4649,-1.9168
2025-07-18,0.0114,20.2493,22.2041,-1.9252
2025-07-21,0.0084,20.0804,21.6747,-1.9626
2025-07-22,0.0239,20.6803,22.6506,-1.8336
2025-07-23,0.0129,20.7913,22.5235,-1.8284
2025-07-24,0.0093,20.9995,22.0538,-1.8604
2025-07-25,0.0071,20.5890,21.4114,-1.9103
2025-07-28,0.0074,20.2623,20.8361,-1.9508
2025-07-29,0.0151,20.3477,21.0257,-1.9077
2025-07-30,0.0119,20.3360,20.8952,-1.8995
2025-07-31,0.0233,20.3382,21.8583,-1.7774
2025-08-01,0.0230,21.1426,22.7339,-1.6674
2025-08-04,0.0150,21.2411,22.8014,-1.6435
2025-08-05,0.0167,21.8352,23.0198,-1.6052
2025-08-06,0.0097,21.9846,22.5596,-1.6379
2025-08-07,0.0196,22.5115,23.0746,-1.5721
2025-08-08,0.0106,22.3653,22.6971,-1.6002
2025-08-11,0.0139,22.0352,22.6635,-1.5932
2025-08-12,0.0195,22.4387,23.1606,-1.5330
2025-08-13,0.0176,22.7796,23.4509,-1.4936
2025-08-14,0.0115,22.7580,23.1385,-1.5169
2025-08-15,0.0144,22.8460,23.1171,-1.5087
2025-08-18,0.0078,22.5699,22.4692,-1.5659
2025-08-19,0.0145,23.0316,22.5056,-1.5504
2025-08-20,0.0295,23.4567,23.9673,-1.3846
2025-08-21,0.0125,23.4203,23.7153,-1.4004
2025-08-22,0.0230,24.4593,24.4832,-1.3084
2025-08-25,0.0204,25.4648,24.9620,-1.2474
2025-08-26,0.0127,25.8638,24.6764,-1.2675
2025-08-27,0.0132,25.7186,24.4527,-1.2806
2025-08-28,0.0315,27.2030,25.9869,-1.1089
2025-08-29,0.0146,26.5466,25.8174,-1.1179
2025-09-02,0.0213,26.4210,26.2972,-1.0586
2025-09-03,0.0145,26.3840,26.1042,-1.0707
2025-09-04,0.0093,25.8316,25.4284,-1.1336
2025-09-05,0.0207,26.6672,25.8766,-1.0775
2025-09-08,0.0148,26.3050,25.7362,-1.0847
2025-09-09,0.0167,26.7661,25.7800,-1.0723
2025-09-10,0.0150,26.8485,25.6652,-1.0771
2025-09-11,0.0123,26.3020,25.2937,-1.1088
2025-09-12,0.0086,25.6160,24.5916,-1.1756
2025-09-15,0.0158,25.9382,24.6167,-1.1649
2025-09-16,0.0101,25.6136,24.0976,-1.2125
2025-09-17,0.0179,26.3807,24.3575,-1.1757
2025-09-18,0.0147,26.3913,24.2940,-1.1737
2025-09-19,0.0112,25.0037,23.9000,-1.2071
2025-09-22,0.0259,26.0228,24.9360,-1.0862
2025-09-23,0.0212,25.8889,25.4619,-1.0209
2025-09-24,0.0145,25.4358,25.3111,-1.0291
2025-09-25,0.0262,26.4536,26.2871,-0.9158
2025-09-26,0.0193,26.9150,26.5480,-0.8804
2025-09-29,0.0134,25.5481,26.2342,-0.9073
2025-09-30,0.0166,25.7019,26.2437,-0.8991
2025-10-01,0.0147,25.2008,26.0665,-0.9112
2025-10-02,0.0109,24.9262,25.5414,-0.9608
2025-10-03,0.0180,25.5813,25.7248,-0.9336
2025-10-06,0.0149,25.1398,25.5990,-0.9399
2025-10-07,0.0188,25.4375,25.8503,-0.9057
2025-10-08,0.0079,24.7712,25.0477,-0.9851
2025-10-09,0.0155,24.8049,25.0194,-0.9806
2025-10-10,0.0376,26.7233,27.1037,-0.7497
2025-10-13,0.0156,27.2525,26.9599,-0.7597
2025-10-14,0.0114,26.9258,26.4311,-0.8111
2025-10-15,0.0243,28.0005,27.1574,-0.7281
2025-10-16,0.0136,27.6747,26.8231,-0.7595
2025-10-17,0.0133,27.5730,26.4836,-0.7905
2025-10-20,0.0133,27.7320,26.1585,-0.8196
2025-10-21,0.0102,26.5463,25.5651,-0.8773
2025-10-22,0.0261,26.9116,26.5136,-0.7707
2025-10-23,0.0111,26.6603,25.9830,-0.8226
2025-10-24,0.0128,25.6456,25.6401,-0.8545
2025-10-27,0.0123,25.1195,25.2769,-0.8881
2025-10-28,0.0314,26.4781,26.7512,-0.7271
2025-10-29,0.0250,27.1093,27.5251,-0.6417
2025-10-30,0.0150,27.1323,27.3000,-0.6630
2025-10-31,0.0164,27.5482,27.2248,-0.6685
